source,id,stakeholder,norm_type,formula_type,nl_norm,formula,parser_valid,expected_pattern,auto_semantic_score,auto_error_type,ast_node_count,ast_depth,ast_predicate_count
baseline,USER001,User,prohibition,implication,Children should not receive energy drink recommendations,"∀x.∀y.child(x)∧energyDrink(y)->F(recommend(System,y,x))",True,True,2,none,8,5,3
baseline,USER001,User,prohibition,dyadic,Children should not receive energy drink recommendations,"∀x.∀y.F(recommend(System,y,x)|child(x)∧energyDrink(y))",True,True,2,none,7,5,3
baseline,USER002,User,prohibition,implication,Children should not receive high sugar product recommendations,"∀x.∀y.child(x)∧highSugarProduct(y)->F(recommend(System,y,x))",True,True,2,none,8,5,3
baseline,USER002,User,prohibition,dyadic,Children should not receive high sugar product recommendations,"∀x.∀y.F(recommend(System,y,x)|child(x)∧highSugarProduct(y))",True,True,2,none,7,5,3
baseline,USER003,User,obligation,implication,Children should receive healthy meal recommendations,"∀x.∀y.child(x)∧healthyMeal(y)->O(recommend(System,y,x))",True,True,2,none,8,5,3
baseline,USER003,User,obligation,dyadic,Children should receive healthy meal recommendations,"∀x.∀y.O(recommend(System,y,x)|child(x)∧healthyMeal(y))",True,True,2,none,7,5,3
baseline,USER004,User,permission,implication,Children may receive mild meal recommendations,"∀x.∀y.child(x)∧mildMeal(y)->P(recommend(System,y,x))",True,True,2,none,8,5,3
baseline,USER004,User,permission,dyadic,Children may receive mild meal recommendations,"∀x.∀y.P(recommend(System,y,x)|child(x)∧mildMeal(y))",True,True,2,none,7,5,3
baseline,USER005,User,prohibition,implication,Children should not receive ultra processed food recommendations,"∀x.∀y.child(x)∧ultraProcessedFood(y)->F(recommend(System,y,x))",True,True,2,none,8,5,3
baseline,USER005,User,prohibition,dyadic,Children should not receive ultra processed food recommendations,"∀x.∀y.F(recommend(System,y,x)|child(x)∧ultraProcessedFood(y))",True,True,2,none,7,5,3
baseline,USER006,User,obligation,implication,Diabetic users should receive low sugar food recommendations,"∀x.∀y.diabetic(x)∧lowSugarFood(y)->O(recommend(System,y,x))",True,True,2,none,8,5,3
baseline,USER006,User,obligation,dyadic,Diabetic users should receive low sugar food recommendations,"∀x.∀y.O(recommend(System,y,x)|diabetic(x)∧lowSugarFood(y))",True,True,2,none,7,5,3
baseline,USER007,User,prohibition,implication,Diabetic users should not receive sugary snack recommendations,"∀x.∀y.diabetic(x)∧sugarySnack(y)->F(recommend(System,y,x))",True,True,2,none,8,5,3
baseline,USER007,User,prohibition,dyadic,Diabetic users should not receive sugary snack recommendations,"∀x.∀y.F(recommend(System,y,x)|diabetic(x)∧sugarySnack(y))",True,True,2,none,7,5,3
baseline,USER008,User,permission,implication,Diabetic users may receive certified healthy meal recommendations,"∀x.∀y.diabetic(x)∧healthyMeal(y)∧certifiedHealthy(y)->P(recommend(System,y,x))",True,True,2,none,10,6,4
baseline,USER008,User,permission,dyadic,Diabetic users may receive certified healthy meal recommendations,"∀x.∀y.P(recommend(System,y,x)|diabetic(x)∧healthyMeal(y)∧certifiedHealthy(y))",True,True,2,none,9,6,4
baseline,USER009,User,prohibition,implication,Diabetic users should not receive energy drinks that are high sugar products,"∀x.∀y.diabetic(x)∧energyDrink(y)∧highSugarProduct(y)->F(recommend(System,y,x))",True,True,2,none,10,6,4
baseline,USER009,User,prohibition,dyadic,Diabetic users should not receive energy drinks that are high sugar products,"∀x.∀y.F(recommend(System,y,x)|diabetic(x)∧energyDrink(y)∧highSugarProduct(y))",True,True,2,none,9,6,4
baseline,USER010,User,obligation,implication,Diabetic users should receive affordable low sugar food recommendations,"∀x.∀y.diabetic(x)∧lowSugarFood(y)∧affordableMeal(y)->O(recommend(System,y,x))",True,True,2,none,10,6,4
baseline,USER010,User,obligation,dyadic,Diabetic users should receive affordable low sugar food recommendations,"∀x.∀y.O(recommend(System,y,x)|diabetic(x)∧lowSugarFood(y)∧affordableMeal(y))",True,True,2,none,9,6,4
baseline,USER011,User,obligation,implication,Hypertensive users should receive low salt food recommendations,"∀x.∀y.hypertensive(x)∧lowSaltFood(y)->O(recommend(System,y,x))",True,True,2,none,8,5,3
baseline,USER011,User,obligation,dyadic,Hypertensive users should receive low salt food recommendations,"∀x.∀y.O(recommend(System,y,x)|hypertensive(x)∧lowSaltFood(y))",True,True,2,none,7,5,3
baseline,USER012,User,prohibition,implication,Hypertensive users should not receive salty snack recommendations,"∀x.∀y.hypertensive(x)∧saltySnack(y)->F(recommend(System,y,x))",True,True,2,none,8,5,3
baseline,USER012,User,prohibition,dyadic,Hypertensive users should not receive salty snack recommendations,"∀x.∀y.F(recommend(System,y,x)|hypertensive(x)∧saltySnack(y))",True,True,2,none,7,5,3
baseline,USER013,User,permission,implication,Hypertensive users may receive healthy low salt meal recommendations,"∀x.∀y.hypertensive(x)∧healthyMeal(y)∧lowSaltFood(y)->P(recommend(System,y,x))",True,True,2,none,10,6,4
baseline,USER013,User,permission,dyadic,Hypertensive users may receive healthy low salt meal recommendations,"∀x.∀y.P(recommend(System,y,x)|hypertensive(x)∧healthyMeal(y)∧lowSaltFood(y))",True,True,2,none,9,6,4
baseline,USER014,User,prohibition,implication,Users requiring low salt food should not receive high salt products,"∀x.∀y.requiresLowSalt(x)∧highSaltProduct(y)->F(recommend(System,y,x))",True,True,2,none,8,5,3
baseline,USER014,User,prohibition,dyadic,Users requiring low salt food should not receive high salt products,"∀x.∀y.F(recommend(System,y,x)|requiresLowSalt(x)∧highSaltProduct(y))",True,True,2,none,7,5,3
baseline,USER015,User,obligation,implication,Users requiring low salt food should receive low salt alternatives,"∀x.∀y.requiresLowSalt(x)∧lowSaltFood(y)->O(recommend(System,y,x))",True,True,2,none,8,5,3
baseline,USER015,User,obligation,dyadic,Users requiring low salt food should receive low salt alternatives,"∀x.∀y.O(recommend(System,y,x)|requiresLowSalt(x)∧lowSaltFood(y))",True,True,2,none,7,5,3
baseline,USER016,User,obligation,implication,Pregnant users should receive safe meal recommendations,"∀x.∀y.pregnant(x)∧safeForPregnantUsers(y)->O(recommend(System,y,x))",True,True,2,none,8,5,3
baseline,USER016,User,obligation,dyadic,Pregnant users should receive safe meal recommendations,"∀x.∀y.O(recommend(System,y,x)|pregnant(x)∧safeForPregnantUsers(y))",True,True,2,none,7,5,3
baseline,USER017,User,prohibition,implication,Pregnant users should not receive energy drink recommendations,"∀x.∀y.pregnant(x)∧energyDrink(y)->F(recommend(System,y,x))",True,True,2,none,8,5,3
baseline,USER017,User,prohibition,dyadic,Pregnant users should not receive energy drink recommendations,"∀x.∀y.F(recommend(System,y,x)|pregnant(x)∧energyDrink(y))",True,True,2,none,7,5,3
baseline,USER018,User,permission,implication,Pregnant users may receive mild healthy meal recommendations,"∀x.∀y.pregnant(x)∧mildMeal(y)∧healthyMeal(y)->P(recommend(System,y,x))",True,True,2,none,10,6,4
baseline,USER018,User,permission,dyadic,Pregnant users may receive mild healthy meal recommendations,"∀x.∀y.P(recommend(System,y,x)|pregnant(x)∧mildMeal(y)∧healthyMeal(y))",True,True,2,none,9,6,4
baseline,USER019,User,prohibition,implication,Pregnant users should not receive products requiring safety warnings,"∀x.∀y.pregnant(x)∧requiresWarning(y)->F(recommend(System,y,x))",True,True,2,none,8,5,3
baseline,USER019,User,prohibition,dyadic,Pregnant users should not receive products requiring safety warnings,"∀x.∀y.F(recommend(System,y,x)|pregnant(x)∧requiresWarning(y))",True,True,2,none,7,5,3
baseline,USER020,User,obligation,implication,Pregnant users should receive affordable healthy meal recommendations,"∀x.∀y.pregnant(x)∧healthyMeal(y)∧affordableMeal(y)->O(recommend(System,y,x))",True,True,2,none,10,6,4
baseline,USER020,User,obligation,dyadic,Pregnant users should receive affordable healthy meal recommendations,"∀x.∀y.O(recommend(System,y,x)|pregnant(x)∧healthyMeal(y)∧affordableMeal(y))",True,True,2,none,9,6,4
baseline,USER021,User,obligation,implication,Elderly users should receive healthy meal recommendations,"∀x.∀y.elderly(x)∧healthyMeal(y)->O(recommend(System,y,x))",True,True,2,none,8,5,3
baseline,USER021,User,obligation,dyadic,Elderly users should receive healthy meal recommendations,"∀x.∀y.O(recommend(System,y,x)|elderly(x)∧healthyMeal(y))",True,True,2,none,7,5,3
baseline,USER022,User,prohibition,implication,Elderly users should not receive high salt product recommendations,"∀x.∀y.elderly(x)∧highSaltProduct(y)->F(recommend(System,y,x))",True,True,2,none,8,5,3
baseline,USER022,User,prohibition,dyadic,Elderly users should not receive high salt product recommendations,"∀x.∀y.F(recommend(System,y,x)|elderly(x)∧highSaltProduct(y))",True,True,2,none,7,5,3
baseline,USER023,User,permission,implication,Elderly users may receive low sugar food recommendations,"∀x.∀y.elderly(x)∧lowSugarFood(y)->P(recommend(System,y,x))",True,True,2,none,8,5,3
baseline,USER023,User,permission,dyadic,Elderly users may receive low sugar food recommendations,"∀x.∀y.P(recommend(System,y,x)|elderly(x)∧lowSugarFood(y))",True,True,2,none,7,5,3
baseline,USER024,User,obligation,implication,Elderly users should receive affordable meal recommendations,"∀x.∀y.elderly(x)∧affordableMeal(y)->O(recommend(System,y,x))",True,True,2,none,8,5,3
baseline,USER024,User,obligation,dyadic,Elderly users should receive affordable meal recommendations,"∀x.∀y.O(recommend(System,y,x)|elderly(x)∧affordableMeal(y))",True,True,2,none,7,5,3
baseline,USER025,User,prohibition,implication,Elderly users should not receive ultra processed food recommendations,"∀x.∀y.elderly(x)∧ultraProcessedFood(y)->F(recommend(System,y,x))",True,True,2,none,8,5,3
baseline,USER025,User,prohibition,dyadic,Elderly users should not receive ultra processed food recommendations,"∀x.∀y.F(recommend(System,y,x)|elderly(x)∧ultraProcessedFood(y))",True,True,2,none,7,5,3
baseline,USER026,User,prohibition,implication,Users allergic to nuts should not receive products containing nuts,"∀x.∀y.allergicTo(x,Nuts)∧contains(y,Nuts)->F(recommend(System,y,x))",True,True,2,none,8,5,3
baseline,USER026,User,prohibition,dyadic,Users allergic to nuts should not receive products containing nuts,"∀x.∀y.F(recommend(System,y,x)|allergicTo(x,Nuts)∧contains(y,Nuts))",True,True,2,none,7,5,3
baseline,USER027,User,prohibition,implication,Users allergic to shellfish should not receive products containing shellfish,"∀x.∀y.allergicTo(x,Shellfish)∧contains(y,Shellfish)->F(recommend(System,y,x))",True,True,2,none,8,5,3
baseline,USER027,User,prohibition,dyadic,Users allergic to shellfish should not receive products containing shellfish,"∀x.∀y.F(recommend(System,y,x)|allergicTo(x,Shellfish)∧contains(y,Shellfish))",True,True,2,none,7,5,3
baseline,USER028,User,obligation,implication,Users allergic to nuts should receive nut free meal recommendations,"∀x.∀y.allergicTo(x,Nuts)∧nutFreeMeal(y)->O(recommend(System,y,x))",True,True,2,none,8,5,3
baseline,USER028,User,obligation,dyadic,Users allergic to nuts should receive nut free meal recommendations,"∀x.∀y.O(recommend(System,y,x)|allergicTo(x,Nuts)∧nutFreeMeal(y))",True,True,2,none,7,5,3
baseline,USER029,User,permission,implication,Users allergic to shellfish may receive shellfish free meal recommendations,"∀x.∀y.allergicTo(x,Shellfish)∧shellfishFreeMeal(y)->P(recommend(System,y,x))",True,True,2,none,8,5,3
baseline,USER029,User,permission,dyadic,Users allergic to shellfish may receive shellfish free meal recommendations,"∀x.∀y.P(recommend(System,y,x)|allergicTo(x,Shellfish)∧shellfishFreeMeal(y))",True,True,2,none,7,5,3
baseline,USER030,User,obligation,implication,Users allergic to nuts or shellfish should receive allergen safe meal recommendations,"∀x.∀y.allergicTo(x,Nuts)∨allergicTo(x,Shellfish)∧allergenSafeMeal(y)->O(recommend(System,y,x))",True,True,1,partial_concept_overlap,10,6,4
baseline,USER030,User,obligation,dyadic,Users allergic to nuts or shellfish should receive allergen safe meal recommendations,"∀x.∀y.O(recommend(System,y,x)|allergicTo(x,Nuts)∨allergicTo(x,Shellfish)∧allergenSafeMeal(y))",True,True,1,partial_concept_overlap,9,6,4
baseline,USER031,User,prohibition,implication,Vegan users should not receive non vegan meal recommendations,"∀x.∀y.vegan(x)∧nonVegan(y)->F(recommend(System,y,x))",True,True,2,none,8,5,3
baseline,USER031,User,prohibition,dyadic,Vegan users should not receive non vegan meal recommendations,"∀x.∀y.F(recommend(System,y,x)|vegan(x)∧nonVegan(y))",True,True,2,none,7,5,3
baseline,USER032,User,obligation,implication,Vegan users should receive vegan meal recommendations,"∀x.∀y.vegan(x)∧veganMeal(y)->O(recommend(System,y,x))",True,True,2,none,8,5,3
baseline,USER032,User,obligation,dyadic,Vegan users should receive vegan meal recommendations,"∀x.∀y.O(recommend(System,y,x)|vegan(x)∧veganMeal(y))",True,True,2,none,7,5,3
baseline,USER033,User,permission,implication,Vegan users may receive plant based meal recommendations,"∀x.∀y.vegan(x)∧plantBasedMeal(y)->P(recommend(System,y,x))",True,True,2,none,8,5,3
baseline,USER033,User,permission,dyadic,Vegan users may receive plant based meal recommendations,"∀x.∀y.P(recommend(System,y,x)|vegan(x)∧plantBasedMeal(y))",True,True,2,none,7,5,3
baseline,USER034,User,prohibition,implication,Vegan users should not receive dairy meal recommendations,"∀x.∀y.vegan(x)∧dairyMeal(y)->F(recommend(System,y,x))",True,True,2,none,8,5,3
baseline,USER034,User,prohibition,dyadic,Vegan users should not receive dairy meal recommendations,"∀x.∀y.F(recommend(System,y,x)|vegan(x)∧dairyMeal(y))",True,True,2,none,7,5,3
baseline,USER035,User,obligation,implication,Vegan users should receive sustainable vegan meal recommendations,"∀x.∀y.vegan(x)∧veganMeal(y)∧sustainable(y)->O(recommend(System,y,x))",True,True,2,none,10,6,4
baseline,USER035,User,obligation,dyadic,Vegan users should receive sustainable vegan meal recommendations,"∀x.∀y.O(recommend(System,y,x)|vegan(x)∧veganMeal(y)∧sustainable(y))",True,True,2,none,9,6,4
baseline,USER036,User,prohibition,implication,Vegetarian users should not receive meat meal recommendations,"∀x.∀y.vegetarian(x)∧meatMeal(y)->F(recommend(System,y,x))",True,True,2,none,8,5,3
baseline,USER036,User,prohibition,dyadic,Vegetarian users should not receive meat meal recommendations,"∀x.∀y.F(recommend(System,y,x)|vegetarian(x)∧meatMeal(y))",True,True,2,none,7,5,3
baseline,USER037,User,obligation,implication,Vegetarian users should receive vegetarian meal recommendations,"∀x.∀y.vegetarian(x)∧vegetarianMeal(y)->O(recommend(System,y,x))",True,True,2,none,8,5,3
baseline,USER037,User,obligation,dyadic,Vegetarian users should receive vegetarian meal recommendations,"∀x.∀y.O(recommend(System,y,x)|vegetarian(x)∧vegetarianMeal(y))",True,True,2,none,7,5,3
baseline,USER038,User,permission,implication,Vegetarian users may receive plant based meal recommendations,"∀x.∀y.vegetarian(x)∧plantBasedMeal(y)->P(recommend(System,y,x))",True,True,2,none,8,5,3
baseline,USER038,User,permission,dyadic,Vegetarian users may receive plant based meal recommendations,"∀x.∀y.P(recommend(System,y,x)|vegetarian(x)∧plantBasedMeal(y))",True,True,2,none,7,5,3
baseline,USER039,User,prohibition,implication,Vegetarian users should not receive non vegetarian products,"∀x.∀y.vegetarian(x)∧nonVegetarian(y)->F(recommend(System,y,x))",True,True,2,none,8,5,3
baseline,USER039,User,prohibition,dyadic,Vegetarian users should not receive non vegetarian products,"∀x.∀y.F(recommend(System,y,x)|vegetarian(x)∧nonVegetarian(y))",True,True,2,none,7,5,3
baseline,USER040,User,obligation,implication,Vegetarian users should receive affordable vegetarian meals,"∀x.∀y.vegetarian(x)∧vegetarianMeal(y)∧affordableMeal(y)->O(recommend(System,y,x))",True,True,2,none,10,6,4
baseline,USER040,User,obligation,dyadic,Vegetarian users should receive affordable vegetarian meals,"∀x.∀y.O(recommend(System,y,x)|vegetarian(x)∧vegetarianMeal(y)∧affordableMeal(y))",True,True,2,none,9,6,4
baseline,USER041,User,obligation,implication,Users requiring halal food should receive certified halal meal recommendations,"∀x.∀y.requiresHalal(x)∧halalMeal(y)∧certifiedHalal(y)->O(recommend(System,y,x))",True,True,2,none,10,6,4
baseline,USER041,User,obligation,dyadic,Users requiring halal food should receive certified halal meal recommendations,"∀x.∀y.O(recommend(System,y,x)|requiresHalal(x)∧halalMeal(y)∧certifiedHalal(y))",True,True,2,none,9,6,4
baseline,USER042,User,prohibition,implication,Users requiring halal food should not receive non halal meal recommendations,"∀x.∀y.requiresHalal(x)∧nonHalal(y)->F(recommend(System,y,x))",True,True,2,none,8,5,3
baseline,USER042,User,prohibition,dyadic,Users requiring halal food should not receive non halal meal recommendations,"∀x.∀y.F(recommend(System,y,x)|requiresHalal(x)∧nonHalal(y))",True,True,2,none,7,5,3
baseline,USER043,User,permission,implication,Users requiring halal food may receive verified halal products,"∀x.∀y.requiresHalal(x)∧verifiedHalal(y)->P(recommend(System,y,x))",True,True,2,none,8,5,3
baseline,USER043,User,permission,dyadic,Users requiring halal food may receive verified halal products,"∀x.∀y.P(recommend(System,y,x)|requiresHalal(x)∧verifiedHalal(y))",True,True,2,none,7,5,3
baseline,USER044,User,prohibition,implication,Users requiring halal food should not receive products with uncertain halal status,"∀x.∀y.requiresHalal(x)∧uncertainHalalStatus(y)->F(recommend(System,y,x))",True,True,2,none,8,5,3
baseline,USER044,User,prohibition,dyadic,Users requiring halal food should not receive products with uncertain halal status,"∀x.∀y.F(recommend(System,y,x)|requiresHalal(x)∧uncertainHalalStatus(y))",True,True,2,none,7,5,3
baseline,USER045,User,permission,implication,Users preferring halal food may receive halal meal recommendations,"∀x.∀y.prefers(x,y)∧halalMeal(y)->P(recommend(System,y,x))",True,True,2,none,8,5,3
baseline,USER045,User,permission,dyadic,Users preferring halal food may receive halal meal recommendations,"∀x.∀y.P(recommend(System,y,x)|prefers(x,y)∧halalMeal(y))",True,True,2,none,7,5,3
baseline,USER046,User,obligation,implication,Users requiring kosher food should receive certified kosher meal recommendations,"∀x.∀y.requiresKosher(x)∧kosherMeal(y)∧certifiedKosher(y)->O(recommend(System,y,x))",True,True,2,none,10,6,4
baseline,USER046,User,obligation,dyadic,Users requiring kosher food should receive certified kosher meal recommendations,"∀x.∀y.O(recommend(System,y,x)|requiresKosher(x)∧kosherMeal(y)∧certifiedKosher(y))",True,True,2,none,9,6,4
baseline,USER047,User,prohibition,implication,Users requiring kosher food should not receive non kosher meal recommendations,"∀x.∀y.requiresKosher(x)∧nonKosher(y)->F(recommend(System,y,x))",True,True,2,none,8,5,3
baseline,USER047,User,prohibition,dyadic,Users requiring kosher food should not receive non kosher meal recommendations,"∀x.∀y.F(recommend(System,y,x)|requiresKosher(x)∧nonKosher(y))",True,True,2,none,7,5,3
baseline,USER048,User,permission,implication,Users requiring kosher food may receive verified kosher products,"∀x.∀y.requiresKosher(x)∧verifiedKosher(y)->P(recommend(System,y,x))",True,True,2,none,8,5,3
baseline,USER048,User,permission,dyadic,Users requiring kosher food may receive verified kosher products,"∀x.∀y.P(recommend(System,y,x)|requiresKosher(x)∧verifiedKosher(y))",True,True,2,none,7,5,3
baseline,USER049,User,prohibition,implication,Users requiring kosher food should not receive products with uncertain kosher status,"∀x.∀y.requiresKosher(x)∧uncertainKosherStatus(y)->F(recommend(System,y,x))",True,True,2,none,8,5,3
baseline,USER049,User,prohibition,dyadic,Users requiring kosher food should not receive products with uncertain kosher status,"∀x.∀y.F(recommend(System,y,x)|requiresKosher(x)∧uncertainKosherStatus(y))",True,True,2,none,7,5,3
baseline,USER050,User,permission,implication,Users preferring kosher food may receive kosher meal recommendations,"∀x.∀y.prefers(x,y)∧kosherMeal(y)->P(recommend(System,y,x))",True,True,2,none,8,5,3
baseline,USER050,User,permission,dyadic,Users preferring kosher food may receive kosher meal recommendations,"∀x.∀y.P(recommend(System,y,x)|prefers(x,y)∧kosherMeal(y))",True,True,2,none,7,5,3
baseline,USER051,User,obligation,implication,Gluten sensitive users should receive certified gluten free meal recommendations,"∀x.∀y.glutenSensitive(x)∧glutenFreeMeal(y)∧certifiedGlutenFree(y)->O(recommend(System,y,x))",True,True,2,none,10,6,4
baseline,USER051,User,obligation,dyadic,Gluten sensitive users should receive certified gluten free meal recommendations,"∀x.∀y.O(recommend(System,y,x)|glutenSensitive(x)∧glutenFreeMeal(y)∧certifiedGlutenFree(y))",True,True,2,none,9,6,4
baseline,USER052,User,prohibition,implication,Users requiring gluten free food should not receive gluten containing products,"∀x.∀y.requiresGlutenFree(x)∧contains(y,Gluten)->F(recommend(System,y,x))",True,True,2,none,8,5,3
baseline,USER052,User,prohibition,dyadic,Users requiring gluten free food should not receive gluten containing products,"∀x.∀y.F(recommend(System,y,x)|requiresGlutenFree(x)∧contains(y,Gluten))",True,True,2,none,7,5,3
baseline,USER053,User,permission,implication,Users requiring gluten free food may receive certified gluten free products,"∀x.∀y.requiresGlutenFree(x)∧certifiedGlutenFree(y)->P(recommend(System,y,x))",True,True,2,none,8,5,3
baseline,USER053,User,permission,dyadic,Users requiring gluten free food may receive certified gluten free products,"∀x.∀y.P(recommend(System,y,x)|requiresGlutenFree(x)∧certifiedGlutenFree(y))",True,True,2,none,7,5,3
baseline,USER054,User,prohibition,implication,Gluten sensitive users should not receive wheat meal recommendations,"∀x.∀y.glutenSensitive(x)∧wheatMeal(y)->F(recommend(System,y,x))",True,True,1,partial_concept_overlap,8,5,3
baseline,USER054,User,prohibition,dyadic,Gluten sensitive users should not receive wheat meal recommendations,"∀x.∀y.F(recommend(System,y,x)|glutenSensitive(x)∧wheatMeal(y))",True,True,1,partial_concept_overlap,7,5,3
baseline,USER055,User,obligation,implication,Users requiring gluten free food should receive gluten free meal recommendations,"∀x.∀y.requiresGlutenFree(x)∧glutenFreeMeal(y)->O(recommend(System,y,x))",True,True,2,none,8,5,3
baseline,USER055,User,obligation,dyadic,Users requiring gluten free food should receive gluten free meal recommendations,"∀x.∀y.O(recommend(System,y,x)|requiresGlutenFree(x)∧glutenFreeMeal(y))",True,True,2,none,7,5,3
baseline,USER056,User,obligation,implication,Lactose intolerant users should receive certified lactose free meal recommendations,"∀x.∀y.lactoseIntolerant(x)∧lactoseFreeMeal(y)∧certifiedLactoseFree(y)->O(recommend(System,y,x))",True,True,1,partial_concept_overlap,10,6,4
baseline,USER056,User,obligation,dyadic,Lactose intolerant users should receive certified lactose free meal recommendations,"∀x.∀y.O(recommend(System,y,x)|lactoseIntolerant(x)∧lactoseFreeMeal(y)∧certifiedLactoseFree(y))",True,True,1,partial_concept_overlap,9,6,4
baseline,USER057,User,prohibition,implication,Users requiring lactose free food should not receive dairy meal recommendations,"∀x.∀y.requiresLactoseFree(x)∧dairyMeal(y)->F(recommend(System,y,x))",True,True,2,none,8,5,3
baseline,USER057,User,prohibition,dyadic,Users requiring lactose free food should not receive dairy meal recommendations,"∀x.∀y.F(recommend(System,y,x)|requiresLactoseFree(x)∧dairyMeal(y))",True,True,2,none,7,5,3
baseline,USER058,User,permission,implication,Users requiring lactose free food may receive lactose free products,"∀x.∀y.requiresLactoseFree(x)∧lactoseFreeMeal(y)->P(recommend(System,y,x))",True,True,0,semantic_mismatch_possible,8,5,3
baseline,USER058,User,permission,dyadic,Users requiring lactose free food may receive lactose free products,"∀x.∀y.P(recommend(System,y,x)|requiresLactoseFree(x)∧lactoseFreeMeal(y))",True,True,0,semantic_mismatch_possible,7,5,3
baseline,USER059,User,prohibition,implication,Lactose intolerant users should not receive products containing lactose,"∀x.∀y.lactoseIntolerant(x)∧contains(y,Lactose)->F(recommend(System,y,x))",True,True,2,none,8,5,3
baseline,USER059,User,prohibition,dyadic,Lactose intolerant users should not receive products containing lactose,"∀x.∀y.F(recommend(System,y,x)|lactoseIntolerant(x)∧contains(y,Lactose))",True,True,2,none,7,5,3
baseline,USER060,User,obligation,implication,Users requiring lactose free food should receive certified lactose free products,"∀x.∀y.requiresLactoseFree(x)∧certifiedLactoseFree(y)->O(recommend(System,y,x))",True,True,1,partial_concept_overlap,8,5,3
baseline,USER060,User,obligation,dyadic,Users requiring lactose free food should receive certified lactose free products,"∀x.∀y.O(recommend(System,y,x)|requiresLactoseFree(x)∧certifiedLactoseFree(y))",True,True,1,partial_concept_overlap,7,5,3
baseline,USER061,User,obligation,implication,Users preferring organic food should receive organic food recommendations,"∀x.∀y.prefers(x,y)∧organicFood(y)->O(recommend(System,y,x))",True,True,2,none,8,5,3
baseline,USER061,User,obligation,dyadic,Users preferring organic food should receive organic food recommendations,"∀x.∀y.O(recommend(System,y,x)|prefers(x,y)∧organicFood(y))",True,True,2,none,7,5,3
baseline,USER062,User,obligation,implication,Users preferring sustainable food should receive sustainable meal recommendations,"∀x.∀y.prefers(x,y)∧sustainable(y)->O(recommend(System,y,x))",True,True,2,none,8,5,3
baseline,USER062,User,obligation,dyadic,Users preferring sustainable food should receive sustainable meal recommendations,"∀x.∀y.O(recommend(System,y,x)|prefers(x,y)∧sustainable(y))",True,True,2,none,7,5,3
baseline,USER063,User,obligation,implication,Users preferring affordable food should receive affordable meal recommendations,"∀x.∀y.prefers(x,y)∧affordableMeal(y)->O(recommend(System,y,x))",True,True,2,none,8,5,3
baseline,USER063,User,obligation,dyadic,Users preferring affordable food should receive affordable meal recommendations,"∀x.∀y.O(recommend(System,y,x)|prefers(x,y)∧affordableMeal(y))",True,True,2,none,7,5,3
baseline,USER064,User,prohibition,implication,Users avoiding ultra processed food should not receive ultra processed food recommendations,"∀x.∀y.avoids(x,y)∧ultraProcessedFood(y)->F(recommend(System,y,x))",True,True,0,semantic_mismatch_possible,8,5,3
baseline,USER064,User,prohibition,dyadic,Users avoiding ultra processed food should not receive ultra processed food recommendations,"∀x.∀y.F(recommend(System,y,x)|avoids(x,y)∧ultraProcessedFood(y))",True,True,0,semantic_mismatch_possible,7,5,3
baseline,USER065,User,permission,implication,Users preferring local products may receive local food recommendations,"∀x.∀y.prefers(x,y)∧localProduct(y)->P(recommend(System,y,x))",True,True,2,none,8,5,3
baseline,USER065,User,permission,dyadic,Users preferring local products may receive local food recommendations,"∀x.∀y.P(recommend(System,y,x)|prefers(x,y)∧localProduct(y))",True,True,2,none,7,5,3
baseline,USER066,User,permission,implication,Users preferring spicy food may receive spicy meal recommendations,"∀x.∀y.prefers(x,y)∧spicyMeal(y)->P(recommend(System,y,x))",True,True,2,none,8,5,3
baseline,USER066,User,permission,dyadic,Users preferring spicy food may receive spicy meal recommendations,"∀x.∀y.P(recommend(System,y,x)|prefers(x,y)∧spicyMeal(y))",True,True,2,none,7,5,3
baseline,USER067,User,obligation,implication,Users avoiding spicy food should receive mild meal recommendations,"∀x.∀y.avoids(x,y)∧spicyMeal(y)∧mildMeal(y)->O(recommend(System,y,x))",True,True,2,none,10,6,4
baseline,USER067,User,obligation,dyadic,Users avoiding spicy food should receive mild meal recommendations,"∀x.∀y.O(recommend(System,y,x)|avoids(x,y)∧spicyMeal(y)∧mildMeal(y))",True,True,2,none,9,6,4
baseline,USER068,User,permission,implication,Users preferring mild food may receive mild meal recommendations,"∀x.∀y.prefers(x,y)∧mildMeal(y)->P(recommend(System,y,x))",True,True,2,none,8,5,3
baseline,USER068,User,permission,dyadic,Users preferring mild food may receive mild meal recommendations,"∀x.∀y.P(recommend(System,y,x)|prefers(x,y)∧mildMeal(y))",True,True,2,none,7,5,3
baseline,USER069,User,prohibition,implication,Users avoiding sugary snacks should not receive sugary snack recommendations,"∀x.∀y.avoids(x,y)∧sugarySnack(y)->F(recommend(System,y,x))",True,True,2,none,8,5,3
baseline,USER069,User,prohibition,dyadic,Users avoiding sugary snacks should not receive sugary snack recommendations,"∀x.∀y.F(recommend(System,y,x)|avoids(x,y)∧sugarySnack(y))",True,True,2,none,7,5,3
baseline,USER070,User,prohibition,implication,Users avoiding salty snacks should not receive salty snack recommendations,"∀x.∀y.avoids(x,y)∧saltySnack(y)->F(recommend(System,y,x))",True,True,2,none,8,5,3
baseline,USER070,User,prohibition,dyadic,Users avoiding salty snacks should not receive salty snack recommendations,"∀x.∀y.F(recommend(System,y,x)|avoids(x,y)∧saltySnack(y))",True,True,2,none,7,5,3
baseline,USER071,User,obligation,implication,Users preferring Mediterranean cuisine should receive Mediterranean meal recommendations,"∀x.∀y.prefers(x,y)∧mediterraneanMeal(y)->O(recommend(System,y,x))",True,True,2,none,8,5,3
baseline,USER071,User,obligation,dyadic,Users preferring Mediterranean cuisine should receive Mediterranean meal recommendations,"∀x.∀y.O(recommend(System,y,x)|prefers(x,y)∧mediterraneanMeal(y))",True,True,2,none,7,5,3
baseline,USER072,User,permission,implication,Users preferring Asian cuisine may receive Asian meal recommendations,"∀x.∀y.prefers(x,y)∧asianMeal(y)->P(recommend(System,y,x))",True,True,2,none,8,5,3
baseline,USER072,User,permission,dyadic,Users preferring Asian cuisine may receive Asian meal recommendations,"∀x.∀y.P(recommend(System,y,x)|prefers(x,y)∧asianMeal(y))",True,True,2,none,7,5,3
baseline,USER073,User,obligation,implication,Users preferring affordable Mediterranean meals should receive affordable Mediterranean recommendations,"∀x.∀y.prefers(x,y)∧mediterraneanMeal(y)∧affordableMeal(y)->O(recommend(System,y,x))",True,True,2,none,10,6,4
baseline,USER073,User,obligation,dyadic,Users preferring affordable Mediterranean meals should receive affordable Mediterranean recommendations,"∀x.∀y.O(recommend(System,y,x)|prefers(x,y)∧mediterraneanMeal(y)∧affordableMeal(y))",True,True,2,none,9,6,4
baseline,USER074,User,permission,implication,Users preferring sustainable Asian meals may receive sustainable Asian recommendations,"∀x.∀y.prefers(x,y)∧asianMeal(y)∧sustainable(y)->P(recommend(System,y,x))",True,True,2,none,10,6,4
baseline,USER074,User,permission,dyadic,Users preferring sustainable Asian meals may receive sustainable Asian recommendations,"∀x.∀y.P(recommend(System,y,x)|prefers(x,y)∧asianMeal(y)∧sustainable(y))",True,True,2,none,9,6,4
baseline,USER075,User,prohibition,implication,Users avoiding shellfish meals should not receive shellfish meal recommendations,"∀x.∀y.avoids(x,y)∧shellfishMeal(y)->F(recommend(System,y,x))",True,True,2,none,8,5,3
baseline,USER075,User,prohibition,dyadic,Users avoiding shellfish meals should not receive shellfish meal recommendations,"∀x.∀y.F(recommend(System,y,x)|avoids(x,y)∧shellfishMeal(y))",True,True,2,none,7,5,3
baseline,USER076,User,permission,implication,Adult users may receive energy drink recommendations,"∀x.∀y.adult(x)∧energyDrink(y)->P(recommend(System,y,x))",True,True,2,none,8,5,3
baseline,USER076,User,permission,dyadic,Adult users may receive energy drink recommendations,"∀x.∀y.P(recommend(System,y,x)|adult(x)∧energyDrink(y))",True,True,2,none,7,5,3
baseline,USER077,User,permission,implication,Adult users may receive spicy meal recommendations,"∀x.∀y.adult(x)∧spicyMeal(y)->P(recommend(System,y,x))",True,True,2,none,8,5,3
baseline,USER077,User,permission,dyadic,Adult users may receive spicy meal recommendations,"∀x.∀y.P(recommend(System,y,x)|adult(x)∧spicyMeal(y))",True,True,2,none,7,5,3
baseline,USER078,User,obligation,implication,Adult users should receive nutrition labeled food recommendations when available,"∀x.∀y.adult(x)∧hasNutritionLabel(y)->O(recommend(System,y,x))",True,True,1,partial_concept_overlap,8,5,3
baseline,USER078,User,obligation,dyadic,Adult users should receive nutrition labeled food recommendations when available,"∀x.∀y.O(recommend(System,y,x)|adult(x)∧hasNutritionLabel(y))",True,True,1,partial_concept_overlap,7,5,3
baseline,USER079,User,prohibition,implication,Adult users avoiding high sugar products should not receive high sugar recommendations,"∀x.∀y.adult(x)∧avoids(x,y)∧highSugarProduct(y)->F(recommend(System,y,x))",True,True,2,none,10,6,4
baseline,USER079,User,prohibition,dyadic,Adult users avoiding high sugar products should not receive high sugar recommendations,"∀x.∀y.F(recommend(System,y,x)|adult(x)∧avoids(x,y)∧highSugarProduct(y))",True,True,2,none,9,6,4
baseline,USER080,User,permission,implication,Adult users preferring organic products may receive organic recommendations,"∀x.∀y.adult(x)∧prefers(x,y)∧organicFood(y)->P(recommend(System,y,x))",True,True,2,none,10,6,4
baseline,USER080,User,permission,dyadic,Adult users preferring organic products may receive organic recommendations,"∀x.∀y.P(recommend(System,y,x)|adult(x)∧prefers(x,y)∧organicFood(y))",True,True,2,none,9,6,4
baseline,USER081,User,obligation,implication,Users with low sugar requirements should receive low sugar food recommendations,"∀x.∀y.requiresLowSugar(x)∧lowSugarFood(y)->O(recommend(System,y,x))",True,True,2,none,8,5,3
baseline,USER081,User,obligation,dyadic,Users with low sugar requirements should receive low sugar food recommendations,"∀x.∀y.O(recommend(System,y,x)|requiresLowSugar(x)∧lowSugarFood(y))",True,True,2,none,7,5,3
baseline,USER082,User,prohibition,implication,Users with low sugar requirements should not receive high sugar products,"∀x.∀y.requiresLowSugar(x)∧highSugarProduct(y)->F(recommend(System,y,x))",True,True,2,none,8,5,3
baseline,USER082,User,prohibition,dyadic,Users with low sugar requirements should not receive high sugar products,"∀x.∀y.F(recommend(System,y,x)|requiresLowSugar(x)∧highSugarProduct(y))",True,True,2,none,7,5,3
baseline,USER083,User,obligation,implication,Users with low salt requirements should receive affordable low salt food recommendations,"∀x.∀y.requiresLowSalt(x)∧lowSaltFood(y)∧affordableMeal(y)->O(recommend(System,y,x))",True,True,2,none,10,6,4
baseline,USER083,User,obligation,dyadic,Users with low salt requirements should receive affordable low salt food recommendations,"∀x.∀y.O(recommend(System,y,x)|requiresLowSalt(x)∧lowSaltFood(y)∧affordableMeal(y))",True,True,2,none,9,6,4
baseline,USER084,User,prohibition,implication,Users with low salt requirements should not receive high salt salty snacks,"∀x.∀y.requiresLowSalt(x)∧highSaltProduct(y)∧saltySnack(y)->F(recommend(System,y,x))",True,True,2,none,10,6,4
baseline,USER084,User,prohibition,dyadic,Users with low salt requirements should not receive high salt salty snacks,"∀x.∀y.F(recommend(System,y,x)|requiresLowSalt(x)∧highSaltProduct(y)∧saltySnack(y))",True,True,2,none,9,6,4
baseline,USER085,User,permission,implication,Users with health goals may receive healthy meal recommendations,"∀x.∀y.hasHealthGoal(x)∧healthyMeal(y)->P(recommend(System,y,x))",True,True,2,none,8,5,3
baseline,USER085,User,permission,dyadic,Users with health goals may receive healthy meal recommendations,"∀x.∀y.P(recommend(System,y,x)|hasHealthGoal(x)∧healthyMeal(y))",True,True,2,none,7,5,3
baseline,USER086,User,obligation,implication,Users preferring protein rich meals should receive protein rich meal recommendations,"∀x.∀y.prefers(x,y)∧proteinRichMeal(y)->O(recommend(System,y,x))",True,True,0,semantic_mismatch_possible,8,5,3
baseline,USER086,User,obligation,dyadic,Users preferring protein rich meals should receive protein rich meal recommendations,"∀x.∀y.O(recommend(System,y,x)|prefers(x,y)∧proteinRichMeal(y))",True,True,0,semantic_mismatch_possible,7,5,3
baseline,USER087,User,prohibition,implication,Users avoiding fried meals should not receive fried meal recommendations,"∀x.∀y.avoids(x,y)∧friedMeal(y)->F(recommend(System,y,x))",True,True,2,none,8,5,3
baseline,USER087,User,prohibition,dyadic,Users avoiding fried meals should not receive fried meal recommendations,"∀x.∀y.F(recommend(System,y,x)|avoids(x,y)∧friedMeal(y))",True,True,2,none,7,5,3
baseline,USER088,User,permission,implication,Users preferring low fat meals may receive low fat meal recommendations,"∀x.∀y.prefers(x,y)∧lowFatMeal(y)->P(recommend(System,y,x))",True,True,0,semantic_mismatch_possible,8,5,3
baseline,USER088,User,permission,dyadic,Users preferring low fat meals may receive low fat meal recommendations,"∀x.∀y.P(recommend(System,y,x)|prefers(x,y)∧lowFatMeal(y))",True,True,0,semantic_mismatch_possible,7,5,3
baseline,USER089,User,obligation,implication,Users requiring heart healthy food should receive heart healthy meal recommendations,"∀x.∀y.requiresHeartHealthy(x)∧heartHealthyMeal(y)->O(recommend(System,y,x))",True,True,0,semantic_mismatch_possible,8,5,3
baseline,USER089,User,obligation,dyadic,Users requiring heart healthy food should receive heart healthy meal recommendations,"∀x.∀y.O(recommend(System,y,x)|requiresHeartHealthy(x)∧heartHealthyMeal(y))",True,True,0,semantic_mismatch_possible,7,5,3
baseline,USER090,User,prohibition,implication,Users avoiding caffeine should not receive caffeinated product recommendations,"∀x.∀y.avoids(x,y)∧caffeinatedProduct(y)->F(recommend(System,y,x))",True,True,2,none,8,5,3
baseline,USER090,User,prohibition,dyadic,Users avoiding caffeine should not receive caffeinated product recommendations,"∀x.∀y.F(recommend(System,y,x)|avoids(x,y)∧caffeinatedProduct(y))",True,True,2,none,7,5,3
baseline,USER091,User,obligation,implication,Users preferring environmentally sustainable products should receive sustainable recommendations,"∀x.∀y.prefers(x,y)∧sustainable(y)∧environmentFriendly(y)->O(recommend(System,y,x))",True,True,2,none,10,6,4
baseline,USER091,User,obligation,dyadic,Users preferring environmentally sustainable products should receive sustainable recommendations,"∀x.∀y.O(recommend(System,y,x)|prefers(x,y)∧sustainable(y)∧environmentFriendly(y))",True,True,2,none,9,6,4
baseline,USER092,User,permission,implication,Users preferring budget meals may receive discounted meal recommendations,"∀x.∀y.prefers(x,y)∧discountedMeal(y)->P(recommend(System,y,x))",True,True,2,none,8,5,3
baseline,USER092,User,permission,dyadic,Users preferring budget meals may receive discounted meal recommendations,"∀x.∀y.P(recommend(System,y,x)|prefers(x,y)∧discountedMeal(y))",True,True,2,none,7,5,3
baseline,USER093,User,prohibition,implication,Users avoiding allergens should not receive products containing undeclared allergens,"∀x.∀y.avoids(x,y)∧containsUndeclaredAllergen(y)->F(recommend(System,y,x))",True,True,2,none,8,5,3
baseline,USER093,User,prohibition,dyadic,Users avoiding allergens should not receive products containing undeclared allergens,"∀x.∀y.F(recommend(System,y,x)|avoids(x,y)∧containsUndeclaredAllergen(y))",True,True,2,none,7,5,3
baseline,USER094,User,obligation,implication,Users requiring certified products should receive certified product recommendations,"∀x.∀y.requiresCertifiedProduct(x)∧certified(y)->O(recommend(System,y,x))",True,True,2,none,8,5,3
baseline,USER094,User,obligation,dyadic,Users requiring certified products should receive certified product recommendations,"∀x.∀y.O(recommend(System,y,x)|requiresCertifiedProduct(x)∧certified(y))",True,True,2,none,7,5,3
baseline,USER095,User,prohibition,implication,Users avoiding non certified products should not receive uncertified recommendations,"∀x.∀y.avoids(x,y)∧¬certified(y)->F(recommend(System,y,x))",True,True,2,none,9,6,3
baseline,USER095,User,prohibition,dyadic,Users avoiding non certified products should not receive uncertified recommendations,"∀x.∀y.F(recommend(System,y,x)|avoids(x,y)∧¬certified(y))",True,True,2,none,8,6,3
baseline,USER096,User,obligation,implication,Users preferring fresh food should receive fresh meal recommendations,"∀x.∀y.prefers(x,y)∧freshMeal(y)->O(recommend(System,y,x))",True,True,2,none,8,5,3
baseline,USER096,User,obligation,dyadic,Users preferring fresh food should receive fresh meal recommendations,"∀x.∀y.O(recommend(System,y,x)|prefers(x,y)∧freshMeal(y))",True,True,2,none,7,5,3
baseline,USER097,User,prohibition,implication,Users avoiding processed meat should not receive processed meat recommendations,"∀x.∀y.avoids(x,y)∧processedMeat(y)->F(recommend(System,y,x))",True,True,2,none,8,5,3
baseline,USER097,User,prohibition,dyadic,Users avoiding processed meat should not receive processed meat recommendations,"∀x.∀y.F(recommend(System,y,x)|avoids(x,y)∧processedMeat(y))",True,True,2,none,7,5,3
baseline,USER098,User,permission,implication,Users preferring plant based meals may receive plant based recommendations,"∀x.∀y.prefers(x,y)∧plantBasedMeal(y)->P(recommend(System,y,x))",True,True,0,semantic_mismatch_possible,8,5,3
baseline,USER098,User,permission,dyadic,Users preferring plant based meals may receive plant based recommendations,"∀x.∀y.P(recommend(System,y,x)|prefers(x,y)∧plantBasedMeal(y))",True,True,0,semantic_mismatch_possible,7,5,3
baseline,USER099,User,obligation,implication,Users with combined low sugar and low salt needs should receive meals satisfying both needs,"∀x.∀y.requiresLowSugar(x)∧requiresLowSalt(x)∧lowSugarFood(y)∧lowSaltFood(y)->O(recommend(System,y,x))",True,True,2,none,12,7,5
baseline,USER099,User,obligation,dyadic,Users with combined low sugar and low salt needs should receive meals satisfying both needs,"∀x.∀y.O(recommend(System,y,x)|requiresLowSugar(x)∧requiresLowSalt(x)∧lowSugarFood(y)∧lowSaltFood(y))",True,True,2,none,11,7,5
baseline,USER100,User,permission,implication,Users preferring seasonal food may receive seasonal meal recommendations,"∀x.∀y.prefers(x,y)∧seasonalMeal(y)->P(recommend(System,y,x))",True,True,2,none,8,5,3
baseline,USER100,User,permission,dyadic,Users preferring seasonal food may receive seasonal meal recommendations,"∀x.∀y.P(recommend(System,y,x)|prefers(x,y)∧seasonalMeal(y))",True,True,2,none,7,5,3
baseline,MINISTRY001,Food Ministry,prohibition,implication,Food Ministry regulation prohibits the recommender from violating this safety rule: Children must not receive products exceeding sugar limits.,"∀x.∀y.child(x)∧exceedsSugarLimit(y)->F(recommend(System,y,x))",True,True,2,none,8,5,3
baseline,MINISTRY001,Food Ministry,prohibition,dyadic,Food Ministry regulation prohibits the recommender from violating this safety rule: Children must not receive products exceeding sugar limits.,"∀x.∀y.F(recommend(System,y,x)|child(x)∧exceedsSugarLimit(y))",True,True,2,none,7,5,3
baseline,MINISTRY002,Food Ministry,prohibition,implication,Food Ministry regulation prohibits the recommender from violating this safety rule: Children must not receive age restricted products.,"∀x.∀y.child(x)∧ageRestrictedProduct(y)->F(recommend(System,y,x))",True,True,1,partial_concept_overlap,8,5,3
baseline,MINISTRY002,Food Ministry,prohibition,dyadic,Food Ministry regulation prohibits the recommender from violating this safety rule: Children must not receive age restricted products.,"∀x.∀y.F(recommend(System,y,x)|child(x)∧ageRestrictedProduct(y))",True,True,1,partial_concept_overlap,7,5,3
baseline,MINISTRY003,Food Ministry,obligation,implication,Food Ministry policy requires the recommender to follow this public-interest rule: Children must receive healthy meal recommendations when available.,"∀x.∀y.child(x)∧healthyMeal(y)∧available(y)->O(recommend(System,y,x))",True,True,2,none,10,6,4
baseline,MINISTRY003,Food Ministry,obligation,dyadic,Food Ministry policy requires the recommender to follow this public-interest rule: Children must receive healthy meal recommendations when available.,"∀x.∀y.O(recommend(System,y,x)|child(x)∧healthyMeal(y)∧available(y))",True,True,2,none,9,6,4
baseline,MINISTRY004,Food Ministry,permission,implication,Food Ministry policy permits the recommender to act under this regulatory condition: Children may receive approved low sugar products.,"∀x.∀y.child(x)∧approvedByMinistry(y)∧lowSugarFood(y)->P(recommend(System,y,x))",True,True,2,none,10,6,4
baseline,MINISTRY004,Food Ministry,permission,dyadic,Food Ministry policy permits the recommender to act under this regulatory condition: Children may receive approved low sugar products.,"∀x.∀y.P(recommend(System,y,x)|child(x)∧approvedByMinistry(y)∧lowSugarFood(y))",True,True,2,none,9,6,4
baseline,MINISTRY005,Food Ministry,prohibition,implication,Food Ministry regulation prohibits the recommender from violating this safety rule: Children must not receive products requiring safety warnings.,"∀x.∀y.child(x)∧requiresWarning(y)->F(recommend(System,y,x))",True,True,2,none,8,5,3
baseline,MINISTRY005,Food Ministry,prohibition,dyadic,Food Ministry regulation prohibits the recommender from violating this safety rule: Children must not receive products requiring safety warnings.,"∀x.∀y.F(recommend(System,y,x)|child(x)∧requiresWarning(y))",True,True,2,none,7,5,3
baseline,MINISTRY006,Food Ministry,obligation,implication,Food Ministry policy requires the recommender to follow this public-interest rule: Diabetic users must receive foods safe for diabetic users.,"∀x.∀y.diabetic(x)∧safeForDiabeticUsers(y)->O(recommend(System,y,x))",True,True,2,none,8,5,3
baseline,MINISTRY006,Food Ministry,obligation,dyadic,Food Ministry policy requires the recommender to follow this public-interest rule: Diabetic users must receive foods safe for diabetic users.,"∀x.∀y.O(recommend(System,y,x)|diabetic(x)∧safeForDiabeticUsers(y))",True,True,2,none,7,5,3
baseline,MINISTRY007,Food Ministry,prohibition,implication,Food Ministry regulation prohibits the recommender from violating this safety rule: Diabetic users must not receive products exceeding sugar limits.,"∀x.∀y.diabetic(x)∧exceedsSugarLimit(y)->F(recommend(System,y,x))",True,True,2,none,8,5,3
baseline,MINISTRY007,Food Ministry,prohibition,dyadic,Food Ministry regulation prohibits the recommender from violating this safety rule: Diabetic users must not receive products exceeding sugar limits.,"∀x.∀y.F(recommend(System,y,x)|diabetic(x)∧exceedsSugarLimit(y))",True,True,2,none,7,5,3
baseline,MINISTRY008,Food Ministry,permission,implication,Food Ministry policy permits the recommender to act under this regulatory condition: Diabetic users may receive approved low sugar foods.,"∀x.∀y.diabetic(x)∧approvedByMinistry(y)∧lowSugarFood(y)->P(recommend(System,y,x))",True,True,2,none,10,6,4
baseline,MINISTRY008,Food Ministry,permission,dyadic,Food Ministry policy permits the recommender to act under this regulatory condition: Diabetic users may receive approved low sugar foods.,"∀x.∀y.P(recommend(System,y,x)|diabetic(x)∧approvedByMinistry(y)∧lowSugarFood(y))",True,True,2,none,9,6,4
baseline,MINISTRY009,Food Ministry,obligation,implication,Food Ministry policy requires the recommender to follow this public-interest rule: Diabetic users must receive foods with nutrition labels.,"∀x.∀y.diabetic(x)∧hasNutritionLabel(y)->O(recommend(System,y,x))",True,True,2,none,8,5,3
baseline,MINISTRY009,Food Ministry,obligation,dyadic,Food Ministry policy requires the recommender to follow this public-interest rule: Diabetic users must receive foods with nutrition labels.,"∀x.∀y.O(recommend(System,y,x)|diabetic(x)∧hasNutritionLabel(y))",True,True,2,none,7,5,3
baseline,MINISTRY010,Food Ministry,prohibition,implication,Food Ministry regulation prohibits the recommender from violating this safety rule: Diabetic users must not receive high sugar products.,"∀x.∀y.diabetic(x)∧highSugarProduct(y)->F(recommend(System,y,x))",True,True,2,none,8,5,3
baseline,MINISTRY010,Food Ministry,prohibition,dyadic,Food Ministry regulation prohibits the recommender from violating this safety rule: Diabetic users must not receive high sugar products.,"∀x.∀y.F(recommend(System,y,x)|diabetic(x)∧highSugarProduct(y))",True,True,2,none,7,5,3
baseline,MINISTRY011,Food Ministry,obligation,implication,Food Ministry policy requires the recommender to follow this public-interest rule: Hypertensive users must receive low salt foods.,"∀x.∀y.hypertensive(x)∧lowSaltFood(y)->O(recommend(System,y,x))",True,True,2,none,8,5,3
baseline,MINISTRY011,Food Ministry,obligation,dyadic,Food Ministry policy requires the recommender to follow this public-interest rule: Hypertensive users must receive low salt foods.,"∀x.∀y.O(recommend(System,y,x)|hypertensive(x)∧lowSaltFood(y))",True,True,2,none,7,5,3
baseline,MINISTRY012,Food Ministry,prohibition,implication,Food Ministry regulation prohibits the recommender from violating this safety rule: Hypertensive users must not receive products exceeding salt limits.,"∀x.∀y.hypertensive(x)∧exceedsSaltLimit(y)->F(recommend(System,y,x))",True,True,2,none,8,5,3
baseline,MINISTRY012,Food Ministry,prohibition,dyadic,Food Ministry regulation prohibits the recommender from violating this safety rule: Hypertensive users must not receive products exceeding salt limits.,"∀x.∀y.F(recommend(System,y,x)|hypertensive(x)∧exceedsSaltLimit(y))",True,True,2,none,7,5,3
baseline,MINISTRY013,Food Ministry,permission,implication,Food Ministry policy permits the recommender to act under this regulatory condition: Hypertensive users may receive approved low salt foods.,"∀x.∀y.hypertensive(x)∧approvedByMinistry(y)∧lowSaltFood(y)->P(recommend(System,y,x))",True,True,2,none,10,6,4
baseline,MINISTRY013,Food Ministry,permission,dyadic,Food Ministry policy permits the recommender to act under this regulatory condition: Hypertensive users may receive approved low salt foods.,"∀x.∀y.P(recommend(System,y,x)|hypertensive(x)∧approvedByMinistry(y)∧lowSaltFood(y))",True,True,2,none,9,6,4
baseline,MINISTRY014,Food Ministry,obligation,implication,Food Ministry policy requires the recommender to follow this public-interest rule: Hypertensive users must receive foods complying with nutrition guidelines.,"∀x.∀y.hypertensive(x)∧compliesWithGuideline(y)->O(recommend(System,y,x))",True,True,2,none,8,5,3
baseline,MINISTRY014,Food Ministry,obligation,dyadic,Food Ministry policy requires the recommender to follow this public-interest rule: Hypertensive users must receive foods complying with nutrition guidelines.,"∀x.∀y.O(recommend(System,y,x)|hypertensive(x)∧compliesWithGuideline(y))",True,True,2,none,7,5,3
baseline,MINISTRY015,Food Ministry,prohibition,implication,Food Ministry regulation prohibits the recommender from violating this safety rule: Hypertensive users must not receive high salt products.,"∀x.∀y.hypertensive(x)∧highSaltProduct(y)->F(recommend(System,y,x))",True,True,2,none,8,5,3
baseline,MINISTRY015,Food Ministry,prohibition,dyadic,Food Ministry regulation prohibits the recommender from violating this safety rule: Hypertensive users must not receive high salt products.,"∀x.∀y.F(recommend(System,y,x)|hypertensive(x)∧highSaltProduct(y))",True,True,2,none,7,5,3
baseline,MINISTRY016,Food Ministry,obligation,implication,Food Ministry policy requires the recommender to follow this public-interest rule: Pregnant users must receive foods safe for pregnant users.,"∀x.∀y.pregnant(x)∧safeForPregnantUsers(y)->O(recommend(System,y,x))",True,True,2,none,8,5,3
baseline,MINISTRY016,Food Ministry,obligation,dyadic,Food Ministry policy requires the recommender to follow this public-interest rule: Pregnant users must receive foods safe for pregnant users.,"∀x.∀y.O(recommend(System,y,x)|pregnant(x)∧safeForPregnantUsers(y))",True,True,2,none,7,5,3
baseline,MINISTRY017,Food Ministry,prohibition,implication,Food Ministry regulation prohibits the recommender from violating this safety rule: Pregnant users must not receive products requiring warnings.,"∀x.∀y.pregnant(x)∧requiresWarning(y)->F(recommend(System,y,x))",True,True,2,none,8,5,3
baseline,MINISTRY017,Food Ministry,prohibition,dyadic,Food Ministry regulation prohibits the recommender from violating this safety rule: Pregnant users must not receive products requiring warnings.,"∀x.∀y.F(recommend(System,y,x)|pregnant(x)∧requiresWarning(y))",True,True,2,none,7,5,3
baseline,MINISTRY018,Food Ministry,permission,implication,Food Ministry policy permits the recommender to act under this regulatory condition: Pregnant users may receive approved healthy meals.,"∀x.∀y.pregnant(x)∧approvedByMinistry(y)∧healthyMeal(y)->P(recommend(System,y,x))",True,True,2,none,10,6,4
baseline,MINISTRY018,Food Ministry,permission,dyadic,Food Ministry policy permits the recommender to act under this regulatory condition: Pregnant users may receive approved healthy meals.,"∀x.∀y.P(recommend(System,y,x)|pregnant(x)∧approvedByMinistry(y)∧healthyMeal(y))",True,True,2,none,9,6,4
baseline,MINISTRY019,Food Ministry,obligation,implication,Food Ministry policy requires the recommender to follow this public-interest rule: Pregnant users must receive products with safety information.,"∀x.∀y.pregnant(x)∧hasSafetyWarning(y)->O(recommend(System,y,x))",True,True,2,none,8,5,3
baseline,MINISTRY019,Food Ministry,obligation,dyadic,Food Ministry policy requires the recommender to follow this public-interest rule: Pregnant users must receive products with safety information.,"∀x.∀y.O(recommend(System,y,x)|pregnant(x)∧hasSafetyWarning(y))",True,True,2,none,7,5,3
baseline,MINISTRY020,Food Ministry,prohibition,implication,Food Ministry regulation prohibits the recommender from violating this safety rule: Pregnant users must not receive unsafe products.,"∀x.∀y.pregnant(x)∧unsafeProduct(y)->F(recommend(System,y,x))",True,True,2,none,8,5,3
baseline,MINISTRY020,Food Ministry,prohibition,dyadic,Food Ministry regulation prohibits the recommender from violating this safety rule: Pregnant users must not receive unsafe products.,"∀x.∀y.F(recommend(System,y,x)|pregnant(x)∧unsafeProduct(y))",True,True,2,none,7,5,3
baseline,MINISTRY021,Food Ministry,obligation,implication,Food Ministry policy requires the recommender to follow this public-interest rule: Elderly users must receive healthy meal recommendations.,"∀x.∀y.elderly(x)∧healthyMeal(y)->O(recommend(System,y,x))",True,True,2,none,8,5,3
baseline,MINISTRY021,Food Ministry,obligation,dyadic,Food Ministry policy requires the recommender to follow this public-interest rule: Elderly users must receive healthy meal recommendations.,"∀x.∀y.O(recommend(System,y,x)|elderly(x)∧healthyMeal(y))",True,True,2,none,7,5,3
baseline,MINISTRY022,Food Ministry,prohibition,implication,Food Ministry regulation prohibits the recommender from violating this safety rule: Elderly users must not receive products exceeding salt limits.,"∀x.∀y.elderly(x)∧exceedsSaltLimit(y)->F(recommend(System,y,x))",True,True,2,none,8,5,3
baseline,MINISTRY022,Food Ministry,prohibition,dyadic,Food Ministry regulation prohibits the recommender from violating this safety rule: Elderly users must not receive products exceeding salt limits.,"∀x.∀y.F(recommend(System,y,x)|elderly(x)∧exceedsSaltLimit(y))",True,True,2,none,7,5,3
baseline,MINISTRY023,Food Ministry,permission,implication,Food Ministry policy permits the recommender to act under this regulatory condition: Elderly users may receive low sugar foods.,"∀x.∀y.elderly(x)∧lowSugarFood(y)->P(recommend(System,y,x))",True,True,2,none,8,5,3
baseline,MINISTRY023,Food Ministry,permission,dyadic,Food Ministry policy permits the recommender to act under this regulatory condition: Elderly users may receive low sugar foods.,"∀x.∀y.P(recommend(System,y,x)|elderly(x)∧lowSugarFood(y))",True,True,2,none,7,5,3
baseline,MINISTRY024,Food Ministry,obligation,implication,Food Ministry policy requires the recommender to follow this public-interest rule: Elderly users must receive affordable healthy foods.,"∀x.∀y.elderly(x)∧affordableMeal(y)∧healthyMeal(y)->O(recommend(System,y,x))",True,True,2,none,10,6,4
baseline,MINISTRY024,Food Ministry,obligation,dyadic,Food Ministry policy requires the recommender to follow this public-interest rule: Elderly users must receive affordable healthy foods.,"∀x.∀y.O(recommend(System,y,x)|elderly(x)∧affordableMeal(y)∧healthyMeal(y))",True,True,2,none,9,6,4
baseline,MINISTRY025,Food Ministry,prohibition,implication,Food Ministry regulation prohibits the recommender from violating this safety rule: Elderly users must not receive high fat products.,"∀x.∀y.elderly(x)∧highFatProduct(y)->F(recommend(System,y,x))",True,True,2,none,8,5,3
baseline,MINISTRY025,Food Ministry,prohibition,dyadic,Food Ministry regulation prohibits the recommender from violating this safety rule: Elderly users must not receive high fat products.,"∀x.∀y.F(recommend(System,y,x)|elderly(x)∧highFatProduct(y))",True,True,2,none,7,5,3
baseline,MINISTRY026,Food Ministry,prohibition,implication,Food Ministry regulation prohibits the recommender from violating this safety rule: Users allergic to nuts must not receive products containing nuts.,"∀x.∀y.allergicTo(x,Nuts)∧contains(y,Nuts)->F(recommend(System,y,x))",True,True,2,none,8,5,3
baseline,MINISTRY026,Food Ministry,prohibition,dyadic,Food Ministry regulation prohibits the recommender from violating this safety rule: Users allergic to nuts must not receive products containing nuts.,"∀x.∀y.F(recommend(System,y,x)|allergicTo(x,Nuts)∧contains(y,Nuts))",True,True,2,none,7,5,3
baseline,MINISTRY027,Food Ministry,prohibition,implication,Food Ministry regulation prohibits the recommender from violating this safety rule: Users allergic to shellfish must not receive products containing shellfish.,"∀x.∀y.allergicTo(x,Shellfish)∧contains(y,Shellfish)->F(recommend(System,y,x))",True,True,2,none,8,5,3
baseline,MINISTRY027,Food Ministry,prohibition,dyadic,Food Ministry regulation prohibits the recommender from violating this safety rule: Users allergic to shellfish must not receive products containing shellfish.,"∀x.∀y.F(recommend(System,y,x)|allergicTo(x,Shellfish)∧contains(y,Shellfish))",True,True,2,none,7,5,3
baseline,MINISTRY028,Food Ministry,obligation,implication,Food Ministry policy requires the recommender to follow this public-interest rule: Allergic users must receive products with allergen labels.,"∀x.∀y.allergicTo(x,Nuts)∧hasAllergenLabel(y)->O(recommend(System,y,x))",True,True,2,none,8,5,3
baseline,MINISTRY028,Food Ministry,obligation,dyadic,Food Ministry policy requires the recommender to follow this public-interest rule: Allergic users must receive products with allergen labels.,"∀x.∀y.O(recommend(System,y,x)|allergicTo(x,Nuts)∧hasAllergenLabel(y))",True,True,2,none,7,5,3
baseline,MINISTRY029,Food Ministry,permission,implication,Food Ministry policy permits the recommender to act under this regulatory condition: Allergic users may receive allergen safe products.,"∀x.∀y.allergicTo(x,Nuts)∧allergenSafeMeal(y)->P(recommend(System,y,x))",True,True,2,none,8,5,3
baseline,MINISTRY029,Food Ministry,permission,dyadic,Food Ministry policy permits the recommender to act under this regulatory condition: Allergic users may receive allergen safe products.,"∀x.∀y.P(recommend(System,y,x)|allergicTo(x,Nuts)∧allergenSafeMeal(y))",True,True,2,none,7,5,3
baseline,MINISTRY030,Food Ministry,obligation,implication,Food Ministry policy requires the recommender to follow this public-interest rule: Users with shellfish allergies must receive shellfish free products.,"∀x.∀y.allergicTo(x,Shellfish)∧shellfishFreeMeal(y)->O(recommend(System,y,x))",True,True,2,none,8,5,3
baseline,MINISTRY030,Food Ministry,obligation,dyadic,Food Ministry policy requires the recommender to follow this public-interest rule: Users with shellfish allergies must receive shellfish free products.,"∀x.∀y.O(recommend(System,y,x)|allergicTo(x,Shellfish)∧shellfishFreeMeal(y))",True,True,2,none,7,5,3
baseline,MINISTRY031,Food Ministry,prohibition,implication,Food Ministry regulation prohibits the recommender from violating this safety rule: Products containing undeclared allergens must not be recommended.,"∀x.∀y.containsUndeclaredAllergen(y)->F(recommend(System,y,x))",True,True,2,none,6,5,2
baseline,MINISTRY031,Food Ministry,prohibition,dyadic,Food Ministry regulation prohibits the recommender from violating this safety rule: Products containing undeclared allergens must not be recommended.,"∀x.∀y.F(recommend(System,y,x)|containsUndeclaredAllergen(y))",True,True,2,none,5,4,2
baseline,MINISTRY032,Food Ministry,permission,implication,Food Ministry policy permits the recommender to act under this regulatory condition: Products with declared allergens may be recommended only when safe for the user.,"∀x.∀y.hasAllergenLabel(y)∧safeFor(x,y)->P(recommend(System,y,x))",True,True,2,none,8,5,3
baseline,MINISTRY032,Food Ministry,permission,dyadic,Food Ministry policy permits the recommender to act under this regulatory condition: Products with declared allergens may be recommended only when safe for the user.,"∀x.∀y.P(recommend(System,y,x)|hasAllergenLabel(y)∧safeFor(x,y))",True,True,2,none,7,5,3
baseline,MINISTRY033,Food Ministry,prohibition,implication,Food Ministry regulation prohibits the recommender from violating this safety rule: Products with missing allergen labels must not be recommended to allergic users.,"∀x.∀y.allergicTo(x,Nuts)∧¬hasAllergenLabel(y)->F(recommend(System,y,x))",True,True,2,none,9,6,3
baseline,MINISTRY033,Food Ministry,prohibition,dyadic,Food Ministry regulation prohibits the recommender from violating this safety rule: Products with missing allergen labels must not be recommended to allergic users.,"∀x.∀y.F(recommend(System,y,x)|allergicTo(x,Nuts)∧¬hasAllergenLabel(y))",True,True,2,none,8,6,3
baseline,MINISTRY034,Food Ministry,obligation,implication,Food Ministry policy requires the recommender to follow this public-interest rule: Products containing nuts must include allergen labeling for allergic users.,"∀x.∀y.allergicTo(x,Nuts)∧contains(y,Nuts)∧hasAllergenLabel(y)->O(recommend(System,y,x))",True,True,2,none,10,6,4
baseline,MINISTRY034,Food Ministry,obligation,dyadic,Food Ministry policy requires the recommender to follow this public-interest rule: Products containing nuts must include allergen labeling for allergic users.,"∀x.∀y.O(recommend(System,y,x)|allergicTo(x,Nuts)∧contains(y,Nuts)∧hasAllergenLabel(y))",True,True,2,none,9,6,4
baseline,MINISTRY035,Food Ministry,obligation,implication,Food Ministry policy requires the recommender to follow this public-interest rule: Products containing shellfish must include allergen labeling for allergic users.,"∀x.∀y.allergicTo(x,Shellfish)∧contains(y,Shellfish)∧hasAllergenLabel(y)->O(recommend(System,y,x))",True,True,2,none,10,6,4
baseline,MINISTRY035,Food Ministry,obligation,dyadic,Food Ministry policy requires the recommender to follow this public-interest rule: Products containing shellfish must include allergen labeling for allergic users.,"∀x.∀y.O(recommend(System,y,x)|allergicTo(x,Shellfish)∧contains(y,Shellfish)∧hasAllergenLabel(y))",True,True,2,none,9,6,4
baseline,MINISTRY036,Food Ministry,permission,implication,Food Ministry policy permits the recommender to act under this regulatory condition: Users requiring halal food may receive verified halal products.,"∀x.∀y.requiresHalal(x)∧verifiedHalal(y)->P(recommend(System,y,x))",True,True,2,none,8,5,3
baseline,MINISTRY036,Food Ministry,permission,dyadic,Food Ministry policy permits the recommender to act under this regulatory condition: Users requiring halal food may receive verified halal products.,"∀x.∀y.P(recommend(System,y,x)|requiresHalal(x)∧verifiedHalal(y))",True,True,2,none,7,5,3
baseline,MINISTRY037,Food Ministry,prohibition,implication,Food Ministry regulation prohibits the recommender from violating this safety rule: Users requiring halal food must not receive non halal products.,"∀x.∀y.requiresHalal(x)∧nonHalal(y)->F(recommend(System,y,x))",True,True,2,none,8,5,3
baseline,MINISTRY037,Food Ministry,prohibition,dyadic,Food Ministry regulation prohibits the recommender from violating this safety rule: Users requiring halal food must not receive non halal products.,"∀x.∀y.F(recommend(System,y,x)|requiresHalal(x)∧nonHalal(y))",True,True,2,none,7,5,3
baseline,MINISTRY038,Food Ministry,obligation,implication,Food Ministry policy requires the recommender to follow this public-interest rule: Users requiring halal food must receive products with verified halal status.,"∀x.∀y.requiresHalal(x)∧halalMeal(y)∧verifiedHalal(y)->O(recommend(System,y,x))",True,True,2,none,10,6,4
baseline,MINISTRY038,Food Ministry,obligation,dyadic,Food Ministry policy requires the recommender to follow this public-interest rule: Users requiring halal food must receive products with verified halal status.,"∀x.∀y.O(recommend(System,y,x)|requiresHalal(x)∧halalMeal(y)∧verifiedHalal(y))",True,True,2,none,9,6,4
baseline,MINISTRY039,Food Ministry,prohibition,implication,Food Ministry regulation prohibits the recommender from violating this safety rule: Users requiring halal food must not receive products with uncertain halal status.,"∀x.∀y.requiresHalal(x)∧uncertainHalalStatus(y)->F(recommend(System,y,x))",True,True,2,none,8,5,3
baseline,MINISTRY039,Food Ministry,prohibition,dyadic,Food Ministry regulation prohibits the recommender from violating this safety rule: Users requiring halal food must not receive products with uncertain halal status.,"∀x.∀y.F(recommend(System,y,x)|requiresHalal(x)∧uncertainHalalStatus(y))",True,True,2,none,7,5,3
baseline,MINISTRY040,Food Ministry,permission,implication,Food Ministry policy permits the recommender to act under this regulatory condition: Verified halal products may be recommended when labeling is compliant.,"∀x.∀y.verifiedHalal(y)∧compliesWithLabeling(y)->P(recommend(System,y,x))",True,True,2,none,8,5,3
baseline,MINISTRY040,Food Ministry,permission,dyadic,Food Ministry policy permits the recommender to act under this regulatory condition: Verified halal products may be recommended when labeling is compliant.,"∀x.∀y.P(recommend(System,y,x)|verifiedHalal(y)∧compliesWithLabeling(y))",True,True,2,none,7,5,3
baseline,MINISTRY041,Food Ministry,permission,implication,Food Ministry policy permits the recommender to act under this regulatory condition: Users requiring kosher food may receive verified kosher products.,"∀x.∀y.requiresKosher(x)∧verifiedKosher(y)->P(recommend(System,y,x))",True,True,2,none,8,5,3
baseline,MINISTRY041,Food Ministry,permission,dyadic,Food Ministry policy permits the recommender to act under this regulatory condition: Users requiring kosher food may receive verified kosher products.,"∀x.∀y.P(recommend(System,y,x)|requiresKosher(x)∧verifiedKosher(y))",True,True,2,none,7,5,3
baseline,MINISTRY042,Food Ministry,prohibition,implication,Food Ministry regulation prohibits the recommender from violating this safety rule: Users requiring kosher food must not receive non kosher products.,"∀x.∀y.requiresKosher(x)∧nonKosher(y)->F(recommend(System,y,x))",True,True,2,none,8,5,3
baseline,MINISTRY042,Food Ministry,prohibition,dyadic,Food Ministry regulation prohibits the recommender from violating this safety rule: Users requiring kosher food must not receive non kosher products.,"∀x.∀y.F(recommend(System,y,x)|requiresKosher(x)∧nonKosher(y))",True,True,2,none,7,5,3
baseline,MINISTRY043,Food Ministry,obligation,implication,Food Ministry policy requires the recommender to follow this public-interest rule: Users requiring kosher food must receive products with verified kosher status.,"∀x.∀y.requiresKosher(x)∧kosherMeal(y)∧verifiedKosher(y)->O(recommend(System,y,x))",True,True,2,none,10,6,4
baseline,MINISTRY043,Food Ministry,obligation,dyadic,Food Ministry policy requires the recommender to follow this public-interest rule: Users requiring kosher food must receive products with verified kosher status.,"∀x.∀y.O(recommend(System,y,x)|requiresKosher(x)∧kosherMeal(y)∧verifiedKosher(y))",True,True,2,none,9,6,4
baseline,MINISTRY044,Food Ministry,prohibition,implication,Food Ministry regulation prohibits the recommender from violating this safety rule: Users requiring kosher food must not receive products with uncertain kosher status.,"∀x.∀y.requiresKosher(x)∧uncertainKosherStatus(y)->F(recommend(System,y,x))",True,True,2,none,8,5,3
baseline,MINISTRY044,Food Ministry,prohibition,dyadic,Food Ministry regulation prohibits the recommender from violating this safety rule: Users requiring kosher food must not receive products with uncertain kosher status.,"∀x.∀y.F(recommend(System,y,x)|requiresKosher(x)∧uncertainKosherStatus(y))",True,True,2,none,7,5,3
baseline,MINISTRY045,Food Ministry,permission,implication,Food Ministry policy permits the recommender to act under this regulatory condition: Verified kosher products may be recommended when labeling is compliant.,"∀x.∀y.verifiedKosher(y)∧compliesWithLabeling(y)->P(recommend(System,y,x))",True,True,2,none,8,5,3
baseline,MINISTRY045,Food Ministry,permission,dyadic,Food Ministry policy permits the recommender to act under this regulatory condition: Verified kosher products may be recommended when labeling is compliant.,"∀x.∀y.P(recommend(System,y,x)|verifiedKosher(y)∧compliesWithLabeling(y))",True,True,2,none,7,5,3
baseline,MINISTRY046,Food Ministry,obligation,implication,Food Ministry policy requires the recommender to follow this public-interest rule: Gluten sensitive users must receive certified gluten free products.,"∀x.∀y.glutenSensitive(x)∧certifiedGlutenFree(y)->O(recommend(System,y,x))",True,True,2,none,8,5,3
baseline,MINISTRY046,Food Ministry,obligation,dyadic,Food Ministry policy requires the recommender to follow this public-interest rule: Gluten sensitive users must receive certified gluten free products.,"∀x.∀y.O(recommend(System,y,x)|glutenSensitive(x)∧certifiedGlutenFree(y))",True,True,2,none,7,5,3
baseline,MINISTRY047,Food Ministry,prohibition,implication,Food Ministry regulation prohibits the recommender from violating this safety rule: Users requiring gluten free food must not receive products containing gluten.,"∀x.∀y.requiresGlutenFree(x)∧contains(y,Gluten)->F(recommend(System,y,x))",True,True,2,none,8,5,3
baseline,MINISTRY047,Food Ministry,prohibition,dyadic,Food Ministry regulation prohibits the recommender from violating this safety rule: Users requiring gluten free food must not receive products containing gluten.,"∀x.∀y.F(recommend(System,y,x)|requiresGlutenFree(x)∧contains(y,Gluten))",True,True,2,none,7,5,3
baseline,MINISTRY048,Food Ministry,permission,implication,Food Ministry policy permits the recommender to act under this regulatory condition: Users requiring gluten free food may receive certified gluten free products.,"∀x.∀y.requiresGlutenFree(x)∧certifiedGlutenFree(y)->P(recommend(System,y,x))",True,True,2,none,8,5,3
baseline,MINISTRY048,Food Ministry,permission,dyadic,Food Ministry policy permits the recommender to act under this regulatory condition: Users requiring gluten free food may receive certified gluten free products.,"∀x.∀y.P(recommend(System,y,x)|requiresGlutenFree(x)∧certifiedGlutenFree(y))",True,True,2,none,7,5,3
baseline,MINISTRY049,Food Ministry,prohibition,implication,Food Ministry regulation prohibits the recommender from violating this safety rule: Gluten sensitive users must not receive uncertified gluten free claims.,"∀x.∀y.glutenSensitive(x)∧misleadingClaim(y)->F(recommend(System,y,x))",True,True,0,semantic_mismatch_possible,8,5,3
baseline,MINISTRY049,Food Ministry,prohibition,dyadic,Food Ministry regulation prohibits the recommender from violating this safety rule: Gluten sensitive users must not receive uncertified gluten free claims.,"∀x.∀y.F(recommend(System,y,x)|glutenSensitive(x)∧misleadingClaim(y))",True,True,0,semantic_mismatch_possible,7,5,3
baseline,MINISTRY050,Food Ministry,obligation,implication,Food Ministry policy requires the recommender to follow this public-interest rule: Certified gluten free products must comply with labeling rules.,"∀x.∀y.certifiedGlutenFree(y)∧compliesWithLabeling(y)->O(recommend(System,y,x))",True,True,2,none,8,5,3
baseline,MINISTRY050,Food Ministry,obligation,dyadic,Food Ministry policy requires the recommender to follow this public-interest rule: Certified gluten free products must comply with labeling rules.,"∀x.∀y.O(recommend(System,y,x)|certifiedGlutenFree(y)∧compliesWithLabeling(y))",True,True,2,none,7,5,3
baseline,MINISTRY051,Food Ministry,obligation,implication,Food Ministry policy requires the recommender to follow this public-interest rule: Lactose intolerant users must receive certified lactose free products.,"∀x.∀y.lactoseIntolerant(x)∧certifiedLactoseFree(y)->O(recommend(System,y,x))",True,True,1,partial_concept_overlap,8,5,3
baseline,MINISTRY051,Food Ministry,obligation,dyadic,Food Ministry policy requires the recommender to follow this public-interest rule: Lactose intolerant users must receive certified lactose free products.,"∀x.∀y.O(recommend(System,y,x)|lactoseIntolerant(x)∧certifiedLactoseFree(y))",True,True,1,partial_concept_overlap,7,5,3
baseline,MINISTRY052,Food Ministry,prohibition,implication,Food Ministry regulation prohibits the recommender from violating this safety rule: Users requiring lactose free food must not receive products containing lactose.,"∀x.∀y.requiresLactoseFree(x)∧contains(y,Lactose)->F(recommend(System,y,x))",True,True,2,none,8,5,3
baseline,MINISTRY052,Food Ministry,prohibition,dyadic,Food Ministry regulation prohibits the recommender from violating this safety rule: Users requiring lactose free food must not receive products containing lactose.,"∀x.∀y.F(recommend(System,y,x)|requiresLactoseFree(x)∧contains(y,Lactose))",True,True,2,none,7,5,3
baseline,MINISTRY053,Food Ministry,permission,implication,Food Ministry policy permits the recommender to act under this regulatory condition: Users requiring lactose free food may receive certified lactose free products.,"∀x.∀y.requiresLactoseFree(x)∧certifiedLactoseFree(y)->P(recommend(System,y,x))",True,True,1,partial_concept_overlap,8,5,3
baseline,MINISTRY053,Food Ministry,permission,dyadic,Food Ministry policy permits the recommender to act under this regulatory condition: Users requiring lactose free food may receive certified lactose free products.,"∀x.∀y.P(recommend(System,y,x)|requiresLactoseFree(x)∧certifiedLactoseFree(y))",True,True,1,partial_concept_overlap,7,5,3
baseline,MINISTRY054,Food Ministry,prohibition,implication,Food Ministry regulation prohibits the recommender from violating this safety rule: Lactose intolerant users must not receive misleading lactose free claims.,"∀x.∀y.lactoseIntolerant(x)∧misleadingClaim(y)->F(recommend(System,y,x))",True,True,1,partial_concept_overlap,8,5,3
baseline,MINISTRY054,Food Ministry,prohibition,dyadic,Food Ministry regulation prohibits the recommender from violating this safety rule: Lactose intolerant users must not receive misleading lactose free claims.,"∀x.∀y.F(recommend(System,y,x)|lactoseIntolerant(x)∧misleadingClaim(y))",True,True,1,partial_concept_overlap,7,5,3
baseline,MINISTRY055,Food Ministry,obligation,implication,Food Ministry policy requires the recommender to follow this public-interest rule: Certified lactose free products must comply with labeling rules.,"∀x.∀y.certifiedLactoseFree(y)∧compliesWithLabeling(y)->O(recommend(System,y,x))",True,True,1,partial_concept_overlap,8,5,3
baseline,MINISTRY055,Food Ministry,obligation,dyadic,Food Ministry policy requires the recommender to follow this public-interest rule: Certified lactose free products must comply with labeling rules.,"∀x.∀y.O(recommend(System,y,x)|certifiedLactoseFree(y)∧compliesWithLabeling(y))",True,True,1,partial_concept_overlap,7,5,3
baseline,MINISTRY056,Food Ministry,permission,implication,Food Ministry policy permits the recommender to act under this regulatory condition: Foods approved by the ministry may be recommended.,"∀x.∀y.approvedByMinistry(y)->P(recommend(System,y,x))",True,True,2,none,6,5,2
baseline,MINISTRY056,Food Ministry,permission,dyadic,Food Ministry policy permits the recommender to act under this regulatory condition: Foods approved by the ministry may be recommended.,"∀x.∀y.P(recommend(System,y,x)|approvedByMinistry(y))",True,True,2,none,5,4,2
baseline,MINISTRY057,Food Ministry,prohibition,implication,Food Ministry regulation prohibits the recommender from violating this safety rule: Restricted foods must not be recommended.,"∀x.∀y.restricted(y)->F(recommend(System,y,x))",True,True,2,none,6,5,2
baseline,MINISTRY057,Food Ministry,prohibition,dyadic,Food Ministry regulation prohibits the recommender from violating this safety rule: Restricted foods must not be recommended.,"∀x.∀y.F(recommend(System,y,x)|restricted(y))",True,True,2,none,5,4,2
baseline,MINISTRY058,Food Ministry,obligation,implication,Food Ministry policy requires the recommender to follow this public-interest rule: Foods complying with ministry guidelines should be recommended when suitable.,"∀x.∀y.compliesWithGuideline(y)∧safeFor(x,y)->O(recommend(System,y,x))",True,True,2,none,8,5,3
baseline,MINISTRY058,Food Ministry,obligation,dyadic,Food Ministry policy requires the recommender to follow this public-interest rule: Foods complying with ministry guidelines should be recommended when suitable.,"∀x.∀y.O(recommend(System,y,x)|compliesWithGuideline(y)∧safeFor(x,y))",True,True,2,none,7,5,3
baseline,MINISTRY059,Food Ministry,prohibition,implication,Food Ministry regulation prohibits the recommender from violating this safety rule: Foods without nutrition labels must not be recommended as approved foods.,"∀x.∀y.approvedByMinistry(y)∧¬hasNutritionLabel(y)->F(recommend(System,y,x))",True,True,2,none,9,6,3
baseline,MINISTRY059,Food Ministry,prohibition,dyadic,Food Ministry regulation prohibits the recommender from violating this safety rule: Foods without nutrition labels must not be recommended as approved foods.,"∀x.∀y.F(recommend(System,y,x)|approvedByMinistry(y)∧¬hasNutritionLabel(y))",True,True,2,none,8,6,3
baseline,MINISTRY060,Food Ministry,permission,implication,Food Ministry policy permits the recommender to act under this regulatory condition: Foods with nutrition labels may be recommended to adults.,"∀x.∀y.adult(x)∧hasNutritionLabel(y)->P(recommend(System,y,x))",True,True,2,none,8,5,3
baseline,MINISTRY060,Food Ministry,permission,dyadic,Food Ministry policy permits the recommender to act under this regulatory condition: Foods with nutrition labels may be recommended to adults.,"∀x.∀y.P(recommend(System,y,x)|adult(x)∧hasNutritionLabel(y))",True,True,2,none,7,5,3
baseline,MINISTRY061,Food Ministry,prohibition,implication,Food Ministry regulation prohibits the recommender from violating this safety rule: Products exceeding fat limits must not be recommended to vulnerable users.,"∀x.∀y.vulnerableUser(x)∧exceedsFatLimit(y)->F(recommend(System,y,x))",True,True,2,none,8,5,3
baseline,MINISTRY061,Food Ministry,prohibition,dyadic,Food Ministry regulation prohibits the recommender from violating this safety rule: Products exceeding fat limits must not be recommended to vulnerable users.,"∀x.∀y.F(recommend(System,y,x)|vulnerableUser(x)∧exceedsFatLimit(y))",True,True,2,none,7,5,3
baseline,MINISTRY062,Food Ministry,obligation,implication,Food Ministry policy requires the recommender to follow this public-interest rule: Vulnerable users must receive foods complying with ministry guidelines.,"∀x.∀y.vulnerableUser(x)∧compliesWithGuideline(y)->O(recommend(System,y,x))",True,True,2,none,8,5,3
baseline,MINISTRY062,Food Ministry,obligation,dyadic,Food Ministry policy requires the recommender to follow this public-interest rule: Vulnerable users must receive foods complying with ministry guidelines.,"∀x.∀y.O(recommend(System,y,x)|vulnerableUser(x)∧compliesWithGuideline(y))",True,True,2,none,7,5,3
baseline,MINISTRY063,Food Ministry,permission,implication,Food Ministry policy permits the recommender to act under this regulatory condition: Vulnerable users may receive approved healthy meals.,"∀x.∀y.vulnerableUser(x)∧approvedByMinistry(y)∧healthyMeal(y)->P(recommend(System,y,x))",True,True,2,none,10,6,4
baseline,MINISTRY063,Food Ministry,permission,dyadic,Food Ministry policy permits the recommender to act under this regulatory condition: Vulnerable users may receive approved healthy meals.,"∀x.∀y.P(recommend(System,y,x)|vulnerableUser(x)∧approvedByMinistry(y)∧healthyMeal(y))",True,True,2,none,9,6,4
baseline,MINISTRY064,Food Ministry,prohibition,implication,Food Ministry regulation prohibits the recommender from violating this safety rule: Vulnerable users must not receive unsafe products.,"∀x.∀y.vulnerableUser(x)∧unsafeProduct(y)->F(recommend(System,y,x))",True,True,2,none,8,5,3
baseline,MINISTRY064,Food Ministry,prohibition,dyadic,Food Ministry regulation prohibits the recommender from violating this safety rule: Vulnerable users must not receive unsafe products.,"∀x.∀y.F(recommend(System,y,x)|vulnerableUser(x)∧unsafeProduct(y))",True,True,2,none,7,5,3
baseline,MINISTRY065,Food Ministry,obligation,implication,Food Ministry policy requires the recommender to follow this public-interest rule: Vulnerable users must receive affordable healthy meal options.,"∀x.∀y.vulnerableUser(x)∧affordableMeal(y)∧healthyMeal(y)->O(recommend(System,y,x))",True,True,2,none,10,6,4
baseline,MINISTRY065,Food Ministry,obligation,dyadic,Food Ministry policy requires the recommender to follow this public-interest rule: Vulnerable users must receive affordable healthy meal options.,"∀x.∀y.O(recommend(System,y,x)|vulnerableUser(x)∧affordableMeal(y)∧healthyMeal(y))",True,True,2,none,9,6,4
baseline,MINISTRY066,Food Ministry,prohibition,implication,Food Ministry regulation prohibits the recommender from violating this safety rule: Energy drinks requiring warnings must not be recommended to children.,"∀x.∀y.child(x)∧energyDrink(y)∧requiresWarning(y)->F(recommend(System,y,x))",True,True,2,none,10,6,4
baseline,MINISTRY066,Food Ministry,prohibition,dyadic,Food Ministry regulation prohibits the recommender from violating this safety rule: Energy drinks requiring warnings must not be recommended to children.,"∀x.∀y.F(recommend(System,y,x)|child(x)∧energyDrink(y)∧requiresWarning(y))",True,True,2,none,9,6,4
baseline,MINISTRY067,Food Ministry,obligation,implication,Food Ministry policy requires the recommender to follow this public-interest rule: Products requiring safety warnings must include warning labels.,"∀x.∀y.requiresWarning(y)∧hasSafetyWarning(y)->O(recommend(System,y,x))",True,True,1,partial_concept_overlap,8,5,3
baseline,MINISTRY067,Food Ministry,obligation,dyadic,Food Ministry policy requires the recommender to follow this public-interest rule: Products requiring safety warnings must include warning labels.,"∀x.∀y.O(recommend(System,y,x)|requiresWarning(y)∧hasSafetyWarning(y))",True,True,1,partial_concept_overlap,7,5,3
baseline,MINISTRY068,Food Ministry,prohibition,implication,Food Ministry regulation prohibits the recommender from violating this safety rule: Products without required safety warnings must not be recommended.,"∀x.∀y.requiresWarning(y)∧¬hasSafetyWarning(y)->F(recommend(System,y,x))",True,True,2,none,9,6,3
baseline,MINISTRY068,Food Ministry,prohibition,dyadic,Food Ministry regulation prohibits the recommender from violating this safety rule: Products without required safety warnings must not be recommended.,"∀x.∀y.F(recommend(System,y,x)|requiresWarning(y)∧¬hasSafetyWarning(y))",True,True,2,none,8,6,3
baseline,MINISTRY069,Food Ministry,permission,implication,Food Ministry policy permits the recommender to act under this regulatory condition: Adults may receive products with safety warnings when warnings are shown.,"∀x.∀y.adult(x)∧hasSafetyWarning(y)->P(recommend(System,y,x))",True,True,2,none,8,5,3
baseline,MINISTRY069,Food Ministry,permission,dyadic,Food Ministry policy permits the recommender to act under this regulatory condition: Adults may receive products with safety warnings when warnings are shown.,"∀x.∀y.P(recommend(System,y,x)|adult(x)∧hasSafetyWarning(y))",True,True,2,none,7,5,3
baseline,MINISTRY070,Food Ministry,prohibition,implication,Food Ministry regulation prohibits the recommender from violating this safety rule: Warning products must not be recommended to vulnerable users.,"∀x.∀y.vulnerableUser(x)∧safetyWarningProduct(y)->F(recommend(System,y,x))",True,True,2,none,8,5,3
baseline,MINISTRY070,Food Ministry,prohibition,dyadic,Food Ministry regulation prohibits the recommender from violating this safety rule: Warning products must not be recommended to vulnerable users.,"∀x.∀y.F(recommend(System,y,x)|vulnerableUser(x)∧safetyWarningProduct(y))",True,True,2,none,7,5,3
baseline,MINISTRY071,Food Ministry,prohibition,implication,Food Ministry regulation prohibits the recommender from violating this safety rule: Organic products with misleading claims must not be recommended.,"∀x.∀y.organicFood(y)∧misleadingClaim(y)->F(recommend(System,y,x))",True,True,2,none,8,5,3
baseline,MINISTRY071,Food Ministry,prohibition,dyadic,Food Ministry regulation prohibits the recommender from violating this safety rule: Organic products with misleading claims must not be recommended.,"∀x.∀y.F(recommend(System,y,x)|organicFood(y)∧misleadingClaim(y))",True,True,2,none,7,5,3
baseline,MINISTRY072,Food Ministry,prohibition,implication,Food Ministry regulation prohibits the recommender from violating this safety rule: Sustainable products with misleading claims must not be recommended.,"∀x.∀y.sustainable(y)∧misleadingClaim(y)->F(recommend(System,y,x))",True,True,2,none,8,5,3
baseline,MINISTRY072,Food Ministry,prohibition,dyadic,Food Ministry regulation prohibits the recommender from violating this safety rule: Sustainable products with misleading claims must not be recommended.,"∀x.∀y.F(recommend(System,y,x)|sustainable(y)∧misleadingClaim(y))",True,True,2,none,7,5,3
baseline,MINISTRY073,Food Ministry,permission,implication,Food Ministry policy permits the recommender to act under this regulatory condition: Products with verified organic claims may be recommended.,"∀x.∀y.organicFood(y)∧verifiedClaim(y)->P(recommend(System,y,x))",True,True,2,none,8,5,3
baseline,MINISTRY073,Food Ministry,permission,dyadic,Food Ministry policy permits the recommender to act under this regulatory condition: Products with verified organic claims may be recommended.,"∀x.∀y.P(recommend(System,y,x)|organicFood(y)∧verifiedClaim(y))",True,True,2,none,7,5,3
baseline,MINISTRY074,Food Ministry,permission,implication,Food Ministry policy permits the recommender to act under this regulatory condition: Products with verified sustainability claims may be recommended.,"∀x.∀y.sustainable(y)∧verifiedClaim(y)->P(recommend(System,y,x))",True,True,2,none,8,5,3
baseline,MINISTRY074,Food Ministry,permission,dyadic,Food Ministry policy permits the recommender to act under this regulatory condition: Products with verified sustainability claims may be recommended.,"∀x.∀y.P(recommend(System,y,x)|sustainable(y)∧verifiedClaim(y))",True,True,2,none,7,5,3
baseline,MINISTRY075,Food Ministry,prohibition,implication,Food Ministry regulation prohibits the recommender from violating this safety rule: Products with misleading nutrition claims must not be recommended.,"∀x.∀y.nutritionClaim(y)∧misleadingClaim(y)->F(recommend(System,y,x))",True,True,2,none,8,5,3
baseline,MINISTRY075,Food Ministry,prohibition,dyadic,Food Ministry regulation prohibits the recommender from violating this safety rule: Products with misleading nutrition claims must not be recommended.,"∀x.∀y.F(recommend(System,y,x)|nutritionClaim(y)∧misleadingClaim(y))",True,True,2,none,7,5,3
baseline,MINISTRY076,Food Ministry,obligation,implication,Food Ministry policy requires the recommender to follow this public-interest rule: Affordable healthy foods should be recommended to children.,"∀x.∀y.child(x)∧affordableMeal(y)∧healthyMeal(y)->O(recommend(System,y,x))",True,True,2,none,10,6,4
baseline,MINISTRY076,Food Ministry,obligation,dyadic,Food Ministry policy requires the recommender to follow this public-interest rule: Affordable healthy foods should be recommended to children.,"∀x.∀y.O(recommend(System,y,x)|child(x)∧affordableMeal(y)∧healthyMeal(y))",True,True,2,none,9,6,4
baseline,MINISTRY077,Food Ministry,obligation,implication,Food Ministry policy requires the recommender to follow this public-interest rule: Affordable ministry approved healthy foods should be recommended to vulnerable users.,"∀x.∀y.vulnerableUser(x)∧affordableMeal(y)∧healthyMeal(y)∧approvedByMinistry(y)->O(recommend(System,y,x))",True,True,2,none,12,7,5
baseline,MINISTRY077,Food Ministry,obligation,dyadic,Food Ministry policy requires the recommender to follow this public-interest rule: Affordable ministry approved healthy foods should be recommended to vulnerable users.,"∀x.∀y.O(recommend(System,y,x)|vulnerableUser(x)∧affordableMeal(y)∧healthyMeal(y)∧approvedByMinistry(y))",True,True,2,none,11,7,5
baseline,MINISTRY078,Food Ministry,permission,implication,Food Ministry policy permits the recommender to act under this regulatory condition: Affordable approved foods may be recommended to adults.,"∀x.∀y.adult(x)∧affordableMeal(y)∧approvedByMinistry(y)->P(recommend(System,y,x))",True,True,2,none,10,6,4
baseline,MINISTRY078,Food Ministry,permission,dyadic,Food Ministry policy permits the recommender to act under this regulatory condition: Affordable approved foods may be recommended to adults.,"∀x.∀y.P(recommend(System,y,x)|adult(x)∧affordableMeal(y)∧approvedByMinistry(y))",True,True,2,none,9,6,4
baseline,MINISTRY079,Food Ministry,prohibition,implication,Food Ministry regulation prohibits the recommender from violating this safety rule: Unaffordable essential foods should not be the only recommended option.,"∀x.∀y.essentialFood(y)∧unaffordable(y)->F(recommend(System,y,x))",True,True,2,none,8,5,3
baseline,MINISTRY079,Food Ministry,prohibition,dyadic,Food Ministry regulation prohibits the recommender from violating this safety rule: Unaffordable essential foods should not be the only recommended option.,"∀x.∀y.F(recommend(System,y,x)|essentialFood(y)∧unaffordable(y))",True,True,2,none,7,5,3
baseline,MINISTRY080,Food Ministry,obligation,implication,Food Ministry policy requires the recommender to follow this public-interest rule: Healthy affordable alternatives should be recommended when restricted foods are present.,"∀x.∀y.healthyMeal(y)∧affordableMeal(y)∧alternativeToRestrictedFood(y)->O(recommend(System,y,x))",True,True,2,none,10,6,4
baseline,MINISTRY080,Food Ministry,obligation,dyadic,Food Ministry policy requires the recommender to follow this public-interest rule: Healthy affordable alternatives should be recommended when restricted foods are present.,"∀x.∀y.O(recommend(System,y,x)|healthyMeal(y)∧affordableMeal(y)∧alternativeToRestrictedFood(y))",True,True,2,none,9,6,4
baseline,MINISTRY081,Food Ministry,prohibition,implication,Food Ministry regulation prohibits the recommender from violating this safety rule: Products banned for children must not be recommended to children.,"∀x.∀y.child(x)∧bannedForChildren(y)->F(recommend(System,y,x))",True,True,2,none,8,5,3
baseline,MINISTRY081,Food Ministry,prohibition,dyadic,Food Ministry regulation prohibits the recommender from violating this safety rule: Products banned for children must not be recommended to children.,"∀x.∀y.F(recommend(System,y,x)|child(x)∧bannedForChildren(y))",True,True,2,none,7,5,3
baseline,MINISTRY082,Food Ministry,permission,implication,Food Ministry policy permits the recommender to act under this regulatory condition: Products with age restrictions may be recommended to adults.,"∀x.∀y.adult(x)∧ageRestrictedProduct(y)->P(recommend(System,y,x))",True,True,2,none,8,5,3
baseline,MINISTRY082,Food Ministry,permission,dyadic,Food Ministry policy permits the recommender to act under this regulatory condition: Products with age restrictions may be recommended to adults.,"∀x.∀y.P(recommend(System,y,x)|adult(x)∧ageRestrictedProduct(y))",True,True,2,none,7,5,3
baseline,MINISTRY083,Food Ministry,prohibition,implication,Food Ministry regulation prohibits the recommender from violating this safety rule: Age restricted products must not be recommended to underage users.,"∀x.∀y.underage(x)∧ageRestrictedProduct(y)->F(recommend(System,y,x))",True,True,1,partial_concept_overlap,8,5,3
baseline,MINISTRY083,Food Ministry,prohibition,dyadic,Food Ministry regulation prohibits the recommender from violating this safety rule: Age restricted products must not be recommended to underage users.,"∀x.∀y.F(recommend(System,y,x)|underage(x)∧ageRestrictedProduct(y))",True,True,1,partial_concept_overlap,7,5,3
baseline,MINISTRY084,Food Ministry,obligation,implication,Food Ministry policy requires the recommender to follow this public-interest rule: Products suitable for children should be recommended to children when healthy.,"∀x.∀y.child(x)∧suitableForChildren(y)∧healthyMeal(y)->O(recommend(System,y,x))",True,True,2,none,10,6,4
baseline,MINISTRY084,Food Ministry,obligation,dyadic,Food Ministry policy requires the recommender to follow this public-interest rule: Products suitable for children should be recommended to children when healthy.,"∀x.∀y.O(recommend(System,y,x)|child(x)∧suitableForChildren(y)∧healthyMeal(y))",True,True,2,none,9,6,4
baseline,MINISTRY085,Food Ministry,prohibition,implication,Food Ministry regulation prohibits the recommender from violating this safety rule: Products unsuitable for children must not be recommended to children.,"∀x.∀y.child(x)∧unsuitableForChildren(y)->F(recommend(System,y,x))",True,True,2,none,8,5,3
baseline,MINISTRY085,Food Ministry,prohibition,dyadic,Food Ministry regulation prohibits the recommender from violating this safety rule: Products unsuitable for children must not be recommended to children.,"∀x.∀y.F(recommend(System,y,x)|child(x)∧unsuitableForChildren(y))",True,True,2,none,7,5,3
baseline,MINISTRY086,Food Ministry,prohibition,implication,Food Ministry regulation prohibits the recommender from violating this safety rule: High sugar products must not be recommended to users with low sugar requirements.,"∀x.∀y.requiresLowSugar(x)∧highSugarProduct(y)->F(recommend(System,y,x))",True,True,2,none,8,5,3
baseline,MINISTRY086,Food Ministry,prohibition,dyadic,Food Ministry regulation prohibits the recommender from violating this safety rule: High sugar products must not be recommended to users with low sugar requirements.,"∀x.∀y.F(recommend(System,y,x)|requiresLowSugar(x)∧highSugarProduct(y))",True,True,2,none,7,5,3
baseline,MINISTRY087,Food Ministry,obligation,implication,Food Ministry policy requires the recommender to follow this public-interest rule: Low sugar products should be recommended to users with low sugar requirements.,"∀x.∀y.requiresLowSugar(x)∧lowSugarFood(y)->O(recommend(System,y,x))",True,True,2,none,8,5,3
baseline,MINISTRY087,Food Ministry,obligation,dyadic,Food Ministry policy requires the recommender to follow this public-interest rule: Low sugar products should be recommended to users with low sugar requirements.,"∀x.∀y.O(recommend(System,y,x)|requiresLowSugar(x)∧lowSugarFood(y))",True,True,2,none,7,5,3
baseline,MINISTRY088,Food Ministry,prohibition,implication,Food Ministry regulation prohibits the recommender from violating this safety rule: High salt products must not be recommended to users with low salt requirements.,"∀x.∀y.requiresLowSalt(x)∧highSaltProduct(y)->F(recommend(System,y,x))",True,True,2,none,8,5,3
baseline,MINISTRY088,Food Ministry,prohibition,dyadic,Food Ministry regulation prohibits the recommender from violating this safety rule: High salt products must not be recommended to users with low salt requirements.,"∀x.∀y.F(recommend(System,y,x)|requiresLowSalt(x)∧highSaltProduct(y))",True,True,2,none,7,5,3
baseline,MINISTRY089,Food Ministry,obligation,implication,Food Ministry policy requires the recommender to follow this public-interest rule: Low salt products should be recommended to users with low salt requirements.,"∀x.∀y.requiresLowSalt(x)∧lowSaltFood(y)->O(recommend(System,y,x))",True,True,2,none,8,5,3
baseline,MINISTRY089,Food Ministry,obligation,dyadic,Food Ministry policy requires the recommender to follow this public-interest rule: Low salt products should be recommended to users with low salt requirements.,"∀x.∀y.O(recommend(System,y,x)|requiresLowSalt(x)∧lowSaltFood(y))",True,True,2,none,7,5,3
baseline,MINISTRY090,Food Ministry,permission,implication,Food Ministry policy permits the recommender to act under this regulatory condition: Low fat products may be recommended to users avoiding high fat products.,"∀x.∀y.avoids(x,y)∧lowFatMeal(y)->P(recommend(System,y,x))",True,True,0,semantic_mismatch_possible,8,5,3
baseline,MINISTRY090,Food Ministry,permission,dyadic,Food Ministry policy permits the recommender to act under this regulatory condition: Low fat products may be recommended to users avoiding high fat products.,"∀x.∀y.P(recommend(System,y,x)|avoids(x,y)∧lowFatMeal(y))",True,True,0,semantic_mismatch_possible,7,5,3
baseline,MINISTRY091,Food Ministry,prohibition,implication,Food Ministry regulation prohibits the recommender from violating this safety rule: Products containing undeclared allergens must be treated as unsafe products.,"∀x.∀y.containsUndeclaredAllergen(y)∧unsafeProduct(y)->F(recommend(System,y,x))",True,True,1,modality_uncertain,8,5,3
baseline,MINISTRY091,Food Ministry,prohibition,dyadic,Food Ministry regulation prohibits the recommender from violating this safety rule: Products containing undeclared allergens must be treated as unsafe products.,"∀x.∀y.F(recommend(System,y,x)|containsUndeclaredAllergen(y)∧unsafeProduct(y))",True,True,1,modality_uncertain,7,5,3
baseline,MINISTRY092,Food Ministry,prohibition,implication,Food Ministry regulation prohibits the recommender from violating this safety rule: Unsafe products must not be recommended to any user.,"∀x.∀y.unsafeProduct(y)->F(recommend(System,y,x))",True,True,2,none,6,5,2
baseline,MINISTRY092,Food Ministry,prohibition,dyadic,Food Ministry regulation prohibits the recommender from violating this safety rule: Unsafe products must not be recommended to any user.,"∀x.∀y.F(recommend(System,y,x)|unsafeProduct(y))",True,True,2,none,5,4,2
baseline,MINISTRY093,Food Ministry,permission,implication,Food Ministry policy permits the recommender to act under this regulatory condition: Safe products may be recommended when suitable for the user.,"∀x.∀y.safeFor(x,y)->P(recommend(System,y,x))",True,True,2,none,6,5,2
baseline,MINISTRY093,Food Ministry,permission,dyadic,Food Ministry policy permits the recommender to act under this regulatory condition: Safe products may be recommended when suitable for the user.,"∀x.∀y.P(recommend(System,y,x)|safeFor(x,y))",True,True,2,none,5,4,2
baseline,MINISTRY094,Food Ministry,obligation,implication,Food Ministry policy requires the recommender to follow this public-interest rule: Products approved by the ministry and safe for the user should be recommended.,"∀x.∀y.approvedByMinistry(y)∧safeFor(x,y)->O(recommend(System,y,x))",True,True,2,none,8,5,3
baseline,MINISTRY094,Food Ministry,obligation,dyadic,Food Ministry policy requires the recommender to follow this public-interest rule: Products approved by the ministry and safe for the user should be recommended.,"∀x.∀y.O(recommend(System,y,x)|approvedByMinistry(y)∧safeFor(x,y))",True,True,2,none,7,5,3
baseline,MINISTRY095,Food Ministry,prohibition,implication,Food Ministry regulation prohibits the recommender from violating this safety rule: Products restricted by the ministry must not be recommended even if preferred.,"∀x.∀y.restricted(y)∧prefers(x,y)->F(recommend(System,y,x))",True,True,2,none,8,5,3
baseline,MINISTRY095,Food Ministry,prohibition,dyadic,Food Ministry regulation prohibits the recommender from violating this safety rule: Products restricted by the ministry must not be recommended even if preferred.,"∀x.∀y.F(recommend(System,y,x)|restricted(y)∧prefers(x,y))",True,True,2,none,7,5,3
baseline,MINISTRY096,Food Ministry,prohibition,implication,Food Ministry regulation prohibits the recommender from violating this safety rule: Foods lacking required certification must not be recommended to users requiring certification.,"∀x.∀y.requiresCertifiedProduct(x)∧¬certified(y)->F(recommend(System,y,x))",True,True,2,none,9,6,3
baseline,MINISTRY096,Food Ministry,prohibition,dyadic,Food Ministry regulation prohibits the recommender from violating this safety rule: Foods lacking required certification must not be recommended to users requiring certification.,"∀x.∀y.F(recommend(System,y,x)|requiresCertifiedProduct(x)∧¬certified(y))",True,True,2,none,8,6,3
baseline,MINISTRY097,Food Ministry,permission,implication,Food Ministry policy permits the recommender to act under this regulatory condition: Certified foods may be recommended to users requiring certified products.,"∀x.∀y.requiresCertifiedProduct(x)∧certified(y)->P(recommend(System,y,x))",True,True,2,none,8,5,3
baseline,MINISTRY097,Food Ministry,permission,dyadic,Food Ministry policy permits the recommender to act under this regulatory condition: Certified foods may be recommended to users requiring certified products.,"∀x.∀y.P(recommend(System,y,x)|requiresCertifiedProduct(x)∧certified(y))",True,True,2,none,7,5,3
baseline,MINISTRY098,Food Ministry,obligation,implication,Food Ministry policy requires the recommender to follow this public-interest rule: Products with complete labels should be recommended over products with incomplete labels.,"∀x.∀y.completeLabel(y)∧compliesWithLabeling(y)->O(recommend(System,y,x))",True,True,2,none,8,5,3
baseline,MINISTRY098,Food Ministry,obligation,dyadic,Food Ministry policy requires the recommender to follow this public-interest rule: Products with complete labels should be recommended over products with incomplete labels.,"∀x.∀y.O(recommend(System,y,x)|completeLabel(y)∧compliesWithLabeling(y))",True,True,2,none,7,5,3
baseline,MINISTRY099,Food Ministry,prohibition,implication,Food Ministry regulation prohibits the recommender from violating this safety rule: Products with incomplete labels must not be recommended to vulnerable users.,"∀x.∀y.vulnerableUser(x)∧incompleteLabel(y)->F(recommend(System,y,x))",True,True,2,none,8,5,3
baseline,MINISTRY099,Food Ministry,prohibition,dyadic,Food Ministry regulation prohibits the recommender from violating this safety rule: Products with incomplete labels must not be recommended to vulnerable users.,"∀x.∀y.F(recommend(System,y,x)|vulnerableUser(x)∧incompleteLabel(y))",True,True,2,none,7,5,3
baseline,MINISTRY100,Food Ministry,prohibition,implication,Food Ministry regulation prohibits the recommender from violating this safety rule: Products failing nutrition guidelines must not be recommended to vulnerable users.,"∀x.∀y.vulnerableUser(x)∧¬meetsNutritionGuideline(y)->F(recommend(System,y,x))",True,True,2,none,9,6,3
baseline,MINISTRY100,Food Ministry,prohibition,dyadic,Food Ministry regulation prohibits the recommender from violating this safety rule: Products failing nutrition guidelines must not be recommended to vulnerable users.,"∀x.∀y.F(recommend(System,y,x)|vulnerableUser(x)∧¬meetsNutritionGuideline(y))",True,True,2,none,8,6,3
baseline,INDUSTRY001,Food Industry,obligation,implication,Food Industry policy requires the recommender to support this commercial objective: Eligible users should receive sponsored product recommendations when products are available.,"∀x.∀y.eligible(x)∧sponsored(y)∧available(y)->O(recommend(System,y,x))",True,True,2,none,10,6,4
baseline,INDUSTRY001,Food Industry,obligation,dyadic,Food Industry policy requires the recommender to support this commercial objective: Eligible users should receive sponsored product recommendations when products are available.,"∀x.∀y.O(recommend(System,y,x)|eligible(x)∧sponsored(y)∧available(y))",True,True,2,none,9,6,4
baseline,INDUSTRY002,Food Industry,permission,implication,Food Industry policy permits the recommender to use this market placement rule: Eligible adults may receive sponsored product recommendations.,"∀x.∀y.eligible(x)∧adult(x)∧sponsored(y)->P(recommend(System,y,x))",True,True,2,none,10,6,4
baseline,INDUSTRY002,Food Industry,permission,dyadic,Food Industry policy permits the recommender to use this market placement rule: Eligible adults may receive sponsored product recommendations.,"∀x.∀y.P(recommend(System,y,x)|eligible(x)∧adult(x)∧sponsored(y))",True,True,2,none,9,6,4
baseline,INDUSTRY003,Food Industry,prohibition,implication,Food Industry compliance prohibits the recommender from violating this product-suitability rule: Ineligible users should not receive sponsored product recommendations.,"∀x.∀y.¬eligible(x)∧sponsored(y)->F(recommend(System,y,x))",True,True,2,none,9,6,3
baseline,INDUSTRY003,Food Industry,prohibition,dyadic,Food Industry compliance prohibits the recommender from violating this product-suitability rule: Ineligible users should not receive sponsored product recommendations.,"∀x.∀y.F(recommend(System,y,x)|¬eligible(x)∧sponsored(y))",True,True,2,none,8,6,3
baseline,INDUSTRY004,Food Industry,obligation,implication,Food Industry policy requires the recommender to support this commercial objective: Sponsored products should be recommended when they are approved and available.,"∀x.∀y.sponsored(y)∧approved(y)∧available(y)->O(recommend(System,y,x))",True,True,2,none,10,6,4
baseline,INDUSTRY004,Food Industry,obligation,dyadic,Food Industry policy requires the recommender to support this commercial objective: Sponsored products should be recommended when they are approved and available.,"∀x.∀y.O(recommend(System,y,x)|sponsored(y)∧approved(y)∧available(y))",True,True,2,none,9,6,4
baseline,INDUSTRY005,Food Industry,prohibition,implication,Food Industry compliance prohibits the recommender from violating this product-suitability rule: Sponsored products should not be recommended when they are restricted.,"∀x.∀y.sponsored(y)∧restricted(y)->F(recommend(System,y,x))",True,True,2,none,8,5,3
baseline,INDUSTRY005,Food Industry,prohibition,dyadic,Food Industry compliance prohibits the recommender from violating this product-suitability rule: Sponsored products should not be recommended when they are restricted.,"∀x.∀y.F(recommend(System,y,x)|sponsored(y)∧restricted(y))",True,True,2,none,7,5,3
baseline,INDUSTRY006,Food Industry,permission,implication,Food Industry policy permits the recommender to use this market placement rule: Loyal customers may receive premium product recommendations.,"∀x.∀y.loyalCustomer(x)∧premiumProduct(y)->P(recommend(System,y,x))",True,True,2,none,8,5,3
baseline,INDUSTRY006,Food Industry,permission,dyadic,Food Industry policy permits the recommender to use this market placement rule: Loyal customers may receive premium product recommendations.,"∀x.∀y.P(recommend(System,y,x)|loyalCustomer(x)∧premiumProduct(y))",True,True,2,none,7,5,3
baseline,INDUSTRY007,Food Industry,obligation,implication,Food Industry policy requires the recommender to support this commercial objective: Premium customers should receive premium product recommendations when products are available.,"∀x.∀y.premiumCustomer(x)∧premiumProduct(y)∧available(y)->O(recommend(System,y,x))",True,True,2,none,10,6,4
baseline,INDUSTRY007,Food Industry,obligation,dyadic,Food Industry policy requires the recommender to support this commercial objective: Premium customers should receive premium product recommendations when products are available.,"∀x.∀y.O(recommend(System,y,x)|premiumCustomer(x)∧premiumProduct(y)∧available(y))",True,True,2,none,9,6,4
baseline,INDUSTRY008,Food Industry,prohibition,implication,Food Industry compliance prohibits the recommender from violating this product-suitability rule: Children should not receive restricted premium product promotions.,"∀x.∀y.child(x)∧premiumProduct(y)∧restricted(y)->F(recommend(System,y,x))",True,True,2,none,10,6,4
baseline,INDUSTRY008,Food Industry,prohibition,dyadic,Food Industry compliance prohibits the recommender from violating this product-suitability rule: Children should not receive restricted premium product promotions.,"∀x.∀y.F(recommend(System,y,x)|child(x)∧premiumProduct(y)∧restricted(y))",True,True,2,none,9,6,4
baseline,INDUSTRY009,Food Industry,permission,implication,Food Industry policy permits the recommender to use this market placement rule: Premium products may be recommended when they are approved.,"∀x.∀y.premiumProduct(y)∧approved(y)->P(recommend(System,y,x))",True,True,2,none,8,5,3
baseline,INDUSTRY009,Food Industry,permission,dyadic,Food Industry policy permits the recommender to use this market placement rule: Premium products may be recommended when they are approved.,"∀x.∀y.P(recommend(System,y,x)|premiumProduct(y)∧approved(y))",True,True,2,none,7,5,3
baseline,INDUSTRY010,Food Industry,obligation,implication,Food Industry policy requires the recommender to support this commercial objective: Premium products should be recommended to eligible premium customers.,"∀x.∀y.eligible(x)∧premiumCustomer(x)∧premiumProduct(y)->O(recommend(System,y,x))",True,True,2,none,10,6,4
baseline,INDUSTRY010,Food Industry,obligation,dyadic,Food Industry policy requires the recommender to support this commercial objective: Premium products should be recommended to eligible premium customers.,"∀x.∀y.O(recommend(System,y,x)|eligible(x)∧premiumCustomer(x)∧premiumProduct(y))",True,True,2,none,9,6,4
baseline,INDUSTRY011,Food Industry,obligation,implication,Food Industry policy requires the recommender to support this commercial objective: Certified products should be recommended to users requiring certified products.,"∀x.∀y.requiresCertifiedProduct(x)∧certified(y)->O(recommend(System,y,x))",True,True,2,none,8,5,3
baseline,INDUSTRY011,Food Industry,obligation,dyadic,Food Industry policy requires the recommender to support this commercial objective: Certified products should be recommended to users requiring certified products.,"∀x.∀y.O(recommend(System,y,x)|requiresCertifiedProduct(x)∧certified(y))",True,True,2,none,7,5,3
baseline,INDUSTRY012,Food Industry,permission,implication,Food Industry policy permits the recommender to use this market placement rule: Certified products may be promoted when they are available.,"∀x.∀y.certified(y)∧available(y)->P(recommend(System,y,x))",True,True,2,none,8,5,3
baseline,INDUSTRY012,Food Industry,permission,dyadic,Food Industry policy permits the recommender to use this market placement rule: Certified products may be promoted when they are available.,"∀x.∀y.P(recommend(System,y,x)|certified(y)∧available(y))",True,True,2,none,7,5,3
baseline,INDUSTRY013,Food Industry,prohibition,implication,Food Industry compliance prohibits the recommender from violating this product-suitability rule: Uncertified products should not be recommended to users requiring certified products.,"∀x.∀y.requiresCertifiedProduct(x)∧¬certified(y)->F(recommend(System,y,x))",True,True,2,none,9,6,3
baseline,INDUSTRY013,Food Industry,prohibition,dyadic,Food Industry compliance prohibits the recommender from violating this product-suitability rule: Uncertified products should not be recommended to users requiring certified products.,"∀x.∀y.F(recommend(System,y,x)|requiresCertifiedProduct(x)∧¬certified(y))",True,True,2,none,8,6,3
baseline,INDUSTRY014,Food Industry,obligation,implication,Food Industry policy requires the recommender to support this commercial objective: Certified healthy products should be recommended to eligible users.,"∀x.∀y.eligible(x)∧certified(y)∧healthyMeal(y)->O(recommend(System,y,x))",True,True,2,none,10,6,4
baseline,INDUSTRY014,Food Industry,obligation,dyadic,Food Industry policy requires the recommender to support this commercial objective: Certified healthy products should be recommended to eligible users.,"∀x.∀y.O(recommend(System,y,x)|eligible(x)∧certified(y)∧healthyMeal(y))",True,True,2,none,9,6,4
baseline,INDUSTRY015,Food Industry,prohibition,implication,Food Industry compliance prohibits the recommender from violating this product-suitability rule: Certified products should not be recommended when they are restricted.,"∀x.∀y.certified(y)∧restricted(y)->F(recommend(System,y,x))",True,True,2,none,8,5,3
baseline,INDUSTRY015,Food Industry,prohibition,dyadic,Food Industry compliance prohibits the recommender from violating this product-suitability rule: Certified products should not be recommended when they are restricted.,"∀x.∀y.F(recommend(System,y,x)|certified(y)∧restricted(y))",True,True,2,none,7,5,3
baseline,INDUSTRY016,Food Industry,obligation,implication,Food Industry policy requires the recommender to support this commercial objective: Users interested in discounted food should receive discounted product recommendations.,"∀x.∀y.interestedIn(x,DiscountedFood)∧discounted(y)->O(recommend(System,y,x))",True,True,2,none,8,5,3
baseline,INDUSTRY016,Food Industry,obligation,dyadic,Food Industry policy requires the recommender to support this commercial objective: Users interested in discounted food should receive discounted product recommendations.,"∀x.∀y.O(recommend(System,y,x)|interestedIn(x,DiscountedFood)∧discounted(y))",True,True,2,none,7,5,3
baseline,INDUSTRY017,Food Industry,permission,implication,Food Industry policy permits the recommender to use this market placement rule: Loyal customers may receive discounted seasonal products.,"∀x.∀y.loyalCustomer(x)∧discounted(y)∧seasonal(y)->P(recommend(System,y,x))",True,True,2,none,10,6,4
baseline,INDUSTRY017,Food Industry,permission,dyadic,Food Industry policy permits the recommender to use this market placement rule: Loyal customers may receive discounted seasonal products.,"∀x.∀y.P(recommend(System,y,x)|loyalCustomer(x)∧discounted(y)∧seasonal(y))",True,True,2,none,9,6,4
baseline,INDUSTRY018,Food Industry,prohibition,implication,Food Industry compliance prohibits the recommender from violating this product-suitability rule: Users avoiding discounted products should not receive discounted product recommendations.,"∀x.∀y.avoids(x,y)∧discounted(y)->F(recommend(System,y,x))",True,True,2,none,8,5,3
baseline,INDUSTRY018,Food Industry,prohibition,dyadic,Food Industry compliance prohibits the recommender from violating this product-suitability rule: Users avoiding discounted products should not receive discounted product recommendations.,"∀x.∀y.F(recommend(System,y,x)|avoids(x,y)∧discounted(y))",True,True,2,none,7,5,3
baseline,INDUSTRY019,Food Industry,obligation,implication,Food Industry policy requires the recommender to support this commercial objective: Discounted products should be recommended when they are available.,"∀x.∀y.discounted(y)∧available(y)->O(recommend(System,y,x))",True,True,2,none,8,5,3
baseline,INDUSTRY019,Food Industry,obligation,dyadic,Food Industry policy requires the recommender to support this commercial objective: Discounted products should be recommended when they are available.,"∀x.∀y.O(recommend(System,y,x)|discounted(y)∧available(y))",True,True,2,none,7,5,3
baseline,INDUSTRY020,Food Industry,permission,implication,Food Industry policy permits the recommender to use this market placement rule: Discounted products may be recommended to eligible adults.,"∀x.∀y.eligible(x)∧adult(x)∧discounted(y)->P(recommend(System,y,x))",True,True,2,none,10,6,4
baseline,INDUSTRY020,Food Industry,permission,dyadic,Food Industry policy permits the recommender to use this market placement rule: Discounted products may be recommended to eligible adults.,"∀x.∀y.P(recommend(System,y,x)|eligible(x)∧adult(x)∧discounted(y))",True,True,2,none,9,6,4
baseline,INDUSTRY021,Food Industry,obligation,implication,Food Industry policy requires the recommender to support this commercial objective: Seasonal products should be recommended during seasonal campaigns.,"∀x.∀y.seasonal(y)∧available(y)->O(recommend(System,y,x))",True,True,2,none,8,5,3
baseline,INDUSTRY021,Food Industry,obligation,dyadic,Food Industry policy requires the recommender to support this commercial objective: Seasonal products should be recommended during seasonal campaigns.,"∀x.∀y.O(recommend(System,y,x)|seasonal(y)∧available(y))",True,True,2,none,7,5,3
baseline,INDUSTRY022,Food Industry,permission,implication,Food Industry policy permits the recommender to use this market placement rule: Users interested in seasonal food may receive seasonal product recommendations.,"∀x.∀y.interestedIn(x,SeasonalFood)∧seasonal(y)->P(recommend(System,y,x))",True,True,2,none,8,5,3
baseline,INDUSTRY022,Food Industry,permission,dyadic,Food Industry policy permits the recommender to use this market placement rule: Users interested in seasonal food may receive seasonal product recommendations.,"∀x.∀y.P(recommend(System,y,x)|interestedIn(x,SeasonalFood)∧seasonal(y))",True,True,2,none,7,5,3
baseline,INDUSTRY023,Food Industry,prohibition,implication,Food Industry compliance prohibits the recommender from violating this product-suitability rule: Seasonal products should not be recommended when unavailable.,"∀x.∀y.seasonal(y)∧¬available(y)->F(recommend(System,y,x))",True,True,2,none,9,6,3
baseline,INDUSTRY023,Food Industry,prohibition,dyadic,Food Industry compliance prohibits the recommender from violating this product-suitability rule: Seasonal products should not be recommended when unavailable.,"∀x.∀y.F(recommend(System,y,x)|seasonal(y)∧¬available(y))",True,True,2,none,8,6,3
baseline,INDUSTRY024,Food Industry,obligation,implication,Food Industry policy requires the recommender to support this commercial objective: Loyal customers should receive available seasonal product recommendations.,"∀x.∀y.loyalCustomer(x)∧seasonal(y)∧available(y)->O(recommend(System,y,x))",True,True,2,none,10,6,4
baseline,INDUSTRY024,Food Industry,obligation,dyadic,Food Industry policy requires the recommender to support this commercial objective: Loyal customers should receive available seasonal product recommendations.,"∀x.∀y.O(recommend(System,y,x)|loyalCustomer(x)∧seasonal(y)∧available(y))",True,True,2,none,9,6,4
baseline,INDUSTRY025,Food Industry,permission,implication,Food Industry policy permits the recommender to use this market placement rule: Seasonal products may be recommended to adults when approved.,"∀x.∀y.adult(x)∧seasonal(y)∧approved(y)->P(recommend(System,y,x))",True,True,2,none,10,6,4
baseline,INDUSTRY025,Food Industry,permission,dyadic,Food Industry policy permits the recommender to use this market placement rule: Seasonal products may be recommended to adults when approved.,"∀x.∀y.P(recommend(System,y,x)|adult(x)∧seasonal(y)∧approved(y))",True,True,2,none,9,6,4
baseline,INDUSTRY026,Food Industry,obligation,implication,Food Industry policy requires the recommender to support this commercial objective: Users interested in new products should receive new product recommendations.,"∀x.∀y.interestedIn(x,NewProduct)∧newProduct(y)->O(recommend(System,y,x))",True,True,2,none,8,5,3
baseline,INDUSTRY026,Food Industry,obligation,dyadic,Food Industry policy requires the recommender to support this commercial objective: Users interested in new products should receive new product recommendations.,"∀x.∀y.O(recommend(System,y,x)|interestedIn(x,NewProduct)∧newProduct(y))",True,True,2,none,7,5,3
baseline,INDUSTRY027,Food Industry,permission,implication,Food Industry policy permits the recommender to use this market placement rule: New products may be recommended to eligible users.,"∀x.∀y.eligible(x)∧newProduct(y)->P(recommend(System,y,x))",True,True,2,none,8,5,3
baseline,INDUSTRY027,Food Industry,permission,dyadic,Food Industry policy permits the recommender to use this market placement rule: New products may be recommended to eligible users.,"∀x.∀y.P(recommend(System,y,x)|eligible(x)∧newProduct(y))",True,True,2,none,7,5,3
baseline,INDUSTRY028,Food Industry,prohibition,implication,Food Industry compliance prohibits the recommender from violating this product-suitability rule: New products should not be recommended when restricted.,"∀x.∀y.newProduct(y)∧restricted(y)->F(recommend(System,y,x))",True,True,2,none,8,5,3
baseline,INDUSTRY028,Food Industry,prohibition,dyadic,Food Industry compliance prohibits the recommender from violating this product-suitability rule: New products should not be recommended when restricted.,"∀x.∀y.F(recommend(System,y,x)|newProduct(y)∧restricted(y))",True,True,2,none,7,5,3
baseline,INDUSTRY029,Food Industry,obligation,implication,Food Industry policy requires the recommender to support this commercial objective: New approved products should be promoted to adults.,"∀x.∀y.adult(x)∧newProduct(y)∧approved(y)->O(recommend(System,y,x))",True,True,2,none,10,6,4
baseline,INDUSTRY029,Food Industry,obligation,dyadic,Food Industry policy requires the recommender to support this commercial objective: New approved products should be promoted to adults.,"∀x.∀y.O(recommend(System,y,x)|adult(x)∧newProduct(y)∧approved(y))",True,True,2,none,9,6,4
baseline,INDUSTRY030,Food Industry,permission,implication,Food Industry policy permits the recommender to use this market placement rule: New products may be recommended when they are available.,"∀x.∀y.newProduct(y)∧available(y)->P(recommend(System,y,x))",True,True,2,none,8,5,3
baseline,INDUSTRY030,Food Industry,permission,dyadic,Food Industry policy permits the recommender to use this market placement rule: New products may be recommended when they are available.,"∀x.∀y.P(recommend(System,y,x)|newProduct(y)∧available(y))",True,True,2,none,7,5,3
baseline,INDUSTRY031,Food Industry,obligation,implication,Food Industry policy requires the recommender to support this commercial objective: Users interested in local food should receive local product recommendations.,"∀x.∀y.interestedIn(x,LocalFood)∧localProduct(y)->O(recommend(System,y,x))",True,True,2,none,8,5,3
baseline,INDUSTRY031,Food Industry,obligation,dyadic,Food Industry policy requires the recommender to support this commercial objective: Users interested in local food should receive local product recommendations.,"∀x.∀y.O(recommend(System,y,x)|interestedIn(x,LocalFood)∧localProduct(y))",True,True,2,none,7,5,3
baseline,INDUSTRY032,Food Industry,permission,implication,Food Industry policy permits the recommender to use this market placement rule: Local products may be recommended when available.,"∀x.∀y.localProduct(y)∧available(y)->P(recommend(System,y,x))",True,True,2,none,8,5,3
baseline,INDUSTRY032,Food Industry,permission,dyadic,Food Industry policy permits the recommender to use this market placement rule: Local products may be recommended when available.,"∀x.∀y.P(recommend(System,y,x)|localProduct(y)∧available(y))",True,True,2,none,7,5,3
baseline,INDUSTRY033,Food Industry,prohibition,implication,Food Industry compliance prohibits the recommender from violating this product-suitability rule: Unavailable local products should not be recommended.,"∀x.∀y.localProduct(y)∧¬available(y)->F(recommend(System,y,x))",True,True,2,none,9,6,3
baseline,INDUSTRY033,Food Industry,prohibition,dyadic,Food Industry compliance prohibits the recommender from violating this product-suitability rule: Unavailable local products should not be recommended.,"∀x.∀y.F(recommend(System,y,x)|localProduct(y)∧¬available(y))",True,True,2,none,8,6,3
baseline,INDUSTRY034,Food Industry,obligation,implication,Food Industry policy requires the recommender to support this commercial objective: Local sustainable products should be recommended to users interested in local food.,"∀x.∀y.interestedIn(x,LocalFood)∧localProduct(y)∧sustainable(y)->O(recommend(System,y,x))",True,True,2,none,10,6,4
baseline,INDUSTRY034,Food Industry,obligation,dyadic,Food Industry policy requires the recommender to support this commercial objective: Local sustainable products should be recommended to users interested in local food.,"∀x.∀y.O(recommend(System,y,x)|interestedIn(x,LocalFood)∧localProduct(y)∧sustainable(y))",True,True,2,none,9,6,4
baseline,INDUSTRY035,Food Industry,permission,implication,Food Industry policy permits the recommender to use this market placement rule: Local products may be recommended to loyal customers.,"∀x.∀y.loyalCustomer(x)∧localProduct(y)->P(recommend(System,y,x))",True,True,2,none,8,5,3
baseline,INDUSTRY035,Food Industry,permission,dyadic,Food Industry policy permits the recommender to use this market placement rule: Local products may be recommended to loyal customers.,"∀x.∀y.P(recommend(System,y,x)|loyalCustomer(x)∧localProduct(y))",True,True,2,none,7,5,3
baseline,INDUSTRY036,Food Industry,obligation,implication,Food Industry policy requires the recommender to support this commercial objective: Users interested in sustainable food should receive sustainable product recommendations.,"∀x.∀y.interestedIn(x,SustainableFood)∧sustainable(y)->O(recommend(System,y,x))",True,True,2,none,8,5,3
baseline,INDUSTRY036,Food Industry,obligation,dyadic,Food Industry policy requires the recommender to support this commercial objective: Users interested in sustainable food should receive sustainable product recommendations.,"∀x.∀y.O(recommend(System,y,x)|interestedIn(x,SustainableFood)∧sustainable(y))",True,True,2,none,7,5,3
baseline,INDUSTRY037,Food Industry,permission,implication,Food Industry policy permits the recommender to use this market placement rule: Sustainable products may be recommended when available.,"∀x.∀y.sustainable(y)∧available(y)->P(recommend(System,y,x))",True,True,2,none,8,5,3
baseline,INDUSTRY037,Food Industry,permission,dyadic,Food Industry policy permits the recommender to use this market placement rule: Sustainable products may be recommended when available.,"∀x.∀y.P(recommend(System,y,x)|sustainable(y)∧available(y))",True,True,2,none,7,5,3
baseline,INDUSTRY038,Food Industry,prohibition,implication,Food Industry compliance prohibits the recommender from violating this product-suitability rule: Sustainable products should not be recommended when sustainability claims are misleading.,"∀x.∀y.sustainable(y)∧misleadingClaim(y)->F(recommend(System,y,x))",True,True,2,none,8,5,3
baseline,INDUSTRY038,Food Industry,prohibition,dyadic,Food Industry compliance prohibits the recommender from violating this product-suitability rule: Sustainable products should not be recommended when sustainability claims are misleading.,"∀x.∀y.F(recommend(System,y,x)|sustainable(y)∧misleadingClaim(y))",True,True,2,none,7,5,3
baseline,INDUSTRY039,Food Industry,obligation,implication,Food Industry policy requires the recommender to support this commercial objective: Certified sustainable products should be recommended to eligible users.,"∀x.∀y.eligible(x)∧sustainable(y)∧certified(y)->O(recommend(System,y,x))",True,True,2,none,10,6,4
baseline,INDUSTRY039,Food Industry,obligation,dyadic,Food Industry policy requires the recommender to support this commercial objective: Certified sustainable products should be recommended to eligible users.,"∀x.∀y.O(recommend(System,y,x)|eligible(x)∧sustainable(y)∧certified(y))",True,True,2,none,9,6,4
baseline,INDUSTRY040,Food Industry,permission,implication,Food Industry policy permits the recommender to use this market placement rule: Sustainable products may be recommended to premium customers.,"∀x.∀y.premiumCustomer(x)∧sustainable(y)->P(recommend(System,y,x))",True,True,2,none,8,5,3
baseline,INDUSTRY040,Food Industry,permission,dyadic,Food Industry policy permits the recommender to use this market placement rule: Sustainable products may be recommended to premium customers.,"∀x.∀y.P(recommend(System,y,x)|premiumCustomer(x)∧sustainable(y))",True,True,2,none,7,5,3
baseline,INDUSTRY041,Food Industry,obligation,implication,Food Industry policy requires the recommender to support this commercial objective: Organic products should be recommended to users preferring organic products.,"∀x.∀y.prefers(x,y)∧organic(y)->O(recommend(System,y,x))",True,True,2,none,8,5,3
baseline,INDUSTRY041,Food Industry,obligation,dyadic,Food Industry policy requires the recommender to support this commercial objective: Organic products should be recommended to users preferring organic products.,"∀x.∀y.O(recommend(System,y,x)|prefers(x,y)∧organic(y))",True,True,2,none,7,5,3
baseline,INDUSTRY042,Food Industry,permission,implication,Food Industry policy permits the recommender to use this market placement rule: Organic products may be recommended when verified.,"∀x.∀y.organic(y)∧verifiedClaim(y)->P(recommend(System,y,x))",True,True,2,none,8,5,3
baseline,INDUSTRY042,Food Industry,permission,dyadic,Food Industry policy permits the recommender to use this market placement rule: Organic products may be recommended when verified.,"∀x.∀y.P(recommend(System,y,x)|organic(y)∧verifiedClaim(y))",True,True,2,none,7,5,3
baseline,INDUSTRY043,Food Industry,prohibition,implication,Food Industry compliance prohibits the recommender from violating this product-suitability rule: Organic products should not be recommended when organic claims are misleading.,"∀x.∀y.organic(y)∧misleadingClaim(y)->F(recommend(System,y,x))",True,True,2,none,8,5,3
baseline,INDUSTRY043,Food Industry,prohibition,dyadic,Food Industry compliance prohibits the recommender from violating this product-suitability rule: Organic products should not be recommended when organic claims are misleading.,"∀x.∀y.F(recommend(System,y,x)|organic(y)∧misleadingClaim(y))",True,True,2,none,7,5,3
baseline,INDUSTRY044,Food Industry,obligation,implication,Food Industry policy requires the recommender to support this commercial objective: Certified organic products should be promoted to eligible users.,"∀x.∀y.eligible(x)∧organic(y)∧certified(y)->O(recommend(System,y,x))",True,True,2,none,10,6,4
baseline,INDUSTRY044,Food Industry,obligation,dyadic,Food Industry policy requires the recommender to support this commercial objective: Certified organic products should be promoted to eligible users.,"∀x.∀y.O(recommend(System,y,x)|eligible(x)∧organic(y)∧certified(y))",True,True,2,none,9,6,4
baseline,INDUSTRY045,Food Industry,permission,implication,Food Industry policy permits the recommender to use this market placement rule: Organic products may be recommended to loyal customers.,"∀x.∀y.loyalCustomer(x)∧organic(y)->P(recommend(System,y,x))",True,True,2,none,8,5,3
baseline,INDUSTRY045,Food Industry,permission,dyadic,Food Industry policy permits the recommender to use this market placement rule: Organic products may be recommended to loyal customers.,"∀x.∀y.P(recommend(System,y,x)|loyalCustomer(x)∧organic(y))",True,True,2,none,7,5,3
baseline,INDUSTRY046,Food Industry,obligation,implication,Food Industry policy requires the recommender to support this commercial objective: Affordable products should be recommended to users preferring affordable meals.,"∀x.∀y.prefers(x,y)∧affordable(y)->O(recommend(System,y,x))",True,True,2,none,8,5,3
baseline,INDUSTRY046,Food Industry,obligation,dyadic,Food Industry policy requires the recommender to support this commercial objective: Affordable products should be recommended to users preferring affordable meals.,"∀x.∀y.O(recommend(System,y,x)|prefers(x,y)∧affordable(y))",True,True,2,none,7,5,3
baseline,INDUSTRY047,Food Industry,permission,implication,Food Industry policy permits the recommender to use this market placement rule: Affordable products may be recommended when available.,"∀x.∀y.affordable(y)∧available(y)->P(recommend(System,y,x))",True,True,2,none,8,5,3
baseline,INDUSTRY047,Food Industry,permission,dyadic,Food Industry policy permits the recommender to use this market placement rule: Affordable products may be recommended when available.,"∀x.∀y.P(recommend(System,y,x)|affordable(y)∧available(y))",True,True,2,none,7,5,3
baseline,INDUSTRY048,Food Industry,prohibition,implication,Food Industry compliance prohibits the recommender from violating this product-suitability rule: Unaffordable products should not be recommended to users preferring affordable meals.,"∀x.∀y.prefers(x,y)∧unaffordable(y)->F(recommend(System,y,x))",True,True,1,partial_concept_overlap,8,5,3
baseline,INDUSTRY048,Food Industry,prohibition,dyadic,Food Industry compliance prohibits the recommender from violating this product-suitability rule: Unaffordable products should not be recommended to users preferring affordable meals.,"∀x.∀y.F(recommend(System,y,x)|prefers(x,y)∧unaffordable(y))",True,True,1,partial_concept_overlap,7,5,3
baseline,INDUSTRY049,Food Industry,obligation,implication,Food Industry policy requires the recommender to support this commercial objective: Affordable sponsored products should be recommended to eligible users.,"∀x.∀y.eligible(x)∧affordable(y)∧sponsored(y)->O(recommend(System,y,x))",True,True,2,none,10,6,4
baseline,INDUSTRY049,Food Industry,obligation,dyadic,Food Industry policy requires the recommender to support this commercial objective: Affordable sponsored products should be recommended to eligible users.,"∀x.∀y.O(recommend(System,y,x)|eligible(x)∧affordable(y)∧sponsored(y))",True,True,2,none,9,6,4
baseline,INDUSTRY050,Food Industry,permission,implication,Food Industry policy permits the recommender to use this market placement rule: Affordable products may be recommended to adults.,"∀x.∀y.adult(x)∧affordable(y)->P(recommend(System,y,x))",True,True,2,none,8,5,3
baseline,INDUSTRY050,Food Industry,permission,dyadic,Food Industry policy permits the recommender to use this market placement rule: Affordable products may be recommended to adults.,"∀x.∀y.P(recommend(System,y,x)|adult(x)∧affordable(y))",True,True,2,none,7,5,3
baseline,INDUSTRY051,Food Industry,obligation,implication,Food Industry policy requires the recommender to support this commercial objective: Users requiring halal food should receive certified halal product recommendations.,"∀x.∀y.requiresHalal(x)∧certifiedHalal(y)->O(recommend(System,y,x))",True,True,2,none,8,5,3
baseline,INDUSTRY051,Food Industry,obligation,dyadic,Food Industry policy requires the recommender to support this commercial objective: Users requiring halal food should receive certified halal product recommendations.,"∀x.∀y.O(recommend(System,y,x)|requiresHalal(x)∧certifiedHalal(y))",True,True,2,none,7,5,3
baseline,INDUSTRY052,Food Industry,permission,implication,Food Industry policy permits the recommender to use this market placement rule: Halal certified products may be recommended to users requiring halal food.,"∀x.∀y.requiresHalal(x)∧certifiedHalal(y)∧available(y)->P(recommend(System,y,x))",True,True,2,none,10,6,4
baseline,INDUSTRY052,Food Industry,permission,dyadic,Food Industry policy permits the recommender to use this market placement rule: Halal certified products may be recommended to users requiring halal food.,"∀x.∀y.P(recommend(System,y,x)|requiresHalal(x)∧certifiedHalal(y)∧available(y))",True,True,2,none,9,6,4
baseline,INDUSTRY053,Food Industry,prohibition,implication,Food Industry compliance prohibits the recommender from violating this product-suitability rule: Products without halal certification should not be recommended to users requiring halal food.,"∀x.∀y.requiresHalal(x)∧¬certifiedHalal(y)->F(recommend(System,y,x))",True,True,2,none,9,6,3
baseline,INDUSTRY053,Food Industry,prohibition,dyadic,Food Industry compliance prohibits the recommender from violating this product-suitability rule: Products without halal certification should not be recommended to users requiring halal food.,"∀x.∀y.F(recommend(System,y,x)|requiresHalal(x)∧¬certifiedHalal(y))",True,True,2,none,8,6,3
baseline,INDUSTRY054,Food Industry,obligation,implication,Food Industry policy requires the recommender to support this commercial objective: Halal certified sponsored products should be promoted to eligible halal users.,"∀x.∀y.eligible(x)∧requiresHalal(x)∧certifiedHalal(y)∧sponsored(y)->O(recommend(System,y,x))",True,True,2,none,12,7,5
baseline,INDUSTRY054,Food Industry,obligation,dyadic,Food Industry policy requires the recommender to support this commercial objective: Halal certified sponsored products should be promoted to eligible halal users.,"∀x.∀y.O(recommend(System,y,x)|eligible(x)∧requiresHalal(x)∧certifiedHalal(y)∧sponsored(y))",True,True,2,none,11,7,5
baseline,INDUSTRY055,Food Industry,permission,implication,Food Industry policy permits the recommender to use this market placement rule: Halal certified products may be recommended when approved.,"∀x.∀y.certifiedHalal(y)∧approved(y)->P(recommend(System,y,x))",True,True,2,none,8,5,3
baseline,INDUSTRY055,Food Industry,permission,dyadic,Food Industry policy permits the recommender to use this market placement rule: Halal certified products may be recommended when approved.,"∀x.∀y.P(recommend(System,y,x)|certifiedHalal(y)∧approved(y))",True,True,2,none,7,5,3
baseline,INDUSTRY056,Food Industry,obligation,implication,Food Industry policy requires the recommender to support this commercial objective: Users requiring kosher food should receive certified kosher product recommendations.,"∀x.∀y.requiresKosher(x)∧certifiedKosher(y)->O(recommend(System,y,x))",True,True,2,none,8,5,3
baseline,INDUSTRY056,Food Industry,obligation,dyadic,Food Industry policy requires the recommender to support this commercial objective: Users requiring kosher food should receive certified kosher product recommendations.,"∀x.∀y.O(recommend(System,y,x)|requiresKosher(x)∧certifiedKosher(y))",True,True,2,none,7,5,3
baseline,INDUSTRY057,Food Industry,permission,implication,Food Industry policy permits the recommender to use this market placement rule: Kosher certified products may be recommended to users requiring kosher food.,"∀x.∀y.requiresKosher(x)∧certifiedKosher(y)∧available(y)->P(recommend(System,y,x))",True,True,2,none,10,6,4
baseline,INDUSTRY057,Food Industry,permission,dyadic,Food Industry policy permits the recommender to use this market placement rule: Kosher certified products may be recommended to users requiring kosher food.,"∀x.∀y.P(recommend(System,y,x)|requiresKosher(x)∧certifiedKosher(y)∧available(y))",True,True,2,none,9,6,4
baseline,INDUSTRY058,Food Industry,prohibition,implication,Food Industry compliance prohibits the recommender from violating this product-suitability rule: Products without kosher certification should not be recommended to users requiring kosher food.,"∀x.∀y.requiresKosher(x)∧¬certifiedKosher(y)->F(recommend(System,y,x))",True,True,2,none,9,6,3
baseline,INDUSTRY058,Food Industry,prohibition,dyadic,Food Industry compliance prohibits the recommender from violating this product-suitability rule: Products without kosher certification should not be recommended to users requiring kosher food.,"∀x.∀y.F(recommend(System,y,x)|requiresKosher(x)∧¬certifiedKosher(y))",True,True,2,none,8,6,3
baseline,INDUSTRY059,Food Industry,obligation,implication,Food Industry policy requires the recommender to support this commercial objective: Kosher certified sponsored products should be promoted to eligible kosher users.,"∀x.∀y.eligible(x)∧requiresKosher(x)∧certifiedKosher(y)∧sponsored(y)->O(recommend(System,y,x))",True,True,2,none,12,7,5
baseline,INDUSTRY059,Food Industry,obligation,dyadic,Food Industry policy requires the recommender to support this commercial objective: Kosher certified sponsored products should be promoted to eligible kosher users.,"∀x.∀y.O(recommend(System,y,x)|eligible(x)∧requiresKosher(x)∧certifiedKosher(y)∧sponsored(y))",True,True,2,none,11,7,5
baseline,INDUSTRY060,Food Industry,permission,implication,Food Industry policy permits the recommender to use this market placement rule: Kosher certified products may be recommended when approved.,"∀x.∀y.certifiedKosher(y)∧approved(y)->P(recommend(System,y,x))",True,True,2,none,8,5,3
baseline,INDUSTRY060,Food Industry,permission,dyadic,Food Industry policy permits the recommender to use this market placement rule: Kosher certified products may be recommended when approved.,"∀x.∀y.P(recommend(System,y,x)|certifiedKosher(y)∧approved(y))",True,True,2,none,7,5,3
baseline,INDUSTRY061,Food Industry,obligation,implication,Food Industry policy requires the recommender to support this commercial objective: Users requiring gluten free food should receive certified gluten free product recommendations.,"∀x.∀y.requiresGlutenFree(x)∧certifiedGlutenFree(y)->O(recommend(System,y,x))",True,True,2,none,8,5,3
baseline,INDUSTRY061,Food Industry,obligation,dyadic,Food Industry policy requires the recommender to support this commercial objective: Users requiring gluten free food should receive certified gluten free product recommendations.,"∀x.∀y.O(recommend(System,y,x)|requiresGlutenFree(x)∧certifiedGlutenFree(y))",True,True,2,none,7,5,3
baseline,INDUSTRY062,Food Industry,permission,implication,Food Industry policy permits the recommender to use this market placement rule: Certified gluten free products may be recommended to gluten sensitive users.,"∀x.∀y.glutenSensitive(x)∧certifiedGlutenFree(y)->P(recommend(System,y,x))",True,True,2,none,8,5,3
baseline,INDUSTRY062,Food Industry,permission,dyadic,Food Industry policy permits the recommender to use this market placement rule: Certified gluten free products may be recommended to gluten sensitive users.,"∀x.∀y.P(recommend(System,y,x)|glutenSensitive(x)∧certifiedGlutenFree(y))",True,True,2,none,7,5,3
baseline,INDUSTRY063,Food Industry,prohibition,implication,Food Industry compliance prohibits the recommender from violating this product-suitability rule: Products without gluten free certification should not be recommended to gluten sensitive users.,"∀x.∀y.glutenSensitive(x)∧¬certifiedGlutenFree(y)->F(recommend(System,y,x))",True,True,2,none,9,6,3
baseline,INDUSTRY063,Food Industry,prohibition,dyadic,Food Industry compliance prohibits the recommender from violating this product-suitability rule: Products without gluten free certification should not be recommended to gluten sensitive users.,"∀x.∀y.F(recommend(System,y,x)|glutenSensitive(x)∧¬certifiedGlutenFree(y))",True,True,2,none,8,6,3
baseline,INDUSTRY064,Food Industry,obligation,implication,Food Industry policy requires the recommender to support this commercial objective: Certified gluten free sponsored products should be promoted to eligible gluten free users.,"∀x.∀y.eligible(x)∧requiresGlutenFree(x)∧certifiedGlutenFree(y)∧sponsored(y)->O(recommend(System,y,x))",True,True,2,none,12,7,5
baseline,INDUSTRY064,Food Industry,obligation,dyadic,Food Industry policy requires the recommender to support this commercial objective: Certified gluten free sponsored products should be promoted to eligible gluten free users.,"∀x.∀y.O(recommend(System,y,x)|eligible(x)∧requiresGlutenFree(x)∧certifiedGlutenFree(y)∧sponsored(y))",True,True,2,none,11,7,5
baseline,INDUSTRY065,Food Industry,permission,implication,Food Industry policy permits the recommender to use this market placement rule: Certified gluten free products may be recommended when available.,"∀x.∀y.certifiedGlutenFree(y)∧available(y)->P(recommend(System,y,x))",True,True,2,none,8,5,3
baseline,INDUSTRY065,Food Industry,permission,dyadic,Food Industry policy permits the recommender to use this market placement rule: Certified gluten free products may be recommended when available.,"∀x.∀y.P(recommend(System,y,x)|certifiedGlutenFree(y)∧available(y))",True,True,2,none,7,5,3
baseline,INDUSTRY066,Food Industry,obligation,implication,Food Industry policy requires the recommender to support this commercial objective: Users requiring lactose free food should receive certified lactose free product recommendations.,"∀x.∀y.requiresLactoseFree(x)∧certifiedLactoseFree(y)->O(recommend(System,y,x))",True,True,1,partial_concept_overlap,8,5,3
baseline,INDUSTRY066,Food Industry,obligation,dyadic,Food Industry policy requires the recommender to support this commercial objective: Users requiring lactose free food should receive certified lactose free product recommendations.,"∀x.∀y.O(recommend(System,y,x)|requiresLactoseFree(x)∧certifiedLactoseFree(y))",True,True,1,partial_concept_overlap,7,5,3
baseline,INDUSTRY067,Food Industry,permission,implication,Food Industry policy permits the recommender to use this market placement rule: Certified lactose free products may be recommended to lactose intolerant users.,"∀x.∀y.lactoseIntolerant(x)∧certifiedLactoseFree(y)->P(recommend(System,y,x))",True,True,1,partial_concept_overlap,8,5,3
baseline,INDUSTRY067,Food Industry,permission,dyadic,Food Industry policy permits the recommender to use this market placement rule: Certified lactose free products may be recommended to lactose intolerant users.,"∀x.∀y.P(recommend(System,y,x)|lactoseIntolerant(x)∧certifiedLactoseFree(y))",True,True,1,partial_concept_overlap,7,5,3
baseline,INDUSTRY068,Food Industry,prohibition,implication,Food Industry compliance prohibits the recommender from violating this product-suitability rule: Products without lactose free certification should not be recommended to lactose intolerant users.,"∀x.∀y.lactoseIntolerant(x)∧¬certifiedLactoseFree(y)->F(recommend(System,y,x))",True,True,1,partial_concept_overlap,9,6,3
baseline,INDUSTRY068,Food Industry,prohibition,dyadic,Food Industry compliance prohibits the recommender from violating this product-suitability rule: Products without lactose free certification should not be recommended to lactose intolerant users.,"∀x.∀y.F(recommend(System,y,x)|lactoseIntolerant(x)∧¬certifiedLactoseFree(y))",True,True,1,partial_concept_overlap,8,6,3
baseline,INDUSTRY069,Food Industry,obligation,implication,Food Industry policy requires the recommender to support this commercial objective: Certified lactose free sponsored products should be promoted to eligible lactose free users.,"∀x.∀y.eligible(x)∧requiresLactoseFree(x)∧certifiedLactoseFree(y)∧sponsored(y)->O(recommend(System,y,x))",True,True,1,partial_concept_overlap,12,7,5
baseline,INDUSTRY069,Food Industry,obligation,dyadic,Food Industry policy requires the recommender to support this commercial objective: Certified lactose free sponsored products should be promoted to eligible lactose free users.,"∀x.∀y.O(recommend(System,y,x)|eligible(x)∧requiresLactoseFree(x)∧certifiedLactoseFree(y)∧sponsored(y))",True,True,1,partial_concept_overlap,11,7,5
baseline,INDUSTRY070,Food Industry,permission,implication,Food Industry policy permits the recommender to use this market placement rule: Certified lactose free products may be recommended when available.,"∀x.∀y.certifiedLactoseFree(y)∧available(y)->P(recommend(System,y,x))",True,True,1,partial_concept_overlap,8,5,3
baseline,INDUSTRY070,Food Industry,permission,dyadic,Food Industry policy permits the recommender to use this market placement rule: Certified lactose free products may be recommended when available.,"∀x.∀y.P(recommend(System,y,x)|certifiedLactoseFree(y)∧available(y))",True,True,1,partial_concept_overlap,7,5,3
baseline,INDUSTRY071,Food Industry,obligation,implication,Food Industry policy requires the recommender to support this commercial objective: Users interested in Mediterranean products should receive Mediterranean meal recommendations.,"∀x.∀y.interestedIn(x,Mediterranean)∧mediterraneanMeal(y)->O(recommend(System,y,x))",True,True,2,none,8,5,3
baseline,INDUSTRY071,Food Industry,obligation,dyadic,Food Industry policy requires the recommender to support this commercial objective: Users interested in Mediterranean products should receive Mediterranean meal recommendations.,"∀x.∀y.O(recommend(System,y,x)|interestedIn(x,Mediterranean)∧mediterraneanMeal(y))",True,True,2,none,7,5,3
baseline,INDUSTRY072,Food Industry,permission,implication,Food Industry policy permits the recommender to use this market placement rule: Mediterranean meals may be recommended when available.,"∀x.∀y.mediterraneanMeal(y)∧available(y)->P(recommend(System,y,x))",True,True,2,none,8,5,3
baseline,INDUSTRY072,Food Industry,permission,dyadic,Food Industry policy permits the recommender to use this market placement rule: Mediterranean meals may be recommended when available.,"∀x.∀y.P(recommend(System,y,x)|mediterraneanMeal(y)∧available(y))",True,True,2,none,7,5,3
baseline,INDUSTRY073,Food Industry,prohibition,implication,Food Industry compliance prohibits the recommender from violating this product-suitability rule: Mediterranean sponsored meals should not be recommended when restricted.,"∀x.∀y.mediterraneanMeal(y)∧sponsored(y)∧restricted(y)->F(recommend(System,y,x))",True,True,2,none,10,6,4
baseline,INDUSTRY073,Food Industry,prohibition,dyadic,Food Industry compliance prohibits the recommender from violating this product-suitability rule: Mediterranean sponsored meals should not be recommended when restricted.,"∀x.∀y.F(recommend(System,y,x)|mediterraneanMeal(y)∧sponsored(y)∧restricted(y))",True,True,2,none,9,6,4
baseline,INDUSTRY074,Food Industry,obligation,implication,Food Industry policy requires the recommender to support this commercial objective: Certified Mediterranean meals should be promoted to eligible users.,"∀x.∀y.eligible(x)∧mediterraneanMeal(y)∧certified(y)->O(recommend(System,y,x))",True,True,2,none,10,6,4
baseline,INDUSTRY074,Food Industry,obligation,dyadic,Food Industry policy requires the recommender to support this commercial objective: Certified Mediterranean meals should be promoted to eligible users.,"∀x.∀y.O(recommend(System,y,x)|eligible(x)∧mediterraneanMeal(y)∧certified(y))",True,True,2,none,9,6,4
baseline,INDUSTRY075,Food Industry,permission,implication,Food Industry policy permits the recommender to use this market placement rule: Mediterranean meals may be recommended to loyal customers.,"∀x.∀y.loyalCustomer(x)∧mediterraneanMeal(y)->P(recommend(System,y,x))",True,True,2,none,8,5,3
baseline,INDUSTRY075,Food Industry,permission,dyadic,Food Industry policy permits the recommender to use this market placement rule: Mediterranean meals may be recommended to loyal customers.,"∀x.∀y.P(recommend(System,y,x)|loyalCustomer(x)∧mediterraneanMeal(y))",True,True,2,none,7,5,3
baseline,INDUSTRY076,Food Industry,obligation,implication,Food Industry policy requires the recommender to support this commercial objective: Users interested in Asian products should receive Asian meal recommendations.,"∀x.∀y.interestedIn(x,Asian)∧asianMeal(y)->O(recommend(System,y,x))",True,True,2,none,8,5,3
baseline,INDUSTRY076,Food Industry,obligation,dyadic,Food Industry policy requires the recommender to support this commercial objective: Users interested in Asian products should receive Asian meal recommendations.,"∀x.∀y.O(recommend(System,y,x)|interestedIn(x,Asian)∧asianMeal(y))",True,True,2,none,7,5,3
baseline,INDUSTRY077,Food Industry,permission,implication,Food Industry policy permits the recommender to use this market placement rule: Asian meals may be recommended when available.,"∀x.∀y.asianMeal(y)∧available(y)->P(recommend(System,y,x))",True,True,2,none,8,5,3
baseline,INDUSTRY077,Food Industry,permission,dyadic,Food Industry policy permits the recommender to use this market placement rule: Asian meals may be recommended when available.,"∀x.∀y.P(recommend(System,y,x)|asianMeal(y)∧available(y))",True,True,2,none,7,5,3
baseline,INDUSTRY078,Food Industry,prohibition,implication,Food Industry compliance prohibits the recommender from violating this product-suitability rule: Asian sponsored meals should not be recommended when restricted.,"∀x.∀y.asianMeal(y)∧sponsored(y)∧restricted(y)->F(recommend(System,y,x))",True,True,2,none,10,6,4
baseline,INDUSTRY078,Food Industry,prohibition,dyadic,Food Industry compliance prohibits the recommender from violating this product-suitability rule: Asian sponsored meals should not be recommended when restricted.,"∀x.∀y.F(recommend(System,y,x)|asianMeal(y)∧sponsored(y)∧restricted(y))",True,True,2,none,9,6,4
baseline,INDUSTRY079,Food Industry,obligation,implication,Food Industry policy requires the recommender to support this commercial objective: Certified Asian meals should be promoted to eligible users.,"∀x.∀y.eligible(x)∧asianMeal(y)∧certified(y)->O(recommend(System,y,x))",True,True,2,none,10,6,4
baseline,INDUSTRY079,Food Industry,obligation,dyadic,Food Industry policy requires the recommender to support this commercial objective: Certified Asian meals should be promoted to eligible users.,"∀x.∀y.O(recommend(System,y,x)|eligible(x)∧asianMeal(y)∧certified(y))",True,True,2,none,9,6,4
baseline,INDUSTRY080,Food Industry,permission,implication,Food Industry policy permits the recommender to use this market placement rule: Asian meals may be recommended to loyal customers.,"∀x.∀y.loyalCustomer(x)∧asianMeal(y)->P(recommend(System,y,x))",True,True,2,none,8,5,3
baseline,INDUSTRY080,Food Industry,permission,dyadic,Food Industry policy permits the recommender to use this market placement rule: Asian meals may be recommended to loyal customers.,"∀x.∀y.P(recommend(System,y,x)|loyalCustomer(x)∧asianMeal(y))",True,True,2,none,7,5,3
baseline,INDUSTRY081,Food Industry,permission,implication,Food Industry policy permits the recommender to use this market placement rule: Users preferring spicy products may receive spicy meal recommendations.,"∀x.∀y.prefers(x,y)∧spicy(y)->P(recommend(System,y,x))",True,True,2,none,8,5,3
baseline,INDUSTRY081,Food Industry,permission,dyadic,Food Industry policy permits the recommender to use this market placement rule: Users preferring spicy products may receive spicy meal recommendations.,"∀x.∀y.P(recommend(System,y,x)|prefers(x,y)∧spicy(y))",True,True,2,none,7,5,3
baseline,INDUSTRY082,Food Industry,obligation,implication,Food Industry policy requires the recommender to support this commercial objective: Spicy products should be promoted to users interested in spicy products.,"∀x.∀y.interestedIn(x,SpicyFood)∧spicy(y)->O(recommend(System,y,x))",True,True,2,none,8,5,3
baseline,INDUSTRY082,Food Industry,obligation,dyadic,Food Industry policy requires the recommender to support this commercial objective: Spicy products should be promoted to users interested in spicy products.,"∀x.∀y.O(recommend(System,y,x)|interestedIn(x,SpicyFood)∧spicy(y))",True,True,2,none,7,5,3
baseline,INDUSTRY083,Food Industry,prohibition,implication,Food Industry compliance prohibits the recommender from violating this product-suitability rule: Spicy products should not be recommended to users avoiding spicy products.,"∀x.∀y.avoids(x,y)∧spicy(y)->F(recommend(System,y,x))",True,True,2,none,8,5,3
baseline,INDUSTRY083,Food Industry,prohibition,dyadic,Food Industry compliance prohibits the recommender from violating this product-suitability rule: Spicy products should not be recommended to users avoiding spicy products.,"∀x.∀y.F(recommend(System,y,x)|avoids(x,y)∧spicy(y))",True,True,2,none,7,5,3
baseline,INDUSTRY084,Food Industry,permission,implication,Food Industry policy permits the recommender to use this market placement rule: Mild products may be recommended to users avoiding spicy products.,"∀x.∀y.avoids(x,y)∧mild(y)->P(recommend(System,y,x))",True,True,1,partial_concept_overlap,8,5,3
baseline,INDUSTRY084,Food Industry,permission,dyadic,Food Industry policy permits the recommender to use this market placement rule: Mild products may be recommended to users avoiding spicy products.,"∀x.∀y.P(recommend(System,y,x)|avoids(x,y)∧mild(y))",True,True,1,partial_concept_overlap,7,5,3
baseline,INDUSTRY085,Food Industry,obligation,implication,Food Industry policy requires the recommender to support this commercial objective: Mild products should be recommended to users preferring mild meals.,"∀x.∀y.prefers(x,y)∧mild(y)->O(recommend(System,y,x))",True,True,2,none,8,5,3
baseline,INDUSTRY085,Food Industry,obligation,dyadic,Food Industry policy requires the recommender to support this commercial objective: Mild products should be recommended to users preferring mild meals.,"∀x.∀y.O(recommend(System,y,x)|prefers(x,y)∧mild(y))",True,True,2,none,7,5,3
baseline,INDUSTRY086,Food Industry,prohibition,implication,Food Industry compliance prohibits the recommender from violating this product-suitability rule: Products unsafe for a user should not be recommended.,"∀x.∀y.¬safeFor(x,y)->F(recommend(System,y,x))",True,True,0,semantic_mismatch_possible,7,5,2
baseline,INDUSTRY086,Food Industry,prohibition,dyadic,Food Industry compliance prohibits the recommender from violating this product-suitability rule: Products unsafe for a user should not be recommended.,"∀x.∀y.F(recommend(System,y,x)|¬safeFor(x,y))",True,True,0,semantic_mismatch_possible,6,5,2
baseline,INDUSTRY087,Food Industry,prohibition,implication,Food Industry compliance prohibits the recommender from violating this product-suitability rule: Products containing nuts should not be recommended to nut allergic users.,"∀x.∀y.allergicTo(x,Nuts)∧contains(y,Nuts)->F(recommend(System,y,x))",True,True,2,none,8,5,3
baseline,INDUSTRY087,Food Industry,prohibition,dyadic,Food Industry compliance prohibits the recommender from violating this product-suitability rule: Products containing nuts should not be recommended to nut allergic users.,"∀x.∀y.F(recommend(System,y,x)|allergicTo(x,Nuts)∧contains(y,Nuts))",True,True,2,none,7,5,3
baseline,INDUSTRY088,Food Industry,prohibition,implication,Food Industry compliance prohibits the recommender from violating this product-suitability rule: Products containing shellfish should not be recommended to shellfish allergic users.,"∀x.∀y.allergicTo(x,Shellfish)∧contains(y,Shellfish)->F(recommend(System,y,x))",True,True,2,none,8,5,3
baseline,INDUSTRY088,Food Industry,prohibition,dyadic,Food Industry compliance prohibits the recommender from violating this product-suitability rule: Products containing shellfish should not be recommended to shellfish allergic users.,"∀x.∀y.F(recommend(System,y,x)|allergicTo(x,Shellfish)∧contains(y,Shellfish))",True,True,2,none,7,5,3
baseline,INDUSTRY089,Food Industry,permission,implication,Food Industry policy permits the recommender to use this market placement rule: Approved products may be recommended to eligible users.,"∀x.∀y.eligible(x)∧approved(y)->P(recommend(System,y,x))",True,True,2,none,8,5,3
baseline,INDUSTRY089,Food Industry,permission,dyadic,Food Industry policy permits the recommender to use this market placement rule: Approved products may be recommended to eligible users.,"∀x.∀y.P(recommend(System,y,x)|eligible(x)∧approved(y))",True,True,2,none,7,5,3
baseline,INDUSTRY090,Food Industry,obligation,implication,Food Industry policy requires the recommender to support this commercial objective: Approved sponsored products should be promoted to eligible users.,"∀x.∀y.eligible(x)∧approved(y)∧sponsored(y)->O(recommend(System,y,x))",True,True,2,none,10,6,4
baseline,INDUSTRY090,Food Industry,obligation,dyadic,Food Industry policy requires the recommender to support this commercial objective: Approved sponsored products should be promoted to eligible users.,"∀x.∀y.O(recommend(System,y,x)|eligible(x)∧approved(y)∧sponsored(y))",True,True,2,none,9,6,4
baseline,INDUSTRY091,Food Industry,prohibition,implication,Food Industry compliance prohibits the recommender from violating this product-suitability rule: Unavailable products should not be recommended.,"∀x.∀y.¬available(y)->F(recommend(System,y,x))",True,True,0,semantic_mismatch_possible,7,5,2
baseline,INDUSTRY091,Food Industry,prohibition,dyadic,Food Industry compliance prohibits the recommender from violating this product-suitability rule: Unavailable products should not be recommended.,"∀x.∀y.F(recommend(System,y,x)|¬available(y))",True,True,0,semantic_mismatch_possible,6,5,2
baseline,INDUSTRY092,Food Industry,permission,implication,Food Industry policy permits the recommender to use this market placement rule: Available approved products may be recommended to adults.,"∀x.∀y.adult(x)∧available(y)∧approved(y)->P(recommend(System,y,x))",True,True,2,none,10,6,4
baseline,INDUSTRY092,Food Industry,permission,dyadic,Food Industry policy permits the recommender to use this market placement rule: Available approved products may be recommended to adults.,"∀x.∀y.P(recommend(System,y,x)|adult(x)∧available(y)∧approved(y))",True,True,2,none,9,6,4
baseline,INDUSTRY093,Food Industry,obligation,implication,Food Industry policy requires the recommender to support this commercial objective: Available certified products should be recommended to loyal customers.,"∀x.∀y.loyalCustomer(x)∧available(y)∧certified(y)->O(recommend(System,y,x))",True,True,2,none,10,6,4
baseline,INDUSTRY093,Food Industry,obligation,dyadic,Food Industry policy requires the recommender to support this commercial objective: Available certified products should be recommended to loyal customers.,"∀x.∀y.O(recommend(System,y,x)|loyalCustomer(x)∧available(y)∧certified(y))",True,True,2,none,9,6,4
baseline,INDUSTRY094,Food Industry,prohibition,implication,Food Industry compliance prohibits the recommender from violating this product-suitability rule: Restricted products should not be recommended even when sponsored.,"∀x.∀y.restricted(y)∧sponsored(y)->F(recommend(System,y,x))",True,True,2,none,8,5,3
baseline,INDUSTRY094,Food Industry,prohibition,dyadic,Food Industry compliance prohibits the recommender from violating this product-suitability rule: Restricted products should not be recommended even when sponsored.,"∀x.∀y.F(recommend(System,y,x)|restricted(y)∧sponsored(y))",True,True,2,none,7,5,3
baseline,INDUSTRY095,Food Industry,permission,implication,Food Industry policy permits the recommender to use this market placement rule: Brand safe products may be recommended to eligible users.,"∀x.∀y.eligible(x)∧brandSafe(y)->P(recommend(System,y,x))",True,True,2,none,8,5,3
baseline,INDUSTRY095,Food Industry,permission,dyadic,Food Industry policy permits the recommender to use this market placement rule: Brand safe products may be recommended to eligible users.,"∀x.∀y.P(recommend(System,y,x)|eligible(x)∧brandSafe(y))",True,True,2,none,7,5,3
baseline,INDUSTRY096,Food Industry,prohibition,implication,Food Industry compliance prohibits the recommender from violating this product-suitability rule: Brand unsafe products should not be recommended.,"∀x.∀y.brandUnsafe(y)->F(recommend(System,y,x))",True,True,0,semantic_mismatch_possible,6,5,2
baseline,INDUSTRY096,Food Industry,prohibition,dyadic,Food Industry compliance prohibits the recommender from violating this product-suitability rule: Brand unsafe products should not be recommended.,"∀x.∀y.F(recommend(System,y,x)|brandUnsafe(y))",True,True,0,semantic_mismatch_possible,5,4,2
baseline,INDUSTRY097,Food Industry,obligation,implication,Food Industry policy requires the recommender to support this commercial objective: Market preference products should be promoted to interested users.,"∀x.∀y.interestedIn(x,MarketPreference)∧marketPreferenceProduct(y)->O(recommend(System,y,x))",True,True,2,none,8,5,3
baseline,INDUSTRY097,Food Industry,obligation,dyadic,Food Industry policy requires the recommender to support this commercial objective: Market preference products should be promoted to interested users.,"∀x.∀y.O(recommend(System,y,x)|interestedIn(x,MarketPreference)∧marketPreferenceProduct(y))",True,True,2,none,7,5,3
baseline,INDUSTRY098,Food Industry,permission,implication,Food Industry policy permits the recommender to use this market placement rule: Cuisine specific products may be recommended to interested users.,"∀x.∀y.interestedIn(x,CuisineSpecific)∧cuisineSpecificProduct(y)->P(recommend(System,y,x))",True,True,2,none,8,5,3
baseline,INDUSTRY098,Food Industry,permission,dyadic,Food Industry policy permits the recommender to use this market placement rule: Cuisine specific products may be recommended to interested users.,"∀x.∀y.P(recommend(System,y,x)|interestedIn(x,CuisineSpecific)∧cuisineSpecificProduct(y))",True,True,2,none,7,5,3
baseline,INDUSTRY099,Food Industry,prohibition,implication,Food Industry compliance prohibits the recommender from violating this product-suitability rule: Sponsored products conflicting with user safety should not be recommended.,"∀x.∀y.sponsored(y)∧¬safeFor(x,y)->F(recommend(System,y,x))",True,True,2,none,9,6,3
baseline,INDUSTRY099,Food Industry,prohibition,dyadic,Food Industry compliance prohibits the recommender from violating this product-suitability rule: Sponsored products conflicting with user safety should not be recommended.,"∀x.∀y.F(recommend(System,y,x)|sponsored(y)∧¬safeFor(x,y))",True,True,2,none,8,6,3
baseline,INDUSTRY100,Food Industry,obligation,implication,Food Industry policy requires the recommender to support this commercial objective: Available brand safe sponsored products should be recommended to loyal eligible users.,"∀x.∀y.eligible(x)∧loyalCustomer(x)∧sponsored(y)∧available(y)∧brandSafe(y)->O(recommend(System,y,x))",True,True,2,none,14,8,6
baseline,INDUSTRY100,Food Industry,obligation,dyadic,Food Industry policy requires the recommender to support this commercial objective: Available brand safe sponsored products should be recommended to loyal eligible users.,"∀x.∀y.O(recommend(System,y,x)|eligible(x)∧loyalCustomer(x)∧sponsored(y)∧available(y)∧brandSafe(y))",True,True,2,none,13,8,6
claude,USER001,User,prohibition,implication,Children should not receive energy drink recommendations.,"∀x.∀y.child(x)∧energyDrink(y)->F(recommend(System,y,x))",True,True,2,none,8,5,3
claude,USER001,User,prohibition,dyadic,Children should not receive energy drink recommendations.,"∀x.∀y.F(recommend(System,y,x)|child(x)∧energyDrink(y))",True,True,2,none,7,5,3
claude,USER002,User,prohibition,implication,Children should not be recommended sugary snacks.,"∀x.∀y.child(x)∧sugarySnack(y)->F(recommend(System,y,x))",True,True,2,none,8,5,3
claude,USER002,User,prohibition,dyadic,Children should not be recommended sugary snacks.,"∀x.∀y.F(recommend(System,y,x)|child(x)∧sugarySnack(y))",True,True,2,none,7,5,3
claude,USER003,User,prohibition,implication,Children should not be recommended ultra-processed food.,"∀x.∀y.child(x)∧ultraProcessedFood(y)->F(recommend(System,y,x))",True,True,2,none,8,5,3
claude,USER003,User,prohibition,dyadic,Children should not be recommended ultra-processed food.,"∀x.∀y.F(recommend(System,y,x)|child(x)∧ultraProcessedFood(y))",True,True,2,none,7,5,3
claude,USER004,User,permission,implication,Children may be recommended healthy meals.,"∀x.∀y.child(x)∧healthyMeal(y)->P(recommend(System,y,x))",True,True,2,none,8,5,3
claude,USER004,User,permission,dyadic,Children may be recommended healthy meals.,"∀x.∀y.P(recommend(System,y,x)|child(x)∧healthyMeal(y))",True,True,2,none,7,5,3
claude,USER005,User,obligation,implication,Children must be recommended low sugar food.,"∀x.∀y.child(x)∧lowSugarFood(y)->O(recommend(System,y,x))",True,True,2,none,8,5,3
claude,USER005,User,obligation,dyadic,Children must be recommended low sugar food.,"∀x.∀y.O(recommend(System,y,x)|child(x)∧lowSugarFood(y))",True,True,2,none,7,5,3
claude,USER006,User,prohibition,implication,Children should not be recommended spicy meals.,"∀x.∀y.child(x)∧spicyMeal(y)->F(recommend(System,y,x))",True,True,2,none,8,5,3
claude,USER006,User,prohibition,dyadic,Children should not be recommended spicy meals.,"∀x.∀y.F(recommend(System,y,x)|child(x)∧spicyMeal(y))",True,True,2,none,7,5,3
claude,USER007,User,permission,implication,Children may be recommended mild meals.,"∀x.∀y.child(x)∧mildMeal(y)->P(recommend(System,y,x))",True,True,2,none,8,5,3
claude,USER007,User,permission,dyadic,Children may be recommended mild meals.,"∀x.∀y.P(recommend(System,y,x)|child(x)∧mildMeal(y))",True,True,2,none,7,5,3
claude,USER008,User,permission,implication,Adults may be recommended energy drinks.,"∀x.∀y.adult(x)∧energyDrink(y)->P(recommend(System,y,x))",True,True,2,none,8,5,3
claude,USER008,User,permission,dyadic,Adults may be recommended energy drinks.,"∀x.∀y.P(recommend(System,y,x)|adult(x)∧energyDrink(y))",True,True,2,none,7,5,3
claude,USER009,User,permission,implication,Adults may be recommended spicy meals.,"∀x.∀y.adult(x)∧spicyMeal(y)->P(recommend(System,y,x))",True,True,2,none,8,5,3
claude,USER009,User,permission,dyadic,Adults may be recommended spicy meals.,"∀x.∀y.P(recommend(System,y,x)|adult(x)∧spicyMeal(y))",True,True,2,none,7,5,3
claude,USER010,User,permission,implication,Adults may be recommended affordable meals.,"∀x.∀y.adult(x)∧affordableMeal(y)->P(recommend(System,y,x))",True,True,2,none,8,5,3
claude,USER010,User,permission,dyadic,Adults may be recommended affordable meals.,"∀x.∀y.P(recommend(System,y,x)|adult(x)∧affordableMeal(y))",True,True,2,none,7,5,3
claude,USER011,User,obligation,implication,Elderly users should be recommended low salt food.,"∀x.∀y.elderly(x)∧lowSaltFood(y)->O(recommend(System,y,x))",True,True,2,none,8,5,3
claude,USER011,User,obligation,dyadic,Elderly users should be recommended low salt food.,"∀x.∀y.O(recommend(System,y,x)|elderly(x)∧lowSaltFood(y))",True,True,2,none,7,5,3
claude,USER012,User,prohibition,implication,Elderly users should not be recommended salty snacks.,"∀x.∀y.elderly(x)∧saltySnack(y)->F(recommend(System,y,x))",True,True,2,none,8,5,3
claude,USER012,User,prohibition,dyadic,Elderly users should not be recommended salty snacks.,"∀x.∀y.F(recommend(System,y,x)|elderly(x)∧saltySnack(y))",True,True,2,none,7,5,3
claude,USER013,User,permission,implication,Elderly users may be recommended healthy meals.,"∀x.∀y.elderly(x)∧healthyMeal(y)->P(recommend(System,y,x))",True,True,2,none,8,5,3
claude,USER013,User,permission,dyadic,Elderly users may be recommended healthy meals.,"∀x.∀y.P(recommend(System,y,x)|elderly(x)∧healthyMeal(y))",True,True,2,none,7,5,3
claude,USER014,User,prohibition,implication,Elderly users should not be recommended ultra-processed food.,"∀x.∀y.elderly(x)∧ultraProcessedFood(y)->F(recommend(System,y,x))",True,True,2,none,8,5,3
claude,USER014,User,prohibition,dyadic,Elderly users should not be recommended ultra-processed food.,"∀x.∀y.F(recommend(System,y,x)|elderly(x)∧ultraProcessedFood(y))",True,True,2,none,7,5,3
claude,USER015,User,prohibition,implication,Pregnant users should not be recommended energy drinks.,"∀x.∀y.pregnant(x)∧energyDrink(y)->F(recommend(System,y,x))",True,True,2,none,8,5,3
claude,USER015,User,prohibition,dyadic,Pregnant users should not be recommended energy drinks.,"∀x.∀y.F(recommend(System,y,x)|pregnant(x)∧energyDrink(y))",True,True,2,none,7,5,3
claude,USER016,User,obligation,implication,Pregnant users must be recommended healthy meals.,"∀x.∀y.pregnant(x)∧healthyMeal(y)->O(recommend(System,y,x))",True,True,2,none,8,5,3
claude,USER016,User,obligation,dyadic,Pregnant users must be recommended healthy meals.,"∀x.∀y.O(recommend(System,y,x)|pregnant(x)∧healthyMeal(y))",True,True,2,none,7,5,3
claude,USER017,User,prohibition,implication,Pregnant users should not be recommended shellfish meals.,"∀x.∀y.pregnant(x)∧shellfishMeal(y)->F(recommend(System,y,x))",True,True,2,none,8,5,3
claude,USER017,User,prohibition,dyadic,Pregnant users should not be recommended shellfish meals.,"∀x.∀y.F(recommend(System,y,x)|pregnant(x)∧shellfishMeal(y))",True,True,2,none,7,5,3
claude,USER018,User,permission,implication,Pregnant users may be recommended low sugar food.,"∀x.∀y.pregnant(x)∧lowSugarFood(y)->P(recommend(System,y,x))",True,True,2,none,8,5,3
claude,USER018,User,permission,dyadic,Pregnant users may be recommended low sugar food.,"∀x.∀y.P(recommend(System,y,x)|pregnant(x)∧lowSugarFood(y))",True,True,2,none,7,5,3
claude,USER019,User,prohibition,implication,Diabetic users should not be recommended sugary snacks.,"∀x.∀y.diabetic(x)∧sugarySnack(y)->F(recommend(System,y,x))",True,True,2,none,8,5,3
claude,USER019,User,prohibition,dyadic,Diabetic users should not be recommended sugary snacks.,"∀x.∀y.F(recommend(System,y,x)|diabetic(x)∧sugarySnack(y))",True,True,2,none,7,5,3
claude,USER020,User,obligation,implication,Diabetic users must be recommended low sugar food.,"∀x.∀y.diabetic(x)∧lowSugarFood(y)->O(recommend(System,y,x))",True,True,2,none,8,5,3
claude,USER020,User,obligation,dyadic,Diabetic users must be recommended low sugar food.,"∀x.∀y.O(recommend(System,y,x)|diabetic(x)∧lowSugarFood(y))",True,True,2,none,7,5,3
claude,USER021,User,prohibition,implication,Diabetic users should not be recommended energy drinks.,"∀x.∀y.diabetic(x)∧energyDrink(y)->F(recommend(System,y,x))",True,True,2,none,8,5,3
claude,USER021,User,prohibition,dyadic,Diabetic users should not be recommended energy drinks.,"∀x.∀y.F(recommend(System,y,x)|diabetic(x)∧energyDrink(y))",True,True,2,none,7,5,3
claude,USER022,User,permission,implication,Diabetic users may be recommended healthy meals.,"∀x.∀y.diabetic(x)∧healthyMeal(y)->P(recommend(System,y,x))",True,True,2,none,8,5,3
claude,USER022,User,permission,dyadic,Diabetic users may be recommended healthy meals.,"∀x.∀y.P(recommend(System,y,x)|diabetic(x)∧healthyMeal(y))",True,True,2,none,7,5,3
claude,USER023,User,prohibition,implication,Hypertensive users should not be recommended salty snacks.,"∀x.∀y.hypertensive(x)∧saltySnack(y)->F(recommend(System,y,x))",True,True,2,none,8,5,3
claude,USER023,User,prohibition,dyadic,Hypertensive users should not be recommended salty snacks.,"∀x.∀y.F(recommend(System,y,x)|hypertensive(x)∧saltySnack(y))",True,True,2,none,7,5,3
claude,USER024,User,obligation,implication,Hypertensive users must be recommended low salt food.,"∀x.∀y.hypertensive(x)∧lowSaltFood(y)->O(recommend(System,y,x))",True,True,2,none,8,5,3
claude,USER024,User,obligation,dyadic,Hypertensive users must be recommended low salt food.,"∀x.∀y.O(recommend(System,y,x)|hypertensive(x)∧lowSaltFood(y))",True,True,2,none,7,5,3
claude,USER025,User,prohibition,implication,Hypertensive users should not be recommended ultra-processed food.,"∀x.∀y.hypertensive(x)∧ultraProcessedFood(y)->F(recommend(System,y,x))",True,True,2,none,8,5,3
claude,USER025,User,prohibition,dyadic,Hypertensive users should not be recommended ultra-processed food.,"∀x.∀y.F(recommend(System,y,x)|hypertensive(x)∧ultraProcessedFood(y))",True,True,2,none,7,5,3
claude,USER026,User,permission,implication,Hypertensive users may be recommended Mediterranean meals.,"∀x.∀y.hypertensive(x)∧mediterraneanMeal(y)->P(recommend(System,y,x))",True,True,2,none,8,5,3
claude,USER026,User,permission,dyadic,Hypertensive users may be recommended Mediterranean meals.,"∀x.∀y.P(recommend(System,y,x)|hypertensive(x)∧mediterraneanMeal(y))",True,True,2,none,7,5,3
claude,USER027,User,prohibition,implication,Users allergic to nuts should not be recommended nut snacks.,"∀x.∀y.allergicTo(x,Nuts)∧nutSnack(y)->F(recommend(System,y,x))",True,True,2,none,8,5,3
claude,USER027,User,prohibition,dyadic,Users allergic to nuts should not be recommended nut snacks.,"∀x.∀y.F(recommend(System,y,x)|allergicTo(x,Nuts)∧nutSnack(y))",True,True,2,none,7,5,3
claude,USER028,User,prohibition,implication,Users allergic to nuts should not be recommended food containing nuts.,"∀x.∀y.allergicTo(x,Nuts)∧contains(y,Nuts)->F(recommend(System,y,x))",True,True,2,none,8,5,3
claude,USER028,User,prohibition,dyadic,Users allergic to nuts should not be recommended food containing nuts.,"∀x.∀y.F(recommend(System,y,x)|allergicTo(x,Nuts)∧contains(y,Nuts))",True,True,2,none,7,5,3
claude,USER029,User,prohibition,implication,Users allergic to shellfish should not be recommended shellfish meals.,"∀x.∀y.allergicTo(x,Shellfish)∧shellfishMeal(y)->F(recommend(System,y,x))",True,True,2,none,8,5,3
claude,USER029,User,prohibition,dyadic,Users allergic to shellfish should not be recommended shellfish meals.,"∀x.∀y.F(recommend(System,y,x)|allergicTo(x,Shellfish)∧shellfishMeal(y))",True,True,2,none,7,5,3
claude,USER030,User,prohibition,implication,Users allergic to shellfish should not be recommended food containing shellfish.,"∀x.∀y.allergicTo(x,Shellfish)∧contains(y,Shellfish)->F(recommend(System,y,x))",True,True,2,none,8,5,3
claude,USER030,User,prohibition,dyadic,Users allergic to shellfish should not be recommended food containing shellfish.,"∀x.∀y.F(recommend(System,y,x)|allergicTo(x,Shellfish)∧contains(y,Shellfish))",True,True,2,none,7,5,3
claude,USER031,User,obligation,implication,Vegan users must be recommended vegan meals.,"∀x.∀y.vegan(x)∧veganMeal(y)->O(recommend(System,y,x))",True,True,2,none,8,5,3
claude,USER031,User,obligation,dyadic,Vegan users must be recommended vegan meals.,"∀x.∀y.O(recommend(System,y,x)|vegan(x)∧veganMeal(y))",True,True,2,none,7,5,3
claude,USER032,User,prohibition,implication,Vegan users should not be recommended non-vegan products.,"∀x.∀y.vegan(x)∧nonVegan(y)->F(recommend(System,y,x))",True,True,2,none,8,5,3
claude,USER032,User,prohibition,dyadic,Vegan users should not be recommended non-vegan products.,"∀x.∀y.F(recommend(System,y,x)|vegan(x)∧nonVegan(y))",True,True,2,none,7,5,3
claude,USER033,User,permission,implication,Vegan users may be recommended sustainable meals.,"∀x.∀y.vegan(x)∧sustainableMeal(y)->P(recommend(System,y,x))",True,True,2,none,8,5,3
claude,USER033,User,permission,dyadic,Vegan users may be recommended sustainable meals.,"∀x.∀y.P(recommend(System,y,x)|vegan(x)∧sustainableMeal(y))",True,True,2,none,7,5,3
claude,USER034,User,permission,implication,Vegetarian users may be recommended vegetarian meals.,"∀x.∀y.vegetarian(x)∧vegetarianMeal(y)->P(recommend(System,y,x))",True,True,2,none,8,5,3
claude,USER034,User,permission,dyadic,Vegetarian users may be recommended vegetarian meals.,"∀x.∀y.P(recommend(System,y,x)|vegetarian(x)∧vegetarianMeal(y))",True,True,2,none,7,5,3
claude,USER035,User,prohibition,implication,Vegetarian users should not be recommended shellfish meals.,"∀x.∀y.vegetarian(x)∧shellfishMeal(y)->F(recommend(System,y,x))",True,True,2,none,8,5,3
claude,USER035,User,prohibition,dyadic,Vegetarian users should not be recommended shellfish meals.,"∀x.∀y.F(recommend(System,y,x)|vegetarian(x)∧shellfishMeal(y))",True,True,2,none,7,5,3
claude,USER036,User,obligation,implication,Users who require halal food must be recommended halal meals.,"∀x.∀y.requiresHalal(x)∧halalMeal(y)->O(recommend(System,y,x))",True,True,2,none,8,5,3
claude,USER036,User,obligation,dyadic,Users who require halal food must be recommended halal meals.,"∀x.∀y.O(recommend(System,y,x)|requiresHalal(x)∧halalMeal(y))",True,True,2,none,7,5,3
claude,USER037,User,permission,implication,Users who require halal food may be recommended certified halal products.,"∀x.∀y.requiresHalal(x)∧certifiedHalal(y)->P(recommend(System,y,x))",True,True,2,none,8,5,3
claude,USER037,User,permission,dyadic,Users who require halal food may be recommended certified halal products.,"∀x.∀y.P(recommend(System,y,x)|requiresHalal(x)∧certifiedHalal(y))",True,True,2,none,7,5,3
claude,USER038,User,obligation,implication,Users who require kosher food must be recommended kosher meals.,"∀x.∀y.requiresKosher(x)∧kosherMeal(y)->O(recommend(System,y,x))",True,True,2,none,8,5,3
claude,USER038,User,obligation,dyadic,Users who require kosher food must be recommended kosher meals.,"∀x.∀y.O(recommend(System,y,x)|requiresKosher(x)∧kosherMeal(y))",True,True,2,none,7,5,3
claude,USER039,User,permission,implication,Users who require kosher food may be recommended certified kosher products.,"∀x.∀y.requiresKosher(x)∧certifiedKosher(y)->P(recommend(System,y,x))",True,True,2,none,8,5,3
claude,USER039,User,permission,dyadic,Users who require kosher food may be recommended certified kosher products.,"∀x.∀y.P(recommend(System,y,x)|requiresKosher(x)∧certifiedKosher(y))",True,True,2,none,7,5,3
claude,USER040,User,prohibition,implication,Users who require kosher food should not be recommended shellfish meals.,"∀x.∀y.requiresKosher(x)∧shellfishMeal(y)->F(recommend(System,y,x))",True,True,2,none,8,5,3
claude,USER040,User,prohibition,dyadic,Users who require kosher food should not be recommended shellfish meals.,"∀x.∀y.F(recommend(System,y,x)|requiresKosher(x)∧shellfishMeal(y))",True,True,2,none,7,5,3
claude,USER041,User,obligation,implication,Users who require gluten-free food must be recommended gluten-free meals.,"∀x.∀y.requiresGlutenFree(x)∧glutenFreeMeal(y)->O(recommend(System,y,x))",True,True,2,none,8,5,3
claude,USER041,User,obligation,dyadic,Users who require gluten-free food must be recommended gluten-free meals.,"∀x.∀y.O(recommend(System,y,x)|requiresGlutenFree(x)∧glutenFreeMeal(y))",True,True,2,none,7,5,3
claude,USER042,User,permission,implication,Users who require gluten-free food may be recommended certified gluten-free products.,"∀x.∀y.requiresGlutenFree(x)∧certifiedGlutenFree(y)->P(recommend(System,y,x))",True,True,2,none,8,5,3
claude,USER042,User,permission,dyadic,Users who require gluten-free food may be recommended certified gluten-free products.,"∀x.∀y.P(recommend(System,y,x)|requiresGlutenFree(x)∧certifiedGlutenFree(y))",True,True,2,none,7,5,3
claude,USER043,User,prohibition,implication,Gluten sensitive users should not be recommended non gluten-free meals.,"∀x.∀y.glutenSensitive(x)∧¬glutenFreeMeal(y)->F(recommend(System,y,x))",True,True,2,none,9,6,3
claude,USER043,User,prohibition,dyadic,Gluten sensitive users should not be recommended non gluten-free meals.,"∀x.∀y.F(recommend(System,y,x)|glutenSensitive(x)∧¬glutenFreeMeal(y))",True,True,2,none,8,6,3
claude,USER044,User,obligation,implication,Users who require lactose-free food must be recommended lactose-free meals.,"∀x.∀y.requiresLactoseFree(x)∧lactoseFreeMeal(y)->O(recommend(System,y,x))",True,True,2,none,8,5,3
claude,USER044,User,obligation,dyadic,Users who require lactose-free food must be recommended lactose-free meals.,"∀x.∀y.O(recommend(System,y,x)|requiresLactoseFree(x)∧lactoseFreeMeal(y))",True,True,2,none,7,5,3
claude,USER045,User,permission,implication,Lactose intolerant users may be recommended certified lactose-free products.,"∀x.∀y.lactoseIntolerant(x)∧certifiedLactoseFree(y)->P(recommend(System,y,x))",True,True,1,partial_concept_overlap,8,5,3
claude,USER045,User,permission,dyadic,Lactose intolerant users may be recommended certified lactose-free products.,"∀x.∀y.P(recommend(System,y,x)|lactoseIntolerant(x)∧certifiedLactoseFree(y))",True,True,1,partial_concept_overlap,7,5,3
claude,USER046,User,prohibition,implication,Lactose intolerant users should not be recommended non lactose-free meals.,"∀x.∀y.lactoseIntolerant(x)∧¬lactoseFreeMeal(y)->F(recommend(System,y,x))",True,True,1,partial_concept_overlap,9,6,3
claude,USER046,User,prohibition,dyadic,Lactose intolerant users should not be recommended non lactose-free meals.,"∀x.∀y.F(recommend(System,y,x)|lactoseIntolerant(x)∧¬lactoseFreeMeal(y))",True,True,1,partial_concept_overlap,8,6,3
claude,USER047,User,obligation,implication,Users who require low sugar must be recommended low sugar food.,"∀x.∀y.requiresLowSugar(x)∧lowSugarFood(y)->O(recommend(System,y,x))",True,True,2,none,8,5,3
claude,USER047,User,obligation,dyadic,Users who require low sugar must be recommended low sugar food.,"∀x.∀y.O(recommend(System,y,x)|requiresLowSugar(x)∧lowSugarFood(y))",True,True,2,none,7,5,3
claude,USER048,User,prohibition,implication,Users who require low sugar should not be recommended sugary snacks.,"∀x.∀y.requiresLowSugar(x)∧sugarySnack(y)->F(recommend(System,y,x))",True,True,2,none,8,5,3
claude,USER048,User,prohibition,dyadic,Users who require low sugar should not be recommended sugary snacks.,"∀x.∀y.F(recommend(System,y,x)|requiresLowSugar(x)∧sugarySnack(y))",True,True,2,none,7,5,3
claude,USER049,User,obligation,implication,Users who require low salt must be recommended low salt food.,"∀x.∀y.requiresLowSalt(x)∧lowSaltFood(y)->O(recommend(System,y,x))",True,True,2,none,8,5,3
claude,USER049,User,obligation,dyadic,Users who require low salt must be recommended low salt food.,"∀x.∀y.O(recommend(System,y,x)|requiresLowSalt(x)∧lowSaltFood(y))",True,True,2,none,7,5,3
claude,USER050,User,prohibition,implication,Users who require low salt should not be recommended salty snacks.,"∀x.∀y.requiresLowSalt(x)∧saltySnack(y)->F(recommend(System,y,x))",True,True,2,none,8,5,3
claude,USER050,User,prohibition,dyadic,Users who require low salt should not be recommended salty snacks.,"∀x.∀y.F(recommend(System,y,x)|requiresLowSalt(x)∧saltySnack(y))",True,True,2,none,7,5,3
claude,USER051,User,permission,implication,Users may be recommended products they prefer.,"∀x.∀y.prefers(x,y)->P(recommend(System,y,x))",True,True,0,semantic_mismatch_possible,6,5,2
claude,USER051,User,permission,dyadic,Users may be recommended products they prefer.,"∀x.∀y.P(recommend(System,y,x)|prefers(x,y))",True,True,0,semantic_mismatch_possible,5,4,2
claude,USER052,User,prohibition,implication,Users should not be recommended products they avoid.,"∀x.∀y.avoids(x,y)->F(recommend(System,y,x))",True,True,0,semantic_mismatch_possible,6,5,2
claude,USER052,User,prohibition,dyadic,Users should not be recommended products they avoid.,"∀x.∀y.F(recommend(System,y,x)|avoids(x,y))",True,True,0,semantic_mismatch_possible,5,4,2
claude,USER053,User,permission,implication,Users who prefer Mediterranean cuisine may be recommended Mediterranean meals.,"∀x.∀y.prefers(x,y)∧mediterraneanMeal(y)->P(recommend(System,y,x))",True,True,2,none,8,5,3
claude,USER053,User,permission,dyadic,Users who prefer Mediterranean cuisine may be recommended Mediterranean meals.,"∀x.∀y.P(recommend(System,y,x)|prefers(x,y)∧mediterraneanMeal(y))",True,True,2,none,7,5,3
claude,USER054,User,permission,implication,Users who prefer Asian cuisine may be recommended Asian meals.,"∀x.∀y.prefers(x,y)∧asianMeal(y)->P(recommend(System,y,x))",True,True,2,none,8,5,3
claude,USER054,User,permission,dyadic,Users who prefer Asian cuisine may be recommended Asian meals.,"∀x.∀y.P(recommend(System,y,x)|prefers(x,y)∧asianMeal(y))",True,True,2,none,7,5,3
claude,USER055,User,permission,implication,Users who prefer affordable food may be recommended affordable meals.,"∀x.∀y.prefers(x,y)∧affordableMeal(y)->P(recommend(System,y,x))",True,True,2,none,8,5,3
claude,USER055,User,permission,dyadic,Users who prefer affordable food may be recommended affordable meals.,"∀x.∀y.P(recommend(System,y,x)|prefers(x,y)∧affordableMeal(y))",True,True,2,none,7,5,3
claude,USER056,User,permission,implication,Users may be recommended organic food.,"∀x.∀y.organicFood(y)->P(recommend(System,y,x))",True,True,2,none,6,5,2
claude,USER056,User,permission,dyadic,Users may be recommended organic food.,"∀x.∀y.P(recommend(System,y,x)|organicFood(y))",True,True,2,none,5,4,2
claude,USER057,User,permission,implication,Users may be recommended sustainable meals.,"∀x.∀y.sustainableMeal(y)->P(recommend(System,y,x))",True,True,2,none,6,5,2
claude,USER057,User,permission,dyadic,Users may be recommended sustainable meals.,"∀x.∀y.P(recommend(System,y,x)|sustainableMeal(y))",True,True,2,none,5,4,2
claude,USER058,User,permission,implication,Diabetic or hypertensive users may be recommended healthy meals.,"∀x.∀y.(diabetic(x)∨hypertensive(x))∧healthyMeal(y)->P(recommend(System,y,x))",True,True,1,partial_concept_overlap,10,6,4
claude,USER058,User,permission,dyadic,Diabetic or hypertensive users may be recommended healthy meals.,"∀x.∀y.P(recommend(System,y,x)|(diabetic(x)∨hypertensive(x))∧healthyMeal(y))",True,True,1,partial_concept_overlap,9,6,4
claude,USER059,User,prohibition,implication,Diabetic or hypertensive users should not be recommended ultra-processed food.,"∀x.∀y.(diabetic(x)∨hypertensive(x))∧ultraProcessedFood(y)->F(recommend(System,y,x))",True,True,1,partial_concept_overlap,10,6,4
claude,USER059,User,prohibition,dyadic,Diabetic or hypertensive users should not be recommended ultra-processed food.,"∀x.∀y.F(recommend(System,y,x)|(diabetic(x)∨hypertensive(x))∧ultraProcessedFood(y))",True,True,1,partial_concept_overlap,9,6,4
claude,USER060,User,prohibition,implication,Children or elderly users should not be recommended energy drinks.,"∀x.∀y.(child(x)∨elderly(x))∧energyDrink(y)->F(recommend(System,y,x))",True,True,1,partial_concept_overlap,10,6,4
claude,USER060,User,prohibition,dyadic,Children or elderly users should not be recommended energy drinks.,"∀x.∀y.F(recommend(System,y,x)|(child(x)∨elderly(x))∧energyDrink(y))",True,True,1,partial_concept_overlap,9,6,4
claude,USER061,User,permission,implication,Pregnant or elderly users may be recommended low salt food.,"∀x.∀y.(pregnant(x)∨elderly(x))∧lowSaltFood(y)->P(recommend(System,y,x))",True,True,1,partial_concept_overlap,10,6,4
claude,USER061,User,permission,dyadic,Pregnant or elderly users may be recommended low salt food.,"∀x.∀y.P(recommend(System,y,x)|(pregnant(x)∨elderly(x))∧lowSaltFood(y))",True,True,1,partial_concept_overlap,9,6,4
claude,USER062,User,permission,implication,Vegan or vegetarian users may be recommended vegetarian meals.,"∀x.∀y.(vegan(x)∨vegetarian(x))∧vegetarianMeal(y)->P(recommend(System,y,x))",True,True,2,none,10,6,4
claude,USER062,User,permission,dyadic,Vegan or vegetarian users may be recommended vegetarian meals.,"∀x.∀y.P(recommend(System,y,x)|(vegan(x)∨vegetarian(x))∧vegetarianMeal(y))",True,True,2,none,9,6,4
claude,USER063,User,permission,implication,Users requiring halal or kosher food may be recommended certified meals.,"∀x.∀y.(requiresHalal(x)∨requiresKosher(x))∧healthyMeal(y)->P(recommend(System,y,x))",True,True,1,partial_concept_overlap,10,6,4
claude,USER063,User,permission,dyadic,Users requiring halal or kosher food may be recommended certified meals.,"∀x.∀y.P(recommend(System,y,x)|(requiresHalal(x)∨requiresKosher(x))∧healthyMeal(y))",True,True,1,partial_concept_overlap,9,6,4
claude,USER064,User,prohibition,implication,Users who are diabetic or require low sugar should not be recommended sugary snacks.,"∀x.∀y.(diabetic(x)∨requiresLowSugar(x))∧sugarySnack(y)->F(recommend(System,y,x))",True,True,2,none,10,6,4
claude,USER064,User,prohibition,dyadic,Users who are diabetic or require low sugar should not be recommended sugary snacks.,"∀x.∀y.F(recommend(System,y,x)|(diabetic(x)∨requiresLowSugar(x))∧sugarySnack(y))",True,True,2,none,9,6,4
claude,USER065,User,prohibition,implication,Users who are hypertensive or require low salt should not be recommended salty snacks.,"∀x.∀y.(hypertensive(x)∨requiresLowSalt(x))∧saltySnack(y)->F(recommend(System,y,x))",True,True,2,none,10,6,4
claude,USER065,User,prohibition,dyadic,Users who are hypertensive or require low salt should not be recommended salty snacks.,"∀x.∀y.F(recommend(System,y,x)|(hypertensive(x)∨requiresLowSalt(x))∧saltySnack(y))",True,True,2,none,9,6,4
claude,USER066,User,permission,implication,Lactose intolerant or gluten sensitive users may be recommended healthy meals.,"∀x.∀y.(lactoseIntolerant(x)∨glutenSensitive(x))∧healthyMeal(y)->P(recommend(System,y,x))",True,True,1,partial_concept_overlap,10,6,4
claude,USER066,User,permission,dyadic,Lactose intolerant or gluten sensitive users may be recommended healthy meals.,"∀x.∀y.P(recommend(System,y,x)|(lactoseIntolerant(x)∨glutenSensitive(x))∧healthyMeal(y))",True,True,1,partial_concept_overlap,9,6,4
claude,USER067,User,permission,implication,Users requiring gluten-free or lactose-free food may be recommended healthy meals.,"∀x.∀y.(requiresGlutenFree(x)∨requiresLactoseFree(x))∧healthyMeal(y)->P(recommend(System,y,x))",True,True,2,none,10,6,4
claude,USER067,User,permission,dyadic,Users requiring gluten-free or lactose-free food may be recommended healthy meals.,"∀x.∀y.P(recommend(System,y,x)|(requiresGlutenFree(x)∨requiresLactoseFree(x))∧healthyMeal(y))",True,True,2,none,9,6,4
claude,USER068,User,prohibition,implication,Diabetic children should not be recommended sugary snacks.,"∀x.∀y.diabetic(x)∧child(x)∧sugarySnack(y)->F(recommend(System,y,x))",True,True,2,none,10,6,4
claude,USER068,User,prohibition,dyadic,Diabetic children should not be recommended sugary snacks.,"∀x.∀y.F(recommend(System,y,x)|diabetic(x)∧child(x)∧sugarySnack(y))",True,True,2,none,9,6,4
claude,USER069,User,prohibition,implication,Hypertensive elderly users should not be recommended salty snacks.,"∀x.∀y.hypertensive(x)∧elderly(x)∧saltySnack(y)->F(recommend(System,y,x))",True,True,2,none,10,6,4
claude,USER069,User,prohibition,dyadic,Hypertensive elderly users should not be recommended salty snacks.,"∀x.∀y.F(recommend(System,y,x)|hypertensive(x)∧elderly(x)∧saltySnack(y))",True,True,2,none,9,6,4
claude,USER070,User,prohibition,implication,Pregnant diabetic users should not be recommended energy drinks.,"∀x.∀y.pregnant(x)∧diabetic(x)∧energyDrink(y)->F(recommend(System,y,x))",True,True,2,none,10,6,4
claude,USER070,User,prohibition,dyadic,Pregnant diabetic users should not be recommended energy drinks.,"∀x.∀y.F(recommend(System,y,x)|pregnant(x)∧diabetic(x)∧energyDrink(y))",True,True,2,none,9,6,4
claude,USER071,User,prohibition,implication,Vegan users allergic to nuts should not be recommended nut snacks.,"∀x.∀y.vegan(x)∧allergicTo(x,Nuts)∧nutSnack(y)->F(recommend(System,y,x))",True,True,2,none,10,6,4
claude,USER071,User,prohibition,dyadic,Vegan users allergic to nuts should not be recommended nut snacks.,"∀x.∀y.F(recommend(System,y,x)|vegan(x)∧allergicTo(x,Nuts)∧nutSnack(y))",True,True,2,none,9,6,4
claude,USER072,User,obligation,implication,Diabetic users who require low salt must be recommended low salt food.,"∀x.∀y.diabetic(x)∧requiresLowSalt(x)∧lowSaltFood(y)->O(recommend(System,y,x))",True,True,2,none,10,6,4
claude,USER072,User,obligation,dyadic,Diabetic users who require low salt must be recommended low salt food.,"∀x.∀y.O(recommend(System,y,x)|diabetic(x)∧requiresLowSalt(x)∧lowSaltFood(y))",True,True,2,none,9,6,4
claude,USER073,User,obligation,implication,Elderly diabetic users must be recommended low sugar food.,"∀x.∀y.elderly(x)∧diabetic(x)∧lowSugarFood(y)->O(recommend(System,y,x))",True,True,2,none,10,6,4
claude,USER073,User,obligation,dyadic,Elderly diabetic users must be recommended low sugar food.,"∀x.∀y.O(recommend(System,y,x)|elderly(x)∧diabetic(x)∧lowSugarFood(y))",True,True,2,none,9,6,4
claude,USER074,User,prohibition,implication,Pregnant users should not be recommended ultra-processed food.,"∀x.∀y.pregnant(x)∧ultraProcessedFood(y)->F(recommend(System,y,x))",True,True,2,none,8,5,3
claude,USER074,User,prohibition,dyadic,Pregnant users should not be recommended ultra-processed food.,"∀x.∀y.F(recommend(System,y,x)|pregnant(x)∧ultraProcessedFood(y))",True,True,2,none,7,5,3
claude,USER075,User,prohibition,implication,Diabetic users should not be recommended ultra-processed food.,"∀x.∀y.diabetic(x)∧ultraProcessedFood(y)->F(recommend(System,y,x))",True,True,2,none,8,5,3
claude,USER075,User,prohibition,dyadic,Diabetic users should not be recommended ultra-processed food.,"∀x.∀y.F(recommend(System,y,x)|diabetic(x)∧ultraProcessedFood(y))",True,True,2,none,7,5,3
claude,USER076,User,obligation,implication,Children must be recommended healthy meals over snacks.,"∀x.∀y.child(x)∧healthyMeal(y)->O(recommend(System,y,x))",True,True,2,none,8,5,3
claude,USER076,User,obligation,dyadic,Children must be recommended healthy meals over snacks.,"∀x.∀y.O(recommend(System,y,x)|child(x)∧healthyMeal(y))",True,True,2,none,7,5,3
claude,USER077,User,permission,implication,Elderly users may be recommended mild meals.,"∀x.∀y.elderly(x)∧mildMeal(y)->P(recommend(System,y,x))",True,True,2,none,8,5,3
claude,USER077,User,permission,dyadic,Elderly users may be recommended mild meals.,"∀x.∀y.P(recommend(System,y,x)|elderly(x)∧mildMeal(y))",True,True,2,none,7,5,3
claude,USER078,User,permission,implication,Adults may be recommended Asian meals.,"∀x.∀y.adult(x)∧asianMeal(y)->P(recommend(System,y,x))",True,True,2,none,8,5,3
claude,USER078,User,permission,dyadic,Adults may be recommended Asian meals.,"∀x.∀y.P(recommend(System,y,x)|adult(x)∧asianMeal(y))",True,True,2,none,7,5,3
claude,USER079,User,permission,implication,Adults may be recommended Mediterranean meals.,"∀x.∀y.adult(x)∧mediterraneanMeal(y)->P(recommend(System,y,x))",True,True,2,none,8,5,3
claude,USER079,User,permission,dyadic,Adults may be recommended Mediterranean meals.,"∀x.∀y.P(recommend(System,y,x)|adult(x)∧mediterraneanMeal(y))",True,True,2,none,7,5,3
claude,USER080,User,prohibition,implication,Vegan users should not be recommended shellfish meals.,"∀x.∀y.vegan(x)∧shellfishMeal(y)->F(recommend(System,y,x))",True,True,2,none,8,5,3
claude,USER080,User,prohibition,dyadic,Vegan users should not be recommended shellfish meals.,"∀x.∀y.F(recommend(System,y,x)|vegan(x)∧shellfishMeal(y))",True,True,2,none,7,5,3
claude,USER081,User,prohibition,implication,Vegetarian users should not be recommended food containing shellfish.,"∀x.∀y.vegetarian(x)∧contains(y,Shellfish)->F(recommend(System,y,x))",True,True,2,none,8,5,3
claude,USER081,User,prohibition,dyadic,Vegetarian users should not be recommended food containing shellfish.,"∀x.∀y.F(recommend(System,y,x)|vegetarian(x)∧contains(y,Shellfish))",True,True,2,none,7,5,3
claude,USER082,User,prohibition,implication,Users who require halal food should not be recommended non-halal products.,"∀x.∀y.requiresHalal(x)∧¬halalMeal(y)->F(recommend(System,y,x))",True,True,2,none,9,6,3
claude,USER082,User,prohibition,dyadic,Users who require halal food should not be recommended non-halal products.,"∀x.∀y.F(recommend(System,y,x)|requiresHalal(x)∧¬halalMeal(y))",True,True,2,none,8,6,3
claude,USER083,User,prohibition,implication,Users who require kosher food should not be recommended non-kosher products.,"∀x.∀y.requiresKosher(x)∧¬kosherMeal(y)->F(recommend(System,y,x))",True,True,2,none,9,6,3
claude,USER083,User,prohibition,dyadic,Users who require kosher food should not be recommended non-kosher products.,"∀x.∀y.F(recommend(System,y,x)|requiresKosher(x)∧¬kosherMeal(y))",True,True,2,none,8,6,3
claude,USER084,User,prohibition,implication,Users who require gluten-free food should not be recommended food containing nuts.,"∀x.∀y.requiresGlutenFree(x)∧contains(y,Nuts)->F(recommend(System,y,x))",True,True,2,none,8,5,3
claude,USER084,User,prohibition,dyadic,Users who require gluten-free food should not be recommended food containing nuts.,"∀x.∀y.F(recommend(System,y,x)|requiresGlutenFree(x)∧contains(y,Nuts))",True,True,2,none,7,5,3
claude,USER085,User,permission,implication,Diabetic users may be recommended Mediterranean meals.,"∀x.∀y.diabetic(x)∧mediterraneanMeal(y)->P(recommend(System,y,x))",True,True,2,none,8,5,3
claude,USER085,User,permission,dyadic,Diabetic users may be recommended Mediterranean meals.,"∀x.∀y.P(recommend(System,y,x)|diabetic(x)∧mediterraneanMeal(y))",True,True,2,none,7,5,3
claude,USER086,User,permission,implication,Hypertensive users may be recommended healthy meals.,"∀x.∀y.hypertensive(x)∧healthyMeal(y)->P(recommend(System,y,x))",True,True,2,none,8,5,3
claude,USER086,User,permission,dyadic,Hypertensive users may be recommended healthy meals.,"∀x.∀y.P(recommend(System,y,x)|hypertensive(x)∧healthyMeal(y))",True,True,2,none,7,5,3
claude,USER087,User,permission,implication,Pregnant users may be recommended organic food.,"∀x.∀y.pregnant(x)∧organicFood(y)->P(recommend(System,y,x))",True,True,2,none,8,5,3
claude,USER087,User,permission,dyadic,Pregnant users may be recommended organic food.,"∀x.∀y.P(recommend(System,y,x)|pregnant(x)∧organicFood(y))",True,True,2,none,7,5,3
claude,USER088,User,permission,implication,Elderly users may be recommended sustainable meals.,"∀x.∀y.elderly(x)∧sustainableMeal(y)->P(recommend(System,y,x))",True,True,2,none,8,5,3
claude,USER088,User,permission,dyadic,Elderly users may be recommended sustainable meals.,"∀x.∀y.P(recommend(System,y,x)|elderly(x)∧sustainableMeal(y))",True,True,2,none,7,5,3
claude,USER089,User,permission,implication,Vegan users may be recommended affordable meals.,"∀x.∀y.vegan(x)∧affordableMeal(y)->P(recommend(System,y,x))",True,True,2,none,8,5,3
claude,USER089,User,permission,dyadic,Vegan users may be recommended affordable meals.,"∀x.∀y.P(recommend(System,y,x)|vegan(x)∧affordableMeal(y))",True,True,2,none,7,5,3
claude,USER090,User,permission,implication,Vegetarian users may be recommended affordable meals.,"∀x.∀y.vegetarian(x)∧affordableMeal(y)->P(recommend(System,y,x))",True,True,2,none,8,5,3
claude,USER090,User,permission,dyadic,Vegetarian users may be recommended affordable meals.,"∀x.∀y.P(recommend(System,y,x)|vegetarian(x)∧affordableMeal(y))",True,True,2,none,7,5,3
claude,USER091,User,prohibition,implication,Children should not be recommended salty snacks.,"∀x.∀y.child(x)∧saltySnack(y)->F(recommend(System,y,x))",True,True,2,none,8,5,3
claude,USER091,User,prohibition,dyadic,Children should not be recommended salty snacks.,"∀x.∀y.F(recommend(System,y,x)|child(x)∧saltySnack(y))",True,True,2,none,7,5,3
claude,USER092,User,prohibition,implication,Diabetic users should not be recommended salty snacks.,"∀x.∀y.diabetic(x)∧saltySnack(y)->F(recommend(System,y,x))",True,True,2,none,8,5,3
claude,USER092,User,prohibition,dyadic,Diabetic users should not be recommended salty snacks.,"∀x.∀y.F(recommend(System,y,x)|diabetic(x)∧saltySnack(y))",True,True,2,none,7,5,3
claude,USER093,User,prohibition,implication,Hypertensive users should not be recommended sugary snacks.,"∀x.∀y.hypertensive(x)∧sugarySnack(y)->F(recommend(System,y,x))",True,True,2,none,8,5,3
claude,USER093,User,prohibition,dyadic,Hypertensive users should not be recommended sugary snacks.,"∀x.∀y.F(recommend(System,y,x)|hypertensive(x)∧sugarySnack(y))",True,True,2,none,7,5,3
claude,USER094,User,permission,implication,Users who require low sugar may be recommended healthy meals.,"∀x.∀y.requiresLowSugar(x)∧healthyMeal(y)->P(recommend(System,y,x))",True,True,1,partial_concept_overlap,8,5,3
claude,USER094,User,permission,dyadic,Users who require low sugar may be recommended healthy meals.,"∀x.∀y.P(recommend(System,y,x)|requiresLowSugar(x)∧healthyMeal(y))",True,True,1,partial_concept_overlap,7,5,3
claude,USER095,User,permission,implication,Users who require low salt may be recommended Mediterranean meals.,"∀x.∀y.requiresLowSalt(x)∧mediterraneanMeal(y)->P(recommend(System,y,x))",True,True,1,partial_concept_overlap,8,5,3
claude,USER095,User,permission,dyadic,Users who require low salt may be recommended Mediterranean meals.,"∀x.∀y.P(recommend(System,y,x)|requiresLowSalt(x)∧mediterraneanMeal(y))",True,True,1,partial_concept_overlap,7,5,3
claude,USER096,User,permission,implication,Users allergic to nuts may be recommended nut-free healthy meals.,"∀x.∀y.allergicTo(x,Nuts)∧healthyMeal(y)->P(recommend(System,y,x))",True,True,2,none,8,5,3
claude,USER096,User,permission,dyadic,Users allergic to nuts may be recommended nut-free healthy meals.,"∀x.∀y.P(recommend(System,y,x)|allergicTo(x,Nuts)∧healthyMeal(y))",True,True,2,none,7,5,3
claude,USER097,User,permission,implication,Users allergic to shellfish may be recommended vegetarian meals.,"∀x.∀y.allergicTo(x,Shellfish)∧vegetarianMeal(y)->P(recommend(System,y,x))",True,True,2,none,8,5,3
claude,USER097,User,permission,dyadic,Users allergic to shellfish may be recommended vegetarian meals.,"∀x.∀y.P(recommend(System,y,x)|allergicTo(x,Shellfish)∧vegetarianMeal(y))",True,True,2,none,7,5,3
claude,USER098,User,permission,implication,Gluten sensitive users may be recommended certified gluten-free products.,"∀x.∀y.glutenSensitive(x)∧certifiedGlutenFree(y)->P(recommend(System,y,x))",True,True,2,none,8,5,3
claude,USER098,User,permission,dyadic,Gluten sensitive users may be recommended certified gluten-free products.,"∀x.∀y.P(recommend(System,y,x)|glutenSensitive(x)∧certifiedGlutenFree(y))",True,True,2,none,7,5,3
claude,USER099,User,permission,implication,Lactose intolerant users may be recommended lactose-free meals.,"∀x.∀y.lactoseIntolerant(x)∧lactoseFreeMeal(y)->P(recommend(System,y,x))",True,True,1,partial_concept_overlap,8,5,3
claude,USER099,User,permission,dyadic,Lactose intolerant users may be recommended lactose-free meals.,"∀x.∀y.P(recommend(System,y,x)|lactoseIntolerant(x)∧lactoseFreeMeal(y))",True,True,1,partial_concept_overlap,7,5,3
claude,USER100,User,permission,implication,Users who prefer spicy food may be recommended spicy meals.,"∀x.∀y.prefers(x,y)∧spicyMeal(y)->P(recommend(System,y,x))",True,True,2,none,8,5,3
claude,USER100,User,permission,dyadic,Users who prefer spicy food may be recommended spicy meals.,"∀x.∀y.P(recommend(System,y,x)|prefers(x,y)∧spicyMeal(y))",True,True,2,none,7,5,3
claude,MINISTRY001,Food Ministry,prohibition,implication,Children must not be recommended products that are banned for children.,"∀x.∀y.child(x)∧bannedForChildren(y)->F(recommend(System,y,x))",True,True,2,none,8,5,3
claude,MINISTRY001,Food Ministry,prohibition,dyadic,Children must not be recommended products that are banned for children.,"∀x.∀y.F(recommend(System,y,x)|child(x)∧bannedForChildren(y))",True,True,2,none,7,5,3
claude,MINISTRY002,Food Ministry,prohibition,implication,Children must not be recommended products that exceed the sugar limit.,"∀x.∀y.child(x)∧exceedsSugarLimit(y)->F(recommend(System,y,x))",True,True,2,none,8,5,3
claude,MINISTRY002,Food Ministry,prohibition,dyadic,Children must not be recommended products that exceed the sugar limit.,"∀x.∀y.F(recommend(System,y,x)|child(x)∧exceedsSugarLimit(y))",True,True,2,none,7,5,3
claude,MINISTRY003,Food Ministry,prohibition,implication,Children must not be recommended energy drinks.,"∀x.∀y.child(x)∧energyDrink(y)->F(recommend(System,y,x))",True,True,2,none,8,5,3
claude,MINISTRY003,Food Ministry,prohibition,dyadic,Children must not be recommended energy drinks.,"∀x.∀y.F(recommend(System,y,x)|child(x)∧energyDrink(y))",True,True,2,none,7,5,3
claude,MINISTRY004,Food Ministry,prohibition,implication,Children must not be recommended restricted products.,"∀x.∀y.child(x)∧restricted(y)->F(recommend(System,y,x))",True,True,2,none,8,5,3
claude,MINISTRY004,Food Ministry,prohibition,dyadic,Children must not be recommended restricted products.,"∀x.∀y.F(recommend(System,y,x)|child(x)∧restricted(y))",True,True,2,none,7,5,3
claude,MINISTRY005,Food Ministry,prohibition,implication,Children must not be recommended products that are not approved by the ministry.,"∀x.∀y.child(x)∧¬approvedByMinistry(y)->F(recommend(System,y,x))",True,True,2,none,9,6,3
claude,MINISTRY005,Food Ministry,prohibition,dyadic,Children must not be recommended products that are not approved by the ministry.,"∀x.∀y.F(recommend(System,y,x)|child(x)∧¬approvedByMinistry(y))",True,True,2,none,8,6,3
claude,MINISTRY006,Food Ministry,prohibition,implication,Children must not be recommended sugary snacks that exceed the sugar limit.,"∀x.∀y.child(x)∧sugarySnack(y)∧exceedsSugarLimit(y)->F(recommend(System,y,x))",True,True,2,none,10,6,4
claude,MINISTRY006,Food Ministry,prohibition,dyadic,Children must not be recommended sugary snacks that exceed the sugar limit.,"∀x.∀y.F(recommend(System,y,x)|child(x)∧sugarySnack(y)∧exceedsSugarLimit(y))",True,True,2,none,9,6,4
claude,MINISTRY007,Food Ministry,prohibition,implication,Children must not be recommended salty snacks that exceed the salt limit.,"∀x.∀y.child(x)∧saltySnack(y)∧exceedsSaltLimit(y)->F(recommend(System,y,x))",True,True,2,none,10,6,4
claude,MINISTRY007,Food Ministry,prohibition,dyadic,Children must not be recommended salty snacks that exceed the salt limit.,"∀x.∀y.F(recommend(System,y,x)|child(x)∧saltySnack(y)∧exceedsSaltLimit(y))",True,True,2,none,9,6,4
claude,MINISTRY008,Food Ministry,prohibition,implication,Children must not be recommended energy drinks or sugary snacks.,"∀x.∀y.child(x)∧(energyDrink(y)∨sugarySnack(y))->F(recommend(System,y,x))",True,True,1,partial_concept_overlap,10,6,4
claude,MINISTRY008,Food Ministry,prohibition,dyadic,Children must not be recommended energy drinks or sugary snacks.,"∀x.∀y.F(recommend(System,y,x)|child(x)∧(energyDrink(y)∨sugarySnack(y)))",True,True,1,partial_concept_overlap,9,6,4
claude,MINISTRY009,Food Ministry,prohibition,implication,Children must not be recommended products that exceed the sugar limit or the salt limit.,"∀x.∀y.child(x)∧(exceedsSugarLimit(y)∨exceedsSaltLimit(y))->F(recommend(System,y,x))",True,True,1,partial_concept_overlap,10,6,4
claude,MINISTRY009,Food Ministry,prohibition,dyadic,Children must not be recommended products that exceed the sugar limit or the salt limit.,"∀x.∀y.F(recommend(System,y,x)|child(x)∧(exceedsSugarLimit(y)∨exceedsSaltLimit(y)))",True,True,1,partial_concept_overlap,9,6,4
claude,MINISTRY010,Food Ministry,prohibition,implication,Children must not be recommended products that exceed the fat limit.,"∀x.∀y.child(x)∧exceedsFatLimit(y)->F(recommend(System,y,x))",True,True,2,none,8,5,3
claude,MINISTRY010,Food Ministry,prohibition,dyadic,Children must not be recommended products that exceed the fat limit.,"∀x.∀y.F(recommend(System,y,x)|child(x)∧exceedsFatLimit(y))",True,True,2,none,7,5,3
claude,MINISTRY011,Food Ministry,prohibition,implication,Diabetic users must not be recommended products that exceed the sugar limit.,"∀x.∀y.diabetic(x)∧exceedsSugarLimit(y)->F(recommend(System,y,x))",True,True,2,none,8,5,3
claude,MINISTRY011,Food Ministry,prohibition,dyadic,Diabetic users must not be recommended products that exceed the sugar limit.,"∀x.∀y.F(recommend(System,y,x)|diabetic(x)∧exceedsSugarLimit(y))",True,True,2,none,7,5,3
claude,MINISTRY012,Food Ministry,prohibition,implication,Diabetic users must not be recommended sugary snacks.,"∀x.∀y.diabetic(x)∧sugarySnack(y)->F(recommend(System,y,x))",True,True,2,none,8,5,3
claude,MINISTRY012,Food Ministry,prohibition,dyadic,Diabetic users must not be recommended sugary snacks.,"∀x.∀y.F(recommend(System,y,x)|diabetic(x)∧sugarySnack(y))",True,True,2,none,7,5,3
claude,MINISTRY013,Food Ministry,prohibition,implication,Diabetic users must not be recommended energy drinks.,"∀x.∀y.diabetic(x)∧energyDrink(y)->F(recommend(System,y,x))",True,True,2,none,8,5,3
claude,MINISTRY013,Food Ministry,prohibition,dyadic,Diabetic users must not be recommended energy drinks.,"∀x.∀y.F(recommend(System,y,x)|diabetic(x)∧energyDrink(y))",True,True,2,none,7,5,3
claude,MINISTRY014,Food Ministry,prohibition,implication,Diabetic users must not be recommended fried meals.,"∀x.∀y.diabetic(x)∧friedMeal(y)->F(recommend(System,y,x))",True,True,2,none,8,5,3
claude,MINISTRY014,Food Ministry,prohibition,dyadic,Diabetic users must not be recommended fried meals.,"∀x.∀y.F(recommend(System,y,x)|diabetic(x)∧friedMeal(y))",True,True,2,none,7,5,3
claude,MINISTRY015,Food Ministry,prohibition,implication,Diabetic users must not be recommended products that are not safe for diabetic users.,"∀x.∀y.diabetic(x)∧¬safeForDiabeticUsers(y)->F(recommend(System,y,x))",True,True,2,none,9,6,3
claude,MINISTRY015,Food Ministry,prohibition,dyadic,Diabetic users must not be recommended products that are not safe for diabetic users.,"∀x.∀y.F(recommend(System,y,x)|diabetic(x)∧¬safeForDiabeticUsers(y))",True,True,2,none,8,6,3
claude,MINISTRY016,Food Ministry,prohibition,implication,Diabetic users must not be recommended sugary snacks or energy drinks.,"∀x.∀y.diabetic(x)∧(sugarySnack(y)∨energyDrink(y))->F(recommend(System,y,x))",True,True,1,partial_concept_overlap,10,6,4
claude,MINISTRY016,Food Ministry,prohibition,dyadic,Diabetic users must not be recommended sugary snacks or energy drinks.,"∀x.∀y.F(recommend(System,y,x)|diabetic(x)∧(sugarySnack(y)∨energyDrink(y)))",True,True,1,partial_concept_overlap,9,6,4
claude,MINISTRY017,Food Ministry,prohibition,implication,Hypertensive users must not be recommended products that exceed the salt limit.,"∀x.∀y.hypertensive(x)∧exceedsSaltLimit(y)->F(recommend(System,y,x))",True,True,2,none,8,5,3
claude,MINISTRY017,Food Ministry,prohibition,dyadic,Hypertensive users must not be recommended products that exceed the salt limit.,"∀x.∀y.F(recommend(System,y,x)|hypertensive(x)∧exceedsSaltLimit(y))",True,True,2,none,7,5,3
claude,MINISTRY018,Food Ministry,prohibition,implication,Hypertensive users must not be recommended salty snacks.,"∀x.∀y.hypertensive(x)∧saltySnack(y)->F(recommend(System,y,x))",True,True,2,none,8,5,3
claude,MINISTRY018,Food Ministry,prohibition,dyadic,Hypertensive users must not be recommended salty snacks.,"∀x.∀y.F(recommend(System,y,x)|hypertensive(x)∧saltySnack(y))",True,True,2,none,7,5,3
claude,MINISTRY019,Food Ministry,prohibition,implication,Hypertensive users must not be recommended fried meals that exceed the salt limit.,"∀x.∀y.hypertensive(x)∧friedMeal(y)∧exceedsSaltLimit(y)->F(recommend(System,y,x))",True,True,2,none,10,6,4
claude,MINISTRY019,Food Ministry,prohibition,dyadic,Hypertensive users must not be recommended fried meals that exceed the salt limit.,"∀x.∀y.F(recommend(System,y,x)|hypertensive(x)∧friedMeal(y)∧exceedsSaltLimit(y))",True,True,2,none,9,6,4
claude,MINISTRY020,Food Ministry,prohibition,implication,Hypertensive users must not be recommended salty snacks or fried meals.,"∀x.∀y.hypertensive(x)∧(saltySnack(y)∨friedMeal(y))->F(recommend(System,y,x))",True,True,2,none,10,6,4
claude,MINISTRY020,Food Ministry,prohibition,dyadic,Hypertensive users must not be recommended salty snacks or fried meals.,"∀x.∀y.F(recommend(System,y,x)|hypertensive(x)∧(saltySnack(y)∨friedMeal(y)))",True,True,2,none,9,6,4
claude,MINISTRY021,Food Ministry,prohibition,implication,Elderly users must not be recommended fried meals that exceed the fat limit.,"∀x.∀y.elderly(x)∧friedMeal(y)∧exceedsFatLimit(y)->F(recommend(System,y,x))",True,True,2,none,10,6,4
claude,MINISTRY021,Food Ministry,prohibition,dyadic,Elderly users must not be recommended fried meals that exceed the fat limit.,"∀x.∀y.F(recommend(System,y,x)|elderly(x)∧friedMeal(y)∧exceedsFatLimit(y))",True,True,2,none,9,6,4
claude,MINISTRY022,Food Ministry,prohibition,implication,Elderly users must not be recommended products that exceed the salt limit.,"∀x.∀y.elderly(x)∧exceedsSaltLimit(y)->F(recommend(System,y,x))",True,True,2,none,8,5,3
claude,MINISTRY022,Food Ministry,prohibition,dyadic,Elderly users must not be recommended products that exceed the salt limit.,"∀x.∀y.F(recommend(System,y,x)|elderly(x)∧exceedsSaltLimit(y))",True,True,2,none,7,5,3
claude,MINISTRY023,Food Ministry,prohibition,implication,Users allergic to nuts must not be recommended products that contain nuts.,"∀x.∀y.allergicTo(x,Nuts)∧contains(y,Nuts)->F(recommend(System,y,x))",True,True,2,none,8,5,3
claude,MINISTRY023,Food Ministry,prohibition,dyadic,Users allergic to nuts must not be recommended products that contain nuts.,"∀x.∀y.F(recommend(System,y,x)|allergicTo(x,Nuts)∧contains(y,Nuts))",True,True,2,none,7,5,3
claude,MINISTRY024,Food Ministry,prohibition,implication,Users allergic to shellfish must not be recommended products that contain shellfish.,"∀x.∀y.allergicTo(x,Shellfish)∧contains(y,Shellfish)->F(recommend(System,y,x))",True,True,2,none,8,5,3
claude,MINISTRY024,Food Ministry,prohibition,dyadic,Users allergic to shellfish must not be recommended products that contain shellfish.,"∀x.∀y.F(recommend(System,y,x)|allergicTo(x,Shellfish)∧contains(y,Shellfish))",True,True,2,none,7,5,3
claude,MINISTRY025,Food Ministry,prohibition,implication,The system must not recommend products that contain an undeclared allergen.,"∀x.∀y.containsUndeclaredAllergen(y)->F(recommend(System,y,x))",True,True,2,none,6,5,2
claude,MINISTRY025,Food Ministry,prohibition,dyadic,The system must not recommend products that contain an undeclared allergen.,"∀x.∀y.F(recommend(System,y,x)|containsUndeclaredAllergen(y))",True,True,2,none,5,4,2
claude,MINISTRY026,Food Ministry,prohibition,implication,The system must not recommend products that carry a misleading claim.,"∀x.∀y.misleadingClaim(y)->F(recommend(System,y,x))",True,True,2,none,6,5,2
claude,MINISTRY026,Food Ministry,prohibition,dyadic,The system must not recommend products that carry a misleading claim.,"∀x.∀y.F(recommend(System,y,x)|misleadingClaim(y))",True,True,2,none,5,4,2
claude,MINISTRY027,Food Ministry,prohibition,implication,The system must not recommend products that do not have a nutrition label.,"∀x.∀y.¬hasNutritionLabel(y)->F(recommend(System,y,x))",True,True,2,none,7,5,2
claude,MINISTRY027,Food Ministry,prohibition,dyadic,The system must not recommend products that do not have a nutrition label.,"∀x.∀y.F(recommend(System,y,x)|¬hasNutritionLabel(y))",True,True,2,none,6,5,2
claude,MINISTRY028,Food Ministry,prohibition,implication,The system must not recommend restricted products that are not approved by the ministry.,"∀x.∀y.restricted(y)∧¬approvedByMinistry(y)->F(recommend(System,y,x))",True,True,2,none,9,6,3
claude,MINISTRY028,Food Ministry,prohibition,dyadic,The system must not recommend restricted products that are not approved by the ministry.,"∀x.∀y.F(recommend(System,y,x)|restricted(y)∧¬approvedByMinistry(y))",True,True,2,none,8,6,3
claude,MINISTRY029,Food Ministry,prohibition,implication,The system must not recommend products that require a warning but lack a safety warning.,"∀x.∀y.requiresWarning(y)∧¬hasSafetyWarning(y)->F(recommend(System,y,x))",True,True,2,none,9,6,3
claude,MINISTRY029,Food Ministry,prohibition,dyadic,The system must not recommend products that require a warning but lack a safety warning.,"∀x.∀y.F(recommend(System,y,x)|requiresWarning(y)∧¬hasSafetyWarning(y))",True,True,2,none,8,6,3
claude,MINISTRY030,Food Ministry,prohibition,implication,The system must not recommend products that contain nuts but have no nutrition label.,"∀x.∀y.contains(y,Nuts)∧¬hasNutritionLabel(y)->F(recommend(System,y,x))",True,True,2,none,9,6,3
claude,MINISTRY030,Food Ministry,prohibition,dyadic,The system must not recommend products that contain nuts but have no nutrition label.,"∀x.∀y.F(recommend(System,y,x)|contains(y,Nuts)∧¬hasNutritionLabel(y))",True,True,2,none,8,6,3
claude,MINISTRY031,Food Ministry,prohibition,implication,Users requiring halal food must not be recommended products that are not verified halal.,"∀x.∀y.requiresHalal(x)∧¬verifiedHalal(y)->F(recommend(System,y,x))",True,True,2,none,9,6,3
claude,MINISTRY031,Food Ministry,prohibition,dyadic,Users requiring halal food must not be recommended products that are not verified halal.,"∀x.∀y.F(recommend(System,y,x)|requiresHalal(x)∧¬verifiedHalal(y))",True,True,2,none,8,6,3
claude,MINISTRY032,Food Ministry,prohibition,implication,Users requiring kosher food must not be recommended products that are not verified kosher.,"∀x.∀y.requiresKosher(x)∧¬verifiedKosher(y)->F(recommend(System,y,x))",True,True,2,none,9,6,3
claude,MINISTRY032,Food Ministry,prohibition,dyadic,Users requiring kosher food must not be recommended products that are not verified kosher.,"∀x.∀y.F(recommend(System,y,x)|requiresKosher(x)∧¬verifiedKosher(y))",True,True,2,none,8,6,3
claude,MINISTRY033,Food Ministry,prohibition,implication,Users requiring gluten-free food must not be recommended products that are not certified gluten-free.,"∀x.∀y.requiresGlutenFree(x)∧¬certifiedGlutenFree(y)->F(recommend(System,y,x))",True,True,2,none,9,6,3
claude,MINISTRY033,Food Ministry,prohibition,dyadic,Users requiring gluten-free food must not be recommended products that are not certified gluten-free.,"∀x.∀y.F(recommend(System,y,x)|requiresGlutenFree(x)∧¬certifiedGlutenFree(y))",True,True,2,none,8,6,3
claude,MINISTRY034,Food Ministry,prohibition,implication,Users requiring lactose-free food must not be recommended products that are not certified lactose-free.,"∀x.∀y.requiresLactoseFree(x)∧¬certifiedLactoseFree(y)->F(recommend(System,y,x))",True,True,2,none,9,6,3
claude,MINISTRY034,Food Ministry,prohibition,dyadic,Users requiring lactose-free food must not be recommended products that are not certified lactose-free.,"∀x.∀y.F(recommend(System,y,x)|requiresLactoseFree(x)∧¬certifiedLactoseFree(y))",True,True,2,none,8,6,3
claude,MINISTRY035,Food Ministry,prohibition,implication,Gluten-sensitive users must not be recommended products that are not certified gluten-free.,"∀x.∀y.glutenSensitive(x)∧¬certifiedGlutenFree(y)->F(recommend(System,y,x))",True,True,2,none,9,6,3
claude,MINISTRY035,Food Ministry,prohibition,dyadic,Gluten-sensitive users must not be recommended products that are not certified gluten-free.,"∀x.∀y.F(recommend(System,y,x)|glutenSensitive(x)∧¬certifiedGlutenFree(y))",True,True,2,none,8,6,3
claude,MINISTRY036,Food Ministry,prohibition,implication,Lactose-intolerant users must not be recommended products that are not certified lactose-free.,"∀x.∀y.lactoseIntolerant(x)∧¬certifiedLactoseFree(y)->F(recommend(System,y,x))",True,True,2,none,9,6,3
claude,MINISTRY036,Food Ministry,prohibition,dyadic,Lactose-intolerant users must not be recommended products that are not certified lactose-free.,"∀x.∀y.F(recommend(System,y,x)|lactoseIntolerant(x)∧¬certifiedLactoseFree(y))",True,True,2,none,8,6,3
claude,MINISTRY037,Food Ministry,prohibition,implication,Pregnant users must not be recommended products that require a warning but lack a safety warning.,"∀x.∀y.pregnant(x)∧requiresWarning(y)∧¬hasSafetyWarning(y)->F(recommend(System,y,x))",True,True,2,none,11,7,4
claude,MINISTRY037,Food Ministry,prohibition,dyadic,Pregnant users must not be recommended products that require a warning but lack a safety warning.,"∀x.∀y.F(recommend(System,y,x)|pregnant(x)∧requiresWarning(y)∧¬hasSafetyWarning(y))",True,True,2,none,10,7,4
claude,MINISTRY038,Food Ministry,prohibition,implication,Pregnant users must not be recommended products that are not safe for pregnant users.,"∀x.∀y.pregnant(x)∧¬safeForPregnantUsers(y)->F(recommend(System,y,x))",True,True,2,none,9,6,3
claude,MINISTRY038,Food Ministry,prohibition,dyadic,Pregnant users must not be recommended products that are not safe for pregnant users.,"∀x.∀y.F(recommend(System,y,x)|pregnant(x)∧¬safeForPregnantUsers(y))",True,True,2,none,8,6,3
claude,MINISTRY039,Food Ministry,prohibition,implication,Pregnant users must not be recommended energy drinks.,"∀x.∀y.pregnant(x)∧energyDrink(y)->F(recommend(System,y,x))",True,True,2,none,8,5,3
claude,MINISTRY039,Food Ministry,prohibition,dyadic,Pregnant users must not be recommended energy drinks.,"∀x.∀y.F(recommend(System,y,x)|pregnant(x)∧energyDrink(y))",True,True,2,none,7,5,3
claude,MINISTRY040,Food Ministry,prohibition,implication,Vulnerable users must not be recommended restricted products or products with misleading claims.,"∀x.∀y.vulnerableUser(x)∧(restricted(y)∨misleadingClaim(y))->F(recommend(System,y,x))",True,True,2,none,10,6,4
claude,MINISTRY040,Food Ministry,prohibition,dyadic,Vulnerable users must not be recommended restricted products or products with misleading claims.,"∀x.∀y.F(recommend(System,y,x)|vulnerableUser(x)∧(restricted(y)∨misleadingClaim(y)))",True,True,2,none,9,6,4
claude,MINISTRY041,Food Ministry,permission,implication,Adults may be recommended products that are approved by the ministry.,"∀x.∀y.adult(x)∧approvedByMinistry(y)->P(recommend(System,y,x))",True,True,2,none,8,5,3
claude,MINISTRY041,Food Ministry,permission,dyadic,Adults may be recommended products that are approved by the ministry.,"∀x.∀y.P(recommend(System,y,x)|adult(x)∧approvedByMinistry(y))",True,True,2,none,7,5,3
claude,MINISTRY042,Food Ministry,permission,implication,Adults may be recommended energy drinks that are approved by the ministry.,"∀x.∀y.adult(x)∧energyDrink(y)∧approvedByMinistry(y)->P(recommend(System,y,x))",True,True,2,none,10,6,4
claude,MINISTRY042,Food Ministry,permission,dyadic,Adults may be recommended energy drinks that are approved by the ministry.,"∀x.∀y.P(recommend(System,y,x)|adult(x)∧energyDrink(y)∧approvedByMinistry(y))",True,True,2,none,9,6,4
claude,MINISTRY043,Food Ministry,permission,implication,Adults may be recommended sugary snacks that have a nutrition label.,"∀x.∀y.adult(x)∧sugarySnack(y)∧hasNutritionLabel(y)->P(recommend(System,y,x))",True,True,2,none,10,6,4
claude,MINISTRY043,Food Ministry,permission,dyadic,Adults may be recommended sugary snacks that have a nutrition label.,"∀x.∀y.P(recommend(System,y,x)|adult(x)∧sugarySnack(y)∧hasNutritionLabel(y))",True,True,2,none,9,6,4
claude,MINISTRY044,Food Ministry,permission,implication,Adults may be recommended salty snacks that have a nutrition label.,"∀x.∀y.adult(x)∧saltySnack(y)∧hasNutritionLabel(y)->P(recommend(System,y,x))",True,True,2,none,10,6,4
claude,MINISTRY044,Food Ministry,permission,dyadic,Adults may be recommended salty snacks that have a nutrition label.,"∀x.∀y.P(recommend(System,y,x)|adult(x)∧saltySnack(y)∧hasNutritionLabel(y))",True,True,2,none,9,6,4
claude,MINISTRY045,Food Ministry,permission,implication,Adults may be recommended fried meals that have a nutrition label.,"∀x.∀y.adult(x)∧friedMeal(y)∧hasNutritionLabel(y)->P(recommend(System,y,x))",True,True,2,none,10,6,4
claude,MINISTRY045,Food Ministry,permission,dyadic,Adults may be recommended fried meals that have a nutrition label.,"∀x.∀y.P(recommend(System,y,x)|adult(x)∧friedMeal(y)∧hasNutritionLabel(y))",True,True,2,none,9,6,4
claude,MINISTRY046,Food Ministry,permission,implication,Adults may be recommended products that comply with the nutrition guideline.,"∀x.∀y.adult(x)∧compliesWithGuideline(y)->P(recommend(System,y,x))",True,True,2,none,8,5,3
claude,MINISTRY046,Food Ministry,permission,dyadic,Adults may be recommended products that comply with the nutrition guideline.,"∀x.∀y.P(recommend(System,y,x)|adult(x)∧compliesWithGuideline(y))",True,True,2,none,7,5,3
claude,MINISTRY047,Food Ministry,permission,implication,Adults may be recommended restricted products that are approved by the ministry.,"∀x.∀y.adult(x)∧restricted(y)∧approvedByMinistry(y)->P(recommend(System,y,x))",True,True,2,none,10,6,4
claude,MINISTRY047,Food Ministry,permission,dyadic,Adults may be recommended restricted products that are approved by the ministry.,"∀x.∀y.P(recommend(System,y,x)|adult(x)∧restricted(y)∧approvedByMinistry(y))",True,True,2,none,9,6,4
claude,MINISTRY048,Food Ministry,permission,implication,Adults may be recommended products that are healthy or affordable.,"∀x.∀y.adult(x)∧(healthyMeal(y)∨affordableMeal(y))->P(recommend(System,y,x))",True,True,1,partial_concept_overlap,10,6,4
claude,MINISTRY048,Food Ministry,permission,dyadic,Adults may be recommended products that are healthy or affordable.,"∀x.∀y.P(recommend(System,y,x)|adult(x)∧(healthyMeal(y)∨affordableMeal(y)))",True,True,1,partial_concept_overlap,9,6,4
claude,MINISTRY049,Food Ministry,permission,implication,Diabetic users may be recommended products that are safe for diabetic users.,"∀x.∀y.diabetic(x)∧safeForDiabeticUsers(y)->P(recommend(System,y,x))",True,True,2,none,8,5,3
claude,MINISTRY049,Food Ministry,permission,dyadic,Diabetic users may be recommended products that are safe for diabetic users.,"∀x.∀y.P(recommend(System,y,x)|diabetic(x)∧safeForDiabeticUsers(y))",True,True,2,none,7,5,3
claude,MINISTRY050,Food Ministry,permission,implication,Diabetic users may be recommended products that are safe for diabetic users and have a nutrition label.,"∀x.∀y.diabetic(x)∧safeForDiabeticUsers(y)∧hasNutritionLabel(y)->P(recommend(System,y,x))",True,True,2,none,10,6,4
claude,MINISTRY050,Food Ministry,permission,dyadic,Diabetic users may be recommended products that are safe for diabetic users and have a nutrition label.,"∀x.∀y.P(recommend(System,y,x)|diabetic(x)∧safeForDiabeticUsers(y)∧hasNutritionLabel(y))",True,True,2,none,9,6,4
claude,MINISTRY051,Food Ministry,permission,implication,Diabetic users may be recommended products that are safe for diabetic users or are healthy meals.,"∀x.∀y.diabetic(x)∧(safeForDiabeticUsers(y)∨healthyMeal(y))->P(recommend(System,y,x))",True,True,2,none,10,6,4
claude,MINISTRY051,Food Ministry,permission,dyadic,Diabetic users may be recommended products that are safe for diabetic users or are healthy meals.,"∀x.∀y.P(recommend(System,y,x)|diabetic(x)∧(safeForDiabeticUsers(y)∨healthyMeal(y)))",True,True,2,none,9,6,4
claude,MINISTRY052,Food Ministry,permission,implication,Pregnant users may be recommended products that are safe for pregnant users.,"∀x.∀y.pregnant(x)∧safeForPregnantUsers(y)->P(recommend(System,y,x))",True,True,2,none,8,5,3
claude,MINISTRY052,Food Ministry,permission,dyadic,Pregnant users may be recommended products that are safe for pregnant users.,"∀x.∀y.P(recommend(System,y,x)|pregnant(x)∧safeForPregnantUsers(y))",True,True,2,none,7,5,3
claude,MINISTRY053,Food Ministry,permission,implication,Pregnant users may be recommended products that are safe for pregnant users and carry a safety warning.,"∀x.∀y.pregnant(x)∧safeForPregnantUsers(y)∧hasSafetyWarning(y)->P(recommend(System,y,x))",True,True,2,none,10,6,4
claude,MINISTRY053,Food Ministry,permission,dyadic,Pregnant users may be recommended products that are safe for pregnant users and carry a safety warning.,"∀x.∀y.P(recommend(System,y,x)|pregnant(x)∧safeForPregnantUsers(y)∧hasSafetyWarning(y))",True,True,2,none,9,6,4
claude,MINISTRY054,Food Ministry,permission,implication,Hypertensive users may be recommended products that comply with the nutrition guideline.,"∀x.∀y.hypertensive(x)∧compliesWithGuideline(y)->P(recommend(System,y,x))",True,True,2,none,8,5,3
claude,MINISTRY054,Food Ministry,permission,dyadic,Hypertensive users may be recommended products that comply with the nutrition guideline.,"∀x.∀y.P(recommend(System,y,x)|hypertensive(x)∧compliesWithGuideline(y))",True,True,2,none,7,5,3
claude,MINISTRY055,Food Ministry,permission,implication,Hypertensive users may be recommended products that do not exceed the salt limit and have a nutrition label.,"∀x.∀y.hypertensive(x)∧¬exceedsSaltLimit(y)∧hasNutritionLabel(y)->P(recommend(System,y,x))",True,True,2,none,11,7,4
claude,MINISTRY055,Food Ministry,permission,dyadic,Hypertensive users may be recommended products that do not exceed the salt limit and have a nutrition label.,"∀x.∀y.P(recommend(System,y,x)|hypertensive(x)∧¬exceedsSaltLimit(y)∧hasNutritionLabel(y))",True,True,2,none,10,7,4
claude,MINISTRY056,Food Ministry,permission,implication,Elderly users may be recommended healthy meals.,"∀x.∀y.elderly(x)∧healthyMeal(y)->P(recommend(System,y,x))",True,True,2,none,8,5,3
claude,MINISTRY056,Food Ministry,permission,dyadic,Elderly users may be recommended healthy meals.,"∀x.∀y.P(recommend(System,y,x)|elderly(x)∧healthyMeal(y))",True,True,2,none,7,5,3
claude,MINISTRY057,Food Ministry,permission,implication,Elderly users may be recommended products that comply with the nutrition guideline.,"∀x.∀y.elderly(x)∧compliesWithGuideline(y)->P(recommend(System,y,x))",True,True,2,none,8,5,3
claude,MINISTRY057,Food Ministry,permission,dyadic,Elderly users may be recommended products that comply with the nutrition guideline.,"∀x.∀y.P(recommend(System,y,x)|elderly(x)∧compliesWithGuideline(y))",True,True,2,none,7,5,3
claude,MINISTRY058,Food Ministry,permission,implication,Users requiring halal food may be recommended products that are verified halal.,"∀x.∀y.requiresHalal(x)∧verifiedHalal(y)->P(recommend(System,y,x))",True,True,2,none,8,5,3
claude,MINISTRY058,Food Ministry,permission,dyadic,Users requiring halal food may be recommended products that are verified halal.,"∀x.∀y.P(recommend(System,y,x)|requiresHalal(x)∧verifiedHalal(y))",True,True,2,none,7,5,3
claude,MINISTRY059,Food Ministry,permission,implication,Users requiring kosher food may be recommended products that are verified kosher.,"∀x.∀y.requiresKosher(x)∧verifiedKosher(y)->P(recommend(System,y,x))",True,True,2,none,8,5,3
claude,MINISTRY059,Food Ministry,permission,dyadic,Users requiring kosher food may be recommended products that are verified kosher.,"∀x.∀y.P(recommend(System,y,x)|requiresKosher(x)∧verifiedKosher(y))",True,True,2,none,7,5,3
claude,MINISTRY060,Food Ministry,permission,implication,Users requiring gluten-free food may be recommended products that are certified gluten-free.,"∀x.∀y.requiresGlutenFree(x)∧certifiedGlutenFree(y)->P(recommend(System,y,x))",True,True,2,none,8,5,3
claude,MINISTRY060,Food Ministry,permission,dyadic,Users requiring gluten-free food may be recommended products that are certified gluten-free.,"∀x.∀y.P(recommend(System,y,x)|requiresGlutenFree(x)∧certifiedGlutenFree(y))",True,True,2,none,7,5,3
claude,MINISTRY061,Food Ministry,permission,implication,Users requiring lactose-free food may be recommended products that are certified lactose-free.,"∀x.∀y.requiresLactoseFree(x)∧certifiedLactoseFree(y)->P(recommend(System,y,x))",True,True,2,none,8,5,3
claude,MINISTRY061,Food Ministry,permission,dyadic,Users requiring lactose-free food may be recommended products that are certified lactose-free.,"∀x.∀y.P(recommend(System,y,x)|requiresLactoseFree(x)∧certifiedLactoseFree(y))",True,True,2,none,7,5,3
claude,MINISTRY062,Food Ministry,permission,implication,Gluten-sensitive users may be recommended products that are certified gluten-free.,"∀x.∀y.glutenSensitive(x)∧certifiedGlutenFree(y)->P(recommend(System,y,x))",True,True,2,none,8,5,3
claude,MINISTRY062,Food Ministry,permission,dyadic,Gluten-sensitive users may be recommended products that are certified gluten-free.,"∀x.∀y.P(recommend(System,y,x)|glutenSensitive(x)∧certifiedGlutenFree(y))",True,True,2,none,7,5,3
claude,MINISTRY063,Food Ministry,permission,implication,Lactose-intolerant users may be recommended products that are certified lactose-free.,"∀x.∀y.lactoseIntolerant(x)∧certifiedLactoseFree(y)->P(recommend(System,y,x))",True,True,2,none,8,5,3
claude,MINISTRY063,Food Ministry,permission,dyadic,Lactose-intolerant users may be recommended products that are certified lactose-free.,"∀x.∀y.P(recommend(System,y,x)|lactoseIntolerant(x)∧certifiedLactoseFree(y))",True,True,2,none,7,5,3
claude,MINISTRY064,Food Ministry,permission,implication,Children may be recommended healthy meals that are approved by the ministry.,"∀x.∀y.child(x)∧healthyMeal(y)∧approvedByMinistry(y)->P(recommend(System,y,x))",True,True,2,none,10,6,4
claude,MINISTRY064,Food Ministry,permission,dyadic,Children may be recommended healthy meals that are approved by the ministry.,"∀x.∀y.P(recommend(System,y,x)|child(x)∧healthyMeal(y)∧approvedByMinistry(y))",True,True,2,none,9,6,4
claude,MINISTRY065,Food Ministry,permission,implication,Children may be recommended healthy meals that have a nutrition label.,"∀x.∀y.child(x)∧healthyMeal(y)∧hasNutritionLabel(y)->P(recommend(System,y,x))",True,True,2,none,10,6,4
claude,MINISTRY065,Food Ministry,permission,dyadic,Children may be recommended healthy meals that have a nutrition label.,"∀x.∀y.P(recommend(System,y,x)|child(x)∧healthyMeal(y)∧hasNutritionLabel(y))",True,True,2,none,9,6,4
claude,MINISTRY066,Food Ministry,permission,implication,Vulnerable users may be recommended healthy meals.,"∀x.∀y.vulnerableUser(x)∧healthyMeal(y)->P(recommend(System,y,x))",True,True,2,none,8,5,3
claude,MINISTRY066,Food Ministry,permission,dyadic,Vulnerable users may be recommended healthy meals.,"∀x.∀y.P(recommend(System,y,x)|vulnerableUser(x)∧healthyMeal(y))",True,True,2,none,7,5,3
claude,MINISTRY067,Food Ministry,permission,implication,Vulnerable users may be recommended products that are approved by the ministry.,"∀x.∀y.vulnerableUser(x)∧approvedByMinistry(y)->P(recommend(System,y,x))",True,True,2,none,8,5,3
claude,MINISTRY067,Food Ministry,permission,dyadic,Vulnerable users may be recommended products that are approved by the ministry.,"∀x.∀y.P(recommend(System,y,x)|vulnerableUser(x)∧approvedByMinistry(y))",True,True,2,none,7,5,3
claude,MINISTRY068,Food Ministry,permission,implication,Adults may be recommended products that are approved by the ministry and have a nutrition label.,"∀x.∀y.adult(x)∧approvedByMinistry(y)∧hasNutritionLabel(y)->P(recommend(System,y,x))",True,True,2,none,10,6,4
claude,MINISTRY068,Food Ministry,permission,dyadic,Adults may be recommended products that are approved by the ministry and have a nutrition label.,"∀x.∀y.P(recommend(System,y,x)|adult(x)∧approvedByMinistry(y)∧hasNutritionLabel(y))",True,True,2,none,9,6,4
claude,MINISTRY069,Food Ministry,permission,implication,Adults may be recommended energy drinks that carry a safety warning.,"∀x.∀y.adult(x)∧energyDrink(y)∧hasSafetyWarning(y)->P(recommend(System,y,x))",True,True,2,none,10,6,4
claude,MINISTRY069,Food Ministry,permission,dyadic,Adults may be recommended energy drinks that carry a safety warning.,"∀x.∀y.P(recommend(System,y,x)|adult(x)∧energyDrink(y)∧hasSafetyWarning(y))",True,True,2,none,9,6,4
claude,MINISTRY070,Food Ministry,permission,implication,Diabetic users may be recommended healthy meals that do not exceed the sugar limit.,"∀x.∀y.diabetic(x)∧healthyMeal(y)∧¬exceedsSugarLimit(y)->P(recommend(System,y,x))",True,True,2,none,11,7,4
claude,MINISTRY070,Food Ministry,permission,dyadic,Diabetic users may be recommended healthy meals that do not exceed the sugar limit.,"∀x.∀y.P(recommend(System,y,x)|diabetic(x)∧healthyMeal(y)∧¬exceedsSugarLimit(y))",True,True,2,none,10,7,4
claude,MINISTRY071,Food Ministry,permission,implication,Pregnant users may be recommended products that are safe for pregnant users or are healthy meals.,"∀x.∀y.pregnant(x)∧(safeForPregnantUsers(y)∨healthyMeal(y))->P(recommend(System,y,x))",True,True,2,none,10,6,4
claude,MINISTRY071,Food Ministry,permission,dyadic,Pregnant users may be recommended products that are safe for pregnant users or are healthy meals.,"∀x.∀y.P(recommend(System,y,x)|pregnant(x)∧(safeForPregnantUsers(y)∨healthyMeal(y)))",True,True,2,none,9,6,4
claude,MINISTRY072,Food Ministry,permission,implication,Elderly users may be recommended healthy meals that are affordable.,"∀x.∀y.elderly(x)∧healthyMeal(y)∧affordableMeal(y)->P(recommend(System,y,x))",True,True,2,none,10,6,4
claude,MINISTRY072,Food Ministry,permission,dyadic,Elderly users may be recommended healthy meals that are affordable.,"∀x.∀y.P(recommend(System,y,x)|elderly(x)∧healthyMeal(y)∧affordableMeal(y))",True,True,2,none,9,6,4
claude,MINISTRY073,Food Ministry,permission,implication,Users requiring halal food may be recommended products that are verified halal and approved by the ministry.,"∀x.∀y.requiresHalal(x)∧verifiedHalal(y)∧approvedByMinistry(y)->P(recommend(System,y,x))",True,True,2,none,10,6,4
claude,MINISTRY073,Food Ministry,permission,dyadic,Users requiring halal food may be recommended products that are verified halal and approved by the ministry.,"∀x.∀y.P(recommend(System,y,x)|requiresHalal(x)∧verifiedHalal(y)∧approvedByMinistry(y))",True,True,2,none,9,6,4
claude,MINISTRY074,Food Ministry,permission,implication,Users requiring kosher food may be recommended products that are verified kosher and approved by the ministry.,"∀x.∀y.requiresKosher(x)∧verifiedKosher(y)∧approvedByMinistry(y)->P(recommend(System,y,x))",True,True,2,none,10,6,4
claude,MINISTRY074,Food Ministry,permission,dyadic,Users requiring kosher food may be recommended products that are verified kosher and approved by the ministry.,"∀x.∀y.P(recommend(System,y,x)|requiresKosher(x)∧verifiedKosher(y)∧approvedByMinistry(y))",True,True,2,none,9,6,4
claude,MINISTRY075,Food Ministry,permission,implication,Adults may be recommended products that comply with the nutrition guideline and have a nutrition label.,"∀x.∀y.adult(x)∧compliesWithGuideline(y)∧hasNutritionLabel(y)->P(recommend(System,y,x))",True,True,2,none,10,6,4
claude,MINISTRY075,Food Ministry,permission,dyadic,Adults may be recommended products that comply with the nutrition guideline and have a nutrition label.,"∀x.∀y.P(recommend(System,y,x)|adult(x)∧compliesWithGuideline(y)∧hasNutritionLabel(y))",True,True,2,none,9,6,4
claude,MINISTRY076,Food Ministry,obligation,implication,Vulnerable users must be recommended healthy meals that are affordable.,"∀x.∀y.vulnerableUser(x)∧healthyMeal(y)∧affordableMeal(y)->O(recommend(System,y,x))",True,True,2,none,10,6,4
claude,MINISTRY076,Food Ministry,obligation,dyadic,Vulnerable users must be recommended healthy meals that are affordable.,"∀x.∀y.O(recommend(System,y,x)|vulnerableUser(x)∧healthyMeal(y)∧affordableMeal(y))",True,True,2,none,9,6,4
claude,MINISTRY077,Food Ministry,obligation,implication,Vulnerable users must be recommended affordable meals.,"∀x.∀y.vulnerableUser(x)∧affordableMeal(y)->O(recommend(System,y,x))",True,True,2,none,8,5,3
claude,MINISTRY077,Food Ministry,obligation,dyadic,Vulnerable users must be recommended affordable meals.,"∀x.∀y.O(recommend(System,y,x)|vulnerableUser(x)∧affordableMeal(y))",True,True,2,none,7,5,3
claude,MINISTRY078,Food Ministry,obligation,implication,Vulnerable users must be recommended meals that are healthy or affordable.,"∀x.∀y.vulnerableUser(x)∧(healthyMeal(y)∨affordableMeal(y))->O(recommend(System,y,x))",True,True,1,partial_concept_overlap,10,6,4
claude,MINISTRY078,Food Ministry,obligation,dyadic,Vulnerable users must be recommended meals that are healthy or affordable.,"∀x.∀y.O(recommend(System,y,x)|vulnerableUser(x)∧(healthyMeal(y)∨affordableMeal(y)))",True,True,1,partial_concept_overlap,9,6,4
claude,MINISTRY079,Food Ministry,obligation,implication,Vulnerable users must be recommended approved healthy meals.,"∀x.∀y.vulnerableUser(x)∧approvedByMinistry(y)∧healthyMeal(y)->O(recommend(System,y,x))",True,True,2,none,10,6,4
claude,MINISTRY079,Food Ministry,obligation,dyadic,Vulnerable users must be recommended approved healthy meals.,"∀x.∀y.O(recommend(System,y,x)|vulnerableUser(x)∧approvedByMinistry(y)∧healthyMeal(y))",True,True,2,none,9,6,4
claude,MINISTRY080,Food Ministry,obligation,implication,Elderly users must be recommended healthy meals.,"∀x.∀y.elderly(x)∧healthyMeal(y)->O(recommend(System,y,x))",True,True,2,none,8,5,3
claude,MINISTRY080,Food Ministry,obligation,dyadic,Elderly users must be recommended healthy meals.,"∀x.∀y.O(recommend(System,y,x)|elderly(x)∧healthyMeal(y))",True,True,2,none,7,5,3
claude,MINISTRY081,Food Ministry,obligation,implication,Elderly users must be recommended healthy meals that are affordable.,"∀x.∀y.elderly(x)∧healthyMeal(y)∧affordableMeal(y)->O(recommend(System,y,x))",True,True,2,none,10,6,4
claude,MINISTRY081,Food Ministry,obligation,dyadic,Elderly users must be recommended healthy meals that are affordable.,"∀x.∀y.O(recommend(System,y,x)|elderly(x)∧healthyMeal(y)∧affordableMeal(y))",True,True,2,none,9,6,4
claude,MINISTRY082,Food Ministry,obligation,implication,Diabetic users must be recommended healthy meals that are safe for diabetic users.,"∀x.∀y.diabetic(x)∧safeForDiabeticUsers(y)∧healthyMeal(y)->O(recommend(System,y,x))",True,True,2,none,10,6,4
claude,MINISTRY082,Food Ministry,obligation,dyadic,Diabetic users must be recommended healthy meals that are safe for diabetic users.,"∀x.∀y.O(recommend(System,y,x)|diabetic(x)∧safeForDiabeticUsers(y)∧healthyMeal(y))",True,True,2,none,9,6,4
claude,MINISTRY083,Food Ministry,obligation,implication,Diabetic users must be recommended affordable meals that are safe for diabetic users.,"∀x.∀y.diabetic(x)∧safeForDiabeticUsers(y)∧affordableMeal(y)->O(recommend(System,y,x))",True,True,2,none,10,6,4
claude,MINISTRY083,Food Ministry,obligation,dyadic,Diabetic users must be recommended affordable meals that are safe for diabetic users.,"∀x.∀y.O(recommend(System,y,x)|diabetic(x)∧safeForDiabeticUsers(y)∧affordableMeal(y))",True,True,2,none,9,6,4
claude,MINISTRY084,Food Ministry,obligation,implication,Pregnant users must be recommended healthy meals that are safe for pregnant users.,"∀x.∀y.pregnant(x)∧safeForPregnantUsers(y)∧healthyMeal(y)->O(recommend(System,y,x))",True,True,2,none,10,6,4
claude,MINISTRY084,Food Ministry,obligation,dyadic,Pregnant users must be recommended healthy meals that are safe for pregnant users.,"∀x.∀y.O(recommend(System,y,x)|pregnant(x)∧safeForPregnantUsers(y)∧healthyMeal(y))",True,True,2,none,9,6,4
claude,MINISTRY085,Food Ministry,obligation,implication,Pregnant users must be recommended affordable meals that are safe for pregnant users.,"∀x.∀y.pregnant(x)∧safeForPregnantUsers(y)∧affordableMeal(y)->O(recommend(System,y,x))",True,True,2,none,10,6,4
claude,MINISTRY085,Food Ministry,obligation,dyadic,Pregnant users must be recommended affordable meals that are safe for pregnant users.,"∀x.∀y.O(recommend(System,y,x)|pregnant(x)∧safeForPregnantUsers(y)∧affordableMeal(y))",True,True,2,none,9,6,4
claude,MINISTRY086,Food Ministry,obligation,implication,Hypertensive users must be recommended healthy meals that comply with the nutrition guideline.,"∀x.∀y.hypertensive(x)∧compliesWithGuideline(y)∧healthyMeal(y)->O(recommend(System,y,x))",True,True,2,none,10,6,4
claude,MINISTRY086,Food Ministry,obligation,dyadic,Hypertensive users must be recommended healthy meals that comply with the nutrition guideline.,"∀x.∀y.O(recommend(System,y,x)|hypertensive(x)∧compliesWithGuideline(y)∧healthyMeal(y))",True,True,2,none,9,6,4
claude,MINISTRY087,Food Ministry,obligation,implication,Hypertensive users must be recommended affordable meals that comply with the nutrition guideline.,"∀x.∀y.hypertensive(x)∧compliesWithGuideline(y)∧affordableMeal(y)->O(recommend(System,y,x))",True,True,2,none,10,6,4
claude,MINISTRY087,Food Ministry,obligation,dyadic,Hypertensive users must be recommended affordable meals that comply with the nutrition guideline.,"∀x.∀y.O(recommend(System,y,x)|hypertensive(x)∧compliesWithGuideline(y)∧affordableMeal(y))",True,True,2,none,9,6,4
claude,MINISTRY088,Food Ministry,obligation,implication,Children must be recommended healthy meals that comply with the nutrition guideline.,"∀x.∀y.child(x)∧healthyMeal(y)∧compliesWithGuideline(y)->O(recommend(System,y,x))",True,True,2,none,10,6,4
claude,MINISTRY088,Food Ministry,obligation,dyadic,Children must be recommended healthy meals that comply with the nutrition guideline.,"∀x.∀y.O(recommend(System,y,x)|child(x)∧healthyMeal(y)∧compliesWithGuideline(y))",True,True,2,none,9,6,4
claude,MINISTRY089,Food Ministry,obligation,implication,Children must be recommended healthy meals that are affordable.,"∀x.∀y.child(x)∧healthyMeal(y)∧affordableMeal(y)->O(recommend(System,y,x))",True,True,2,none,10,6,4
claude,MINISTRY089,Food Ministry,obligation,dyadic,Children must be recommended healthy meals that are affordable.,"∀x.∀y.O(recommend(System,y,x)|child(x)∧healthyMeal(y)∧affordableMeal(y))",True,True,2,none,9,6,4
claude,MINISTRY090,Food Ministry,obligation,implication,Adults must be recommended healthy meals that are affordable.,"∀x.∀y.adult(x)∧healthyMeal(y)∧affordableMeal(y)->O(recommend(System,y,x))",True,True,2,none,10,6,4
claude,MINISTRY090,Food Ministry,obligation,dyadic,Adults must be recommended healthy meals that are affordable.,"∀x.∀y.O(recommend(System,y,x)|adult(x)∧healthyMeal(y)∧affordableMeal(y))",True,True,2,none,9,6,4
claude,MINISTRY091,Food Ministry,obligation,implication,Vulnerable users must be recommended healthy meals that comply with the nutrition guideline.,"∀x.∀y.vulnerableUser(x)∧compliesWithGuideline(y)∧healthyMeal(y)->O(recommend(System,y,x))",True,True,2,none,10,6,4
claude,MINISTRY091,Food Ministry,obligation,dyadic,Vulnerable users must be recommended healthy meals that comply with the nutrition guideline.,"∀x.∀y.O(recommend(System,y,x)|vulnerableUser(x)∧compliesWithGuideline(y)∧healthyMeal(y))",True,True,2,none,9,6,4
claude,MINISTRY092,Food Ministry,obligation,implication,Elderly users must be recommended approved healthy meals.,"∀x.∀y.elderly(x)∧approvedByMinistry(y)∧healthyMeal(y)->O(recommend(System,y,x))",True,True,2,none,10,6,4
claude,MINISTRY092,Food Ministry,obligation,dyadic,Elderly users must be recommended approved healthy meals.,"∀x.∀y.O(recommend(System,y,x)|elderly(x)∧approvedByMinistry(y)∧healthyMeal(y))",True,True,2,none,9,6,4
claude,MINISTRY093,Food Ministry,obligation,implication,Diabetic users must be recommended healthy meals that comply with the nutrition guideline.,"∀x.∀y.diabetic(x)∧compliesWithGuideline(y)∧healthyMeal(y)->O(recommend(System,y,x))",True,True,2,none,10,6,4
claude,MINISTRY093,Food Ministry,obligation,dyadic,Diabetic users must be recommended healthy meals that comply with the nutrition guideline.,"∀x.∀y.O(recommend(System,y,x)|diabetic(x)∧compliesWithGuideline(y)∧healthyMeal(y))",True,True,2,none,9,6,4
claude,MINISTRY094,Food Ministry,obligation,implication,Hypertensive users must be recommended healthy meals that are affordable.,"∀x.∀y.hypertensive(x)∧healthyMeal(y)∧affordableMeal(y)->O(recommend(System,y,x))",True,True,2,none,10,6,4
claude,MINISTRY094,Food Ministry,obligation,dyadic,Hypertensive users must be recommended healthy meals that are affordable.,"∀x.∀y.O(recommend(System,y,x)|hypertensive(x)∧healthyMeal(y)∧affordableMeal(y))",True,True,2,none,9,6,4
claude,MINISTRY095,Food Ministry,obligation,implication,Pregnant users must be recommended healthy meals that comply with the nutrition guideline.,"∀x.∀y.pregnant(x)∧compliesWithGuideline(y)∧healthyMeal(y)->O(recommend(System,y,x))",True,True,2,none,10,6,4
claude,MINISTRY095,Food Ministry,obligation,dyadic,Pregnant users must be recommended healthy meals that comply with the nutrition guideline.,"∀x.∀y.O(recommend(System,y,x)|pregnant(x)∧compliesWithGuideline(y)∧healthyMeal(y))",True,True,2,none,9,6,4
claude,MINISTRY096,Food Ministry,obligation,implication,Vulnerable users must be recommended affordable meals that comply with the nutrition guideline.,"∀x.∀y.vulnerableUser(x)∧affordableMeal(y)∧compliesWithGuideline(y)->O(recommend(System,y,x))",True,True,2,none,10,6,4
claude,MINISTRY096,Food Ministry,obligation,dyadic,Vulnerable users must be recommended affordable meals that comply with the nutrition guideline.,"∀x.∀y.O(recommend(System,y,x)|vulnerableUser(x)∧affordableMeal(y)∧compliesWithGuideline(y))",True,True,2,none,9,6,4
claude,MINISTRY097,Food Ministry,obligation,implication,Elderly users must be recommended affordable meals that comply with the nutrition guideline.,"∀x.∀y.elderly(x)∧compliesWithGuideline(y)∧affordableMeal(y)->O(recommend(System,y,x))",True,True,2,none,10,6,4
claude,MINISTRY097,Food Ministry,obligation,dyadic,Elderly users must be recommended affordable meals that comply with the nutrition guideline.,"∀x.∀y.O(recommend(System,y,x)|elderly(x)∧compliesWithGuideline(y)∧affordableMeal(y))",True,True,2,none,9,6,4
claude,MINISTRY098,Food Ministry,obligation,implication,Adults must be recommended approved healthy meals.,"∀x.∀y.adult(x)∧approvedByMinistry(y)∧healthyMeal(y)->O(recommend(System,y,x))",True,True,2,none,10,6,4
claude,MINISTRY098,Food Ministry,obligation,dyadic,Adults must be recommended approved healthy meals.,"∀x.∀y.O(recommend(System,y,x)|adult(x)∧approvedByMinistry(y)∧healthyMeal(y))",True,True,2,none,9,6,4
claude,MINISTRY099,Food Ministry,obligation,implication,Adults must be recommended healthy meals that comply with the nutrition guideline.,"∀x.∀y.adult(x)∧compliesWithGuideline(y)∧healthyMeal(y)->O(recommend(System,y,x))",True,True,2,none,10,6,4
claude,MINISTRY099,Food Ministry,obligation,dyadic,Adults must be recommended healthy meals that comply with the nutrition guideline.,"∀x.∀y.O(recommend(System,y,x)|adult(x)∧compliesWithGuideline(y)∧healthyMeal(y))",True,True,2,none,9,6,4
claude,MINISTRY100,Food Ministry,obligation,implication,Vulnerable users must be recommended healthy meals that have a nutrition label.,"∀x.∀y.vulnerableUser(x)∧healthyMeal(y)∧hasNutritionLabel(y)->O(recommend(System,y,x))",True,True,2,none,10,6,4
claude,MINISTRY100,Food Ministry,obligation,dyadic,Vulnerable users must be recommended healthy meals that have a nutrition label.,"∀x.∀y.O(recommend(System,y,x)|vulnerableUser(x)∧healthyMeal(y)∧hasNutritionLabel(y))",True,True,2,none,9,6,4
claude,INDUSTRY001,Food Industry,obligation,implication,Sponsored products that are in stock should be recommended to users.,"∀x.∀y.sponsored(y)∧available(y)->O(recommend(System,y,x))",True,True,2,none,8,5,3
claude,INDUSTRY001,Food Industry,obligation,dyadic,Sponsored products that are in stock should be recommended to users.,"∀x.∀y.O(recommend(System,y,x)|sponsored(y)∧available(y))",True,True,2,none,7,5,3
claude,INDUSTRY002,Food Industry,obligation,implication,Premium products should be recommended to premium customers.,"∀x.∀y.premiumProduct(y)∧premiumCustomer(x)->O(recommend(System,y,x))",True,True,2,none,8,5,3
claude,INDUSTRY002,Food Industry,obligation,dyadic,Premium products should be recommended to premium customers.,"∀x.∀y.O(recommend(System,y,x)|premiumProduct(y)∧premiumCustomer(x))",True,True,2,none,7,5,3
claude,INDUSTRY003,Food Industry,obligation,implication,Certified products that are available should be recommended.,"∀x.∀y.certified(y)∧available(y)->O(recommend(System,y,x))",True,True,2,none,8,5,3
claude,INDUSTRY003,Food Industry,obligation,dyadic,Certified products that are available should be recommended.,"∀x.∀y.O(recommend(System,y,x)|certified(y)∧available(y))",True,True,2,none,7,5,3
claude,INDUSTRY004,Food Industry,obligation,implication,Local products should be recommended to users interested in local food.,"∀x.∀y.localProduct(y)∧interestedIn(x,LocalFood)->O(recommend(System,y,x))",True,True,2,none,8,5,3
claude,INDUSTRY004,Food Industry,obligation,dyadic,Local products should be recommended to users interested in local food.,"∀x.∀y.O(recommend(System,y,x)|localProduct(y)∧interestedIn(x,LocalFood))",True,True,2,none,7,5,3
claude,INDUSTRY005,Food Industry,obligation,implication,Sustainable products should be recommended to users interested in sustainable food.,"∀x.∀y.sustainable(y)∧interestedIn(x,SustainableFood)->O(recommend(System,y,x))",True,True,2,none,8,5,3
claude,INDUSTRY005,Food Industry,obligation,dyadic,Sustainable products should be recommended to users interested in sustainable food.,"∀x.∀y.O(recommend(System,y,x)|sustainable(y)∧interestedIn(x,SustainableFood))",True,True,2,none,7,5,3
claude,INDUSTRY006,Food Industry,obligation,implication,Discounted products should be recommended to users interested in discounted food.,"∀x.∀y.discounted(y)∧interestedIn(x,DiscountedFood)->O(recommend(System,y,x))",True,True,2,none,8,5,3
claude,INDUSTRY006,Food Industry,obligation,dyadic,Discounted products should be recommended to users interested in discounted food.,"∀x.∀y.O(recommend(System,y,x)|discounted(y)∧interestedIn(x,DiscountedFood))",True,True,2,none,7,5,3
claude,INDUSTRY007,Food Industry,obligation,implication,Seasonal products should be recommended to users interested in seasonal food.,"∀x.∀y.seasonal(y)∧interestedIn(x,SeasonalFood)->O(recommend(System,y,x))",True,True,2,none,8,5,3
claude,INDUSTRY007,Food Industry,obligation,dyadic,Seasonal products should be recommended to users interested in seasonal food.,"∀x.∀y.O(recommend(System,y,x)|seasonal(y)∧interestedIn(x,SeasonalFood))",True,True,2,none,7,5,3
claude,INDUSTRY008,Food Industry,obligation,implication,New products should be recommended to users interested in new products.,"∀x.∀y.newProduct(y)∧interestedIn(x,NewProduct)->O(recommend(System,y,x))",True,True,2,none,8,5,3
claude,INDUSTRY008,Food Industry,obligation,dyadic,New products should be recommended to users interested in new products.,"∀x.∀y.O(recommend(System,y,x)|newProduct(y)∧interestedIn(x,NewProduct))",True,True,2,none,7,5,3
claude,INDUSTRY009,Food Industry,obligation,implication,Available organic products should be recommended.,"∀x.∀y.organic(y)∧available(y)->O(recommend(System,y,x))",True,True,2,none,8,5,3
claude,INDUSTRY009,Food Industry,obligation,dyadic,Available organic products should be recommended.,"∀x.∀y.O(recommend(System,y,x)|organic(y)∧available(y))",True,True,2,none,7,5,3
claude,INDUSTRY010,Food Industry,obligation,implication,Affordable products should be recommended to eligible users.,"∀x.∀y.affordable(y)∧eligible(x)->O(recommend(System,y,x))",True,True,2,none,8,5,3
claude,INDUSTRY010,Food Industry,obligation,dyadic,Affordable products should be recommended to eligible users.,"∀x.∀y.O(recommend(System,y,x)|affordable(y)∧eligible(x))",True,True,2,none,7,5,3
claude,INDUSTRY011,Food Industry,obligation,implication,Approved sponsored products should be recommended.,"∀x.∀y.sponsored(y)∧approved(y)->O(recommend(System,y,x))",True,True,2,none,8,5,3
claude,INDUSTRY011,Food Industry,obligation,dyadic,Approved sponsored products should be recommended.,"∀x.∀y.O(recommend(System,y,x)|sponsored(y)∧approved(y))",True,True,2,none,7,5,3
claude,INDUSTRY012,Food Industry,obligation,implication,Mediterranean meals should be recommended to users interested in Mediterranean cuisine.,"∀x.∀y.mediterraneanMeal(y)∧interestedIn(x,Mediterranean)->O(recommend(System,y,x))",True,True,2,none,8,5,3
claude,INDUSTRY012,Food Industry,obligation,dyadic,Mediterranean meals should be recommended to users interested in Mediterranean cuisine.,"∀x.∀y.O(recommend(System,y,x)|mediterraneanMeal(y)∧interestedIn(x,Mediterranean))",True,True,2,none,7,5,3
claude,INDUSTRY013,Food Industry,obligation,implication,Asian meals should be recommended to users interested in Asian cuisine.,"∀x.∀y.asianMeal(y)∧interestedIn(x,Asian)->O(recommend(System,y,x))",True,True,2,none,8,5,3
claude,INDUSTRY013,Food Industry,obligation,dyadic,Asian meals should be recommended to users interested in Asian cuisine.,"∀x.∀y.O(recommend(System,y,x)|asianMeal(y)∧interestedIn(x,Asian))",True,True,2,none,7,5,3
claude,INDUSTRY014,Food Industry,obligation,implication,Halal-certified products should be recommended to users who require halal.,"∀x.∀y.certifiedHalal(y)∧requiresHalal(x)->O(recommend(System,y,x))",True,True,2,none,8,5,3
claude,INDUSTRY014,Food Industry,obligation,dyadic,Halal-certified products should be recommended to users who require halal.,"∀x.∀y.O(recommend(System,y,x)|certifiedHalal(y)∧requiresHalal(x))",True,True,2,none,7,5,3
claude,INDUSTRY015,Food Industry,obligation,implication,Kosher-certified products should be recommended to users who require kosher.,"∀x.∀y.certifiedKosher(y)∧requiresKosher(x)->O(recommend(System,y,x))",True,True,2,none,8,5,3
claude,INDUSTRY015,Food Industry,obligation,dyadic,Kosher-certified products should be recommended to users who require kosher.,"∀x.∀y.O(recommend(System,y,x)|certifiedKosher(y)∧requiresKosher(x))",True,True,2,none,7,5,3
claude,INDUSTRY016,Food Industry,obligation,implication,Gluten-free certified products should be recommended to users who require gluten-free.,"∀x.∀y.certifiedGlutenFree(y)∧requiresGlutenFree(x)->O(recommend(System,y,x))",True,True,2,none,8,5,3
claude,INDUSTRY016,Food Industry,obligation,dyadic,Gluten-free certified products should be recommended to users who require gluten-free.,"∀x.∀y.O(recommend(System,y,x)|certifiedGlutenFree(y)∧requiresGlutenFree(x))",True,True,2,none,7,5,3
claude,INDUSTRY017,Food Industry,obligation,implication,Lactose-free certified products should be recommended to users who require lactose-free.,"∀x.∀y.certifiedLactoseFree(y)∧requiresLactoseFree(x)->O(recommend(System,y,x))",True,True,2,none,8,5,3
claude,INDUSTRY017,Food Industry,obligation,dyadic,Lactose-free certified products should be recommended to users who require lactose-free.,"∀x.∀y.O(recommend(System,y,x)|certifiedLactoseFree(y)∧requiresLactoseFree(x))",True,True,2,none,7,5,3
claude,INDUSTRY018,Food Industry,obligation,implication,Gluten-free certified products should be recommended to gluten-sensitive users.,"∀x.∀y.certifiedGlutenFree(y)∧glutenSensitive(x)->O(recommend(System,y,x))",True,True,2,none,8,5,3
claude,INDUSTRY018,Food Industry,obligation,dyadic,Gluten-free certified products should be recommended to gluten-sensitive users.,"∀x.∀y.O(recommend(System,y,x)|certifiedGlutenFree(y)∧glutenSensitive(x))",True,True,2,none,7,5,3
claude,INDUSTRY019,Food Industry,obligation,implication,Lactose-free certified products should be recommended to lactose-intolerant users.,"∀x.∀y.certifiedLactoseFree(y)∧lactoseIntolerant(x)->O(recommend(System,y,x))",True,True,2,none,8,5,3
claude,INDUSTRY019,Food Industry,obligation,dyadic,Lactose-free certified products should be recommended to lactose-intolerant users.,"∀x.∀y.O(recommend(System,y,x)|certifiedLactoseFree(y)∧lactoseIntolerant(x))",True,True,2,none,7,5,3
claude,INDUSTRY020,Food Industry,obligation,implication,Certified premium products should be recommended to premium customers.,"∀x.∀y.premiumProduct(y)∧certified(y)∧premiumCustomer(x)->O(recommend(System,y,x))",True,True,2,none,10,6,4
claude,INDUSTRY020,Food Industry,obligation,dyadic,Certified premium products should be recommended to premium customers.,"∀x.∀y.O(recommend(System,y,x)|premiumProduct(y)∧certified(y)∧premiumCustomer(x))",True,True,2,none,9,6,4
claude,INDUSTRY021,Food Industry,obligation,implication,Seasonal discounted products should be recommended.,"∀x.∀y.seasonal(y)∧discounted(y)->O(recommend(System,y,x))",True,True,2,none,8,5,3
claude,INDUSTRY021,Food Industry,obligation,dyadic,Seasonal discounted products should be recommended.,"∀x.∀y.O(recommend(System,y,x)|seasonal(y)∧discounted(y))",True,True,2,none,7,5,3
claude,INDUSTRY022,Food Industry,obligation,implication,Discounted products should be recommended to loyal customers.,"∀x.∀y.discounted(y)∧loyalCustomer(x)->O(recommend(System,y,x))",True,True,2,none,8,5,3
claude,INDUSTRY022,Food Industry,obligation,dyadic,Discounted products should be recommended to loyal customers.,"∀x.∀y.O(recommend(System,y,x)|discounted(y)∧loyalCustomer(x))",True,True,2,none,7,5,3
claude,INDUSTRY023,Food Industry,obligation,implication,Available sponsored products should be recommended to premium customers.,"∀x.∀y.sponsored(y)∧available(y)∧premiumCustomer(x)->O(recommend(System,y,x))",True,True,2,none,10,6,4
claude,INDUSTRY023,Food Industry,obligation,dyadic,Available sponsored products should be recommended to premium customers.,"∀x.∀y.O(recommend(System,y,x)|sponsored(y)∧available(y)∧premiumCustomer(x))",True,True,2,none,9,6,4
claude,INDUSTRY024,Food Industry,obligation,implication,Sustainable local products should be recommended.,"∀x.∀y.localProduct(y)∧sustainable(y)->O(recommend(System,y,x))",True,True,2,none,8,5,3
claude,INDUSTRY024,Food Industry,obligation,dyadic,Sustainable local products should be recommended.,"∀x.∀y.O(recommend(System,y,x)|localProduct(y)∧sustainable(y))",True,True,2,none,7,5,3
claude,INDUSTRY025,Food Industry,obligation,implication,Available new products should be recommended to eligible users.,"∀x.∀y.newProduct(y)∧available(y)∧eligible(x)->O(recommend(System,y,x))",True,True,2,none,10,6,4
claude,INDUSTRY025,Food Industry,obligation,dyadic,Available new products should be recommended to eligible users.,"∀x.∀y.O(recommend(System,y,x)|newProduct(y)∧available(y)∧eligible(x))",True,True,2,none,9,6,4
claude,INDUSTRY026,Food Industry,obligation,implication,Organic products should be recommended to users interested in sustainable food.,"∀x.∀y.organic(y)∧interestedIn(x,SustainableFood)->O(recommend(System,y,x))",True,True,2,none,8,5,3
claude,INDUSTRY026,Food Industry,obligation,dyadic,Organic products should be recommended to users interested in sustainable food.,"∀x.∀y.O(recommend(System,y,x)|organic(y)∧interestedIn(x,SustainableFood))",True,True,2,none,7,5,3
claude,INDUSTRY027,Food Industry,obligation,implication,Sponsored products should be recommended to loyal customers.,"∀x.∀y.sponsored(y)∧loyalCustomer(x)->O(recommend(System,y,x))",True,True,2,none,8,5,3
claude,INDUSTRY027,Food Industry,obligation,dyadic,Sponsored products should be recommended to loyal customers.,"∀x.∀y.O(recommend(System,y,x)|sponsored(y)∧loyalCustomer(x))",True,True,2,none,7,5,3
claude,INDUSTRY028,Food Industry,obligation,implication,Affordable discounted products should be recommended.,"∀x.∀y.affordable(y)∧discounted(y)->O(recommend(System,y,x))",True,True,2,none,8,5,3
claude,INDUSTRY028,Food Industry,obligation,dyadic,Affordable discounted products should be recommended.,"∀x.∀y.O(recommend(System,y,x)|affordable(y)∧discounted(y))",True,True,2,none,7,5,3
claude,INDUSTRY029,Food Industry,obligation,implication,Products the user prefers should be recommended when available.,"∀x.∀y.prefers(x,y)∧available(y)->O(recommend(System,y,x))",True,True,2,none,8,5,3
claude,INDUSTRY029,Food Industry,obligation,dyadic,Products the user prefers should be recommended when available.,"∀x.∀y.O(recommend(System,y,x)|prefers(x,y)∧available(y))",True,True,2,none,7,5,3
claude,INDUSTRY030,Food Industry,obligation,implication,Certified approved products that are available should be recommended.,"∀x.∀y.certified(y)∧approved(y)∧available(y)->O(recommend(System,y,x))",True,True,2,none,10,6,4
claude,INDUSTRY030,Food Industry,obligation,dyadic,Certified approved products that are available should be recommended.,"∀x.∀y.O(recommend(System,y,x)|certified(y)∧approved(y)∧available(y))",True,True,2,none,9,6,4
claude,INDUSTRY031,Food Industry,obligation,implication,Seasonal local products should be recommended.,"∀x.∀y.seasonal(y)∧localProduct(y)->O(recommend(System,y,x))",True,True,2,none,8,5,3
claude,INDUSTRY031,Food Industry,obligation,dyadic,Seasonal local products should be recommended.,"∀x.∀y.O(recommend(System,y,x)|seasonal(y)∧localProduct(y))",True,True,2,none,7,5,3
claude,INDUSTRY032,Food Industry,obligation,implication,Available sponsored discounted products should be recommended.,"∀x.∀y.sponsored(y)∧discounted(y)∧available(y)->O(recommend(System,y,x))",True,True,2,none,10,6,4
claude,INDUSTRY032,Food Industry,obligation,dyadic,Available sponsored discounted products should be recommended.,"∀x.∀y.O(recommend(System,y,x)|sponsored(y)∧discounted(y)∧available(y))",True,True,2,none,9,6,4
claude,INDUSTRY033,Food Industry,obligation,implication,Available premium products should be recommended to loyal customers.,"∀x.∀y.premiumProduct(y)∧loyalCustomer(x)∧available(y)->O(recommend(System,y,x))",True,True,2,none,10,6,4
claude,INDUSTRY033,Food Industry,obligation,dyadic,Available premium products should be recommended to loyal customers.,"∀x.∀y.O(recommend(System,y,x)|premiumProduct(y)∧loyalCustomer(x)∧available(y))",True,True,2,none,9,6,4
claude,INDUSTRY034,Food Industry,obligation,implication,Sponsored new products should be recommended.,"∀x.∀y.newProduct(y)∧sponsored(y)->O(recommend(System,y,x))",True,True,2,none,8,5,3
claude,INDUSTRY034,Food Industry,obligation,dyadic,Sponsored new products should be recommended.,"∀x.∀y.O(recommend(System,y,x)|newProduct(y)∧sponsored(y))",True,True,2,none,7,5,3
claude,INDUSTRY035,Food Industry,permission,implication,Premium products may be recommended to adult users.,"∀x.∀y.premiumProduct(y)∧adult(x)->P(recommend(System,y,x))",True,True,2,none,8,5,3
claude,INDUSTRY035,Food Industry,permission,dyadic,Premium products may be recommended to adult users.,"∀x.∀y.P(recommend(System,y,x)|premiumProduct(y)∧adult(x))",True,True,2,none,7,5,3
claude,INDUSTRY036,Food Industry,permission,implication,Spicy products may be recommended to adult users.,"∀x.∀y.spicy(y)∧adult(x)->P(recommend(System,y,x))",True,True,2,none,8,5,3
claude,INDUSTRY036,Food Industry,permission,dyadic,Spicy products may be recommended to adult users.,"∀x.∀y.P(recommend(System,y,x)|spicy(y)∧adult(x))",True,True,2,none,7,5,3
claude,INDUSTRY037,Food Industry,permission,implication,New products may be recommended to loyal customers.,"∀x.∀y.newProduct(y)∧loyalCustomer(x)->P(recommend(System,y,x))",True,True,2,none,8,5,3
claude,INDUSTRY037,Food Industry,permission,dyadic,New products may be recommended to loyal customers.,"∀x.∀y.P(recommend(System,y,x)|newProduct(y)∧loyalCustomer(x))",True,True,2,none,7,5,3
claude,INDUSTRY038,Food Industry,permission,implication,Available seasonal products may be recommended.,"∀x.∀y.seasonal(y)∧available(y)->P(recommend(System,y,x))",True,True,2,none,8,5,3
claude,INDUSTRY038,Food Industry,permission,dyadic,Available seasonal products may be recommended.,"∀x.∀y.P(recommend(System,y,x)|seasonal(y)∧available(y))",True,True,2,none,7,5,3
claude,INDUSTRY039,Food Industry,permission,implication,Discounted products may be recommended to eligible users.,"∀x.∀y.discounted(y)∧eligible(x)->P(recommend(System,y,x))",True,True,2,none,8,5,3
claude,INDUSTRY039,Food Industry,permission,dyadic,Discounted products may be recommended to eligible users.,"∀x.∀y.P(recommend(System,y,x)|discounted(y)∧eligible(x))",True,True,2,none,7,5,3
claude,INDUSTRY040,Food Industry,permission,implication,Available local products may be recommended.,"∀x.∀y.localProduct(y)∧available(y)->P(recommend(System,y,x))",True,True,2,none,8,5,3
claude,INDUSTRY040,Food Industry,permission,dyadic,Available local products may be recommended.,"∀x.∀y.P(recommend(System,y,x)|localProduct(y)∧available(y))",True,True,2,none,7,5,3
claude,INDUSTRY041,Food Industry,permission,implication,Sustainable products may be recommended to eligible users.,"∀x.∀y.sustainable(y)∧eligible(x)->P(recommend(System,y,x))",True,True,2,none,8,5,3
claude,INDUSTRY041,Food Industry,permission,dyadic,Sustainable products may be recommended to eligible users.,"∀x.∀y.P(recommend(System,y,x)|sustainable(y)∧eligible(x))",True,True,2,none,7,5,3
claude,INDUSTRY042,Food Industry,permission,implication,Organic products may be recommended to premium customers.,"∀x.∀y.organic(y)∧premiumCustomer(x)->P(recommend(System,y,x))",True,True,2,none,8,5,3
claude,INDUSTRY042,Food Industry,permission,dyadic,Organic products may be recommended to premium customers.,"∀x.∀y.P(recommend(System,y,x)|organic(y)∧premiumCustomer(x))",True,True,2,none,7,5,3
claude,INDUSTRY043,Food Industry,permission,implication,Available Mediterranean meals may be recommended.,"∀x.∀y.mediterraneanMeal(y)∧available(y)->P(recommend(System,y,x))",True,True,2,none,8,5,3
claude,INDUSTRY043,Food Industry,permission,dyadic,Available Mediterranean meals may be recommended.,"∀x.∀y.P(recommend(System,y,x)|mediterraneanMeal(y)∧available(y))",True,True,2,none,7,5,3
claude,INDUSTRY044,Food Industry,permission,implication,Available Asian meals may be recommended.,"∀x.∀y.asianMeal(y)∧available(y)->P(recommend(System,y,x))",True,True,2,none,8,5,3
claude,INDUSTRY044,Food Industry,permission,dyadic,Available Asian meals may be recommended.,"∀x.∀y.P(recommend(System,y,x)|asianMeal(y)∧available(y))",True,True,2,none,7,5,3
claude,INDUSTRY045,Food Industry,permission,implication,Products that are sponsored or discounted may be recommended.,"∀x.∀y.sponsored(y)∨discounted(y)->P(recommend(System,y,x))",True,True,1,partial_concept_overlap,8,5,3
claude,INDUSTRY045,Food Industry,permission,dyadic,Products that are sponsored or discounted may be recommended.,"∀x.∀y.P(recommend(System,y,x)|sponsored(y)∨discounted(y))",True,True,1,partial_concept_overlap,7,5,3
claude,INDUSTRY046,Food Industry,permission,implication,Products that are premium or certified may be recommended.,"∀x.∀y.premiumProduct(y)∨certified(y)->P(recommend(System,y,x))",True,True,1,partial_concept_overlap,8,5,3
claude,INDUSTRY046,Food Industry,permission,dyadic,Products that are premium or certified may be recommended.,"∀x.∀y.P(recommend(System,y,x)|premiumProduct(y)∨certified(y))",True,True,1,partial_concept_overlap,7,5,3
claude,INDUSTRY047,Food Industry,permission,implication,Products that are local or sustainable may be recommended.,"∀x.∀y.localProduct(y)∨sustainable(y)->P(recommend(System,y,x))",True,True,1,partial_concept_overlap,8,5,3
claude,INDUSTRY047,Food Industry,permission,dyadic,Products that are local or sustainable may be recommended.,"∀x.∀y.P(recommend(System,y,x)|localProduct(y)∨sustainable(y))",True,True,1,partial_concept_overlap,7,5,3
claude,INDUSTRY048,Food Industry,permission,implication,Products that are seasonal or new may be recommended.,"∀x.∀y.seasonal(y)∨newProduct(y)->P(recommend(System,y,x))",True,True,2,none,8,5,3
claude,INDUSTRY048,Food Industry,permission,dyadic,Products that are seasonal or new may be recommended.,"∀x.∀y.P(recommend(System,y,x)|seasonal(y)∨newProduct(y))",True,True,2,none,7,5,3
claude,INDUSTRY049,Food Industry,permission,implication,Mediterranean or Asian meals may be recommended.,"∀x.∀y.mediterraneanMeal(y)∨asianMeal(y)->P(recommend(System,y,x))",True,True,1,partial_concept_overlap,8,5,3
claude,INDUSTRY049,Food Industry,permission,dyadic,Mediterranean or Asian meals may be recommended.,"∀x.∀y.P(recommend(System,y,x)|mediterraneanMeal(y)∨asianMeal(y))",True,True,1,partial_concept_overlap,7,5,3
claude,INDUSTRY050,Food Industry,permission,implication,Affordable or discounted products may be recommended.,"∀x.∀y.affordable(y)∨discounted(y)->P(recommend(System,y,x))",True,True,2,none,8,5,3
claude,INDUSTRY050,Food Industry,permission,dyadic,Affordable or discounted products may be recommended.,"∀x.∀y.P(recommend(System,y,x)|affordable(y)∨discounted(y))",True,True,2,none,7,5,3
claude,INDUSTRY051,Food Industry,permission,implication,Certified products may be recommended to loyal customers.,"∀x.∀y.certified(y)∧loyalCustomer(x)->P(recommend(System,y,x))",True,True,2,none,8,5,3
claude,INDUSTRY051,Food Industry,permission,dyadic,Certified products may be recommended to loyal customers.,"∀x.∀y.P(recommend(System,y,x)|certified(y)∧loyalCustomer(x))",True,True,2,none,7,5,3
claude,INDUSTRY052,Food Industry,permission,implication,Spicy products may be recommended to users interested in Asian cuisine.,"∀x.∀y.spicy(y)∧interestedIn(x,Asian)->P(recommend(System,y,x))",True,True,2,none,8,5,3
claude,INDUSTRY052,Food Industry,permission,dyadic,Spicy products may be recommended to users interested in Asian cuisine.,"∀x.∀y.P(recommend(System,y,x)|spicy(y)∧interestedIn(x,Asian))",True,True,2,none,7,5,3
claude,INDUSTRY053,Food Industry,permission,implication,Mild products may be recommended to users interested in Mediterranean cuisine.,"∀x.∀y.mild(y)∧interestedIn(x,Mediterranean)->P(recommend(System,y,x))",True,True,2,none,8,5,3
claude,INDUSTRY053,Food Industry,permission,dyadic,Mild products may be recommended to users interested in Mediterranean cuisine.,"∀x.∀y.P(recommend(System,y,x)|mild(y)∧interestedIn(x,Mediterranean))",True,True,2,none,7,5,3
claude,INDUSTRY054,Food Industry,permission,implication,Premium products may be recommended to loyal customers.,"∀x.∀y.premiumProduct(y)∧loyalCustomer(x)->P(recommend(System,y,x))",True,True,2,none,8,5,3
claude,INDUSTRY054,Food Industry,permission,dyadic,Premium products may be recommended to loyal customers.,"∀x.∀y.P(recommend(System,y,x)|premiumProduct(y)∧loyalCustomer(x))",True,True,2,none,7,5,3
claude,INDUSTRY055,Food Industry,permission,implication,Available organic products may be recommended to adult users.,"∀x.∀y.organic(y)∧available(y)∧adult(x)->P(recommend(System,y,x))",True,True,2,none,10,6,4
claude,INDUSTRY055,Food Industry,permission,dyadic,Available organic products may be recommended to adult users.,"∀x.∀y.P(recommend(System,y,x)|organic(y)∧available(y)∧adult(x))",True,True,2,none,9,6,4
claude,INDUSTRY056,Food Industry,permission,implication,Seasonal products may be recommended to premium customers.,"∀x.∀y.seasonal(y)∧premiumCustomer(x)->P(recommend(System,y,x))",True,True,2,none,8,5,3
claude,INDUSTRY056,Food Industry,permission,dyadic,Seasonal products may be recommended to premium customers.,"∀x.∀y.P(recommend(System,y,x)|seasonal(y)∧premiumCustomer(x))",True,True,2,none,7,5,3
claude,INDUSTRY057,Food Industry,permission,implication,New products may be recommended to premium customers.,"∀x.∀y.newProduct(y)∧premiumCustomer(x)->P(recommend(System,y,x))",True,True,2,none,8,5,3
claude,INDUSTRY057,Food Industry,permission,dyadic,New products may be recommended to premium customers.,"∀x.∀y.P(recommend(System,y,x)|newProduct(y)∧premiumCustomer(x))",True,True,2,none,7,5,3
claude,INDUSTRY058,Food Industry,permission,implication,Sustainable products may be recommended to loyal customers.,"∀x.∀y.sustainable(y)∧loyalCustomer(x)->P(recommend(System,y,x))",True,True,2,none,8,5,3
claude,INDUSTRY058,Food Industry,permission,dyadic,Sustainable products may be recommended to loyal customers.,"∀x.∀y.P(recommend(System,y,x)|sustainable(y)∧loyalCustomer(x))",True,True,2,none,7,5,3
claude,INDUSTRY059,Food Industry,permission,implication,Local products may be recommended to eligible users.,"∀x.∀y.localProduct(y)∧eligible(x)->P(recommend(System,y,x))",True,True,2,none,8,5,3
claude,INDUSTRY059,Food Industry,permission,dyadic,Local products may be recommended to eligible users.,"∀x.∀y.P(recommend(System,y,x)|localProduct(y)∧eligible(x))",True,True,2,none,7,5,3
claude,INDUSTRY060,Food Industry,permission,implication,Sponsored products may be recommended to adult users.,"∀x.∀y.sponsored(y)∧adult(x)->P(recommend(System,y,x))",True,True,2,none,8,5,3
claude,INDUSTRY060,Food Industry,permission,dyadic,Sponsored products may be recommended to adult users.,"∀x.∀y.P(recommend(System,y,x)|sponsored(y)∧adult(x))",True,True,2,none,7,5,3
claude,INDUSTRY061,Food Industry,permission,implication,Discounted products may be recommended to premium customers.,"∀x.∀y.discounted(y)∧premiumCustomer(x)->P(recommend(System,y,x))",True,True,2,none,8,5,3
claude,INDUSTRY061,Food Industry,permission,dyadic,Discounted products may be recommended to premium customers.,"∀x.∀y.P(recommend(System,y,x)|discounted(y)∧premiumCustomer(x))",True,True,2,none,7,5,3
claude,INDUSTRY062,Food Industry,permission,implication,Affordable products may be recommended to loyal customers.,"∀x.∀y.affordable(y)∧loyalCustomer(x)->P(recommend(System,y,x))",True,True,2,none,8,5,3
claude,INDUSTRY062,Food Industry,permission,dyadic,Affordable products may be recommended to loyal customers.,"∀x.∀y.P(recommend(System,y,x)|affordable(y)∧loyalCustomer(x))",True,True,2,none,7,5,3
claude,INDUSTRY063,Food Industry,permission,implication,Available halal-certified products may be recommended.,"∀x.∀y.certifiedHalal(y)∧available(y)->P(recommend(System,y,x))",True,True,2,none,8,5,3
claude,INDUSTRY063,Food Industry,permission,dyadic,Available halal-certified products may be recommended.,"∀x.∀y.P(recommend(System,y,x)|certifiedHalal(y)∧available(y))",True,True,2,none,7,5,3
claude,INDUSTRY064,Food Industry,permission,implication,Available kosher-certified products may be recommended.,"∀x.∀y.certifiedKosher(y)∧available(y)->P(recommend(System,y,x))",True,True,2,none,8,5,3
claude,INDUSTRY064,Food Industry,permission,dyadic,Available kosher-certified products may be recommended.,"∀x.∀y.P(recommend(System,y,x)|certifiedKosher(y)∧available(y))",True,True,2,none,7,5,3
claude,INDUSTRY065,Food Industry,permission,implication,Products the user prefers may be recommended.,"∀x.∀y.prefers(x,y)->P(recommend(System,y,x))",True,True,2,none,6,5,2
claude,INDUSTRY065,Food Industry,permission,dyadic,Products the user prefers may be recommended.,"∀x.∀y.P(recommend(System,y,x)|prefers(x,y))",True,True,2,none,5,4,2
claude,INDUSTRY066,Food Industry,permission,implication,Products that are safe for the user and available may be recommended.,"∀x.∀y.safeFor(x,y)∧available(y)->P(recommend(System,y,x))",True,True,2,none,8,5,3
claude,INDUSTRY066,Food Industry,permission,dyadic,Products that are safe for the user and available may be recommended.,"∀x.∀y.P(recommend(System,y,x)|safeFor(x,y)∧available(y))",True,True,2,none,7,5,3
claude,INDUSTRY067,Food Industry,permission,implication,Mediterranean meals may be recommended to premium customers.,"∀x.∀y.mediterraneanMeal(y)∧premiumCustomer(x)->P(recommend(System,y,x))",True,True,2,none,8,5,3
claude,INDUSTRY067,Food Industry,permission,dyadic,Mediterranean meals may be recommended to premium customers.,"∀x.∀y.P(recommend(System,y,x)|mediterraneanMeal(y)∧premiumCustomer(x))",True,True,2,none,7,5,3
claude,INDUSTRY068,Food Industry,permission,implication,Asian meals may be recommended to loyal customers.,"∀x.∀y.asianMeal(y)∧loyalCustomer(x)->P(recommend(System,y,x))",True,True,2,none,8,5,3
claude,INDUSTRY068,Food Industry,permission,dyadic,Asian meals may be recommended to loyal customers.,"∀x.∀y.P(recommend(System,y,x)|asianMeal(y)∧loyalCustomer(x))",True,True,2,none,7,5,3
claude,INDUSTRY069,Food Industry,permission,implication,Spicy products may be recommended to adult users interested in Asian cuisine.,"∀x.∀y.spicy(y)∧adult(x)∧interestedIn(x,Asian)->P(recommend(System,y,x))",True,True,2,none,10,6,4
claude,INDUSTRY069,Food Industry,permission,dyadic,Spicy products may be recommended to adult users interested in Asian cuisine.,"∀x.∀y.P(recommend(System,y,x)|spicy(y)∧adult(x)∧interestedIn(x,Asian))",True,True,2,none,9,6,4
claude,INDUSTRY070,Food Industry,permission,implication,Products that are certified or organic may be recommended.,"∀x.∀y.certified(y)∨organic(y)->P(recommend(System,y,x))",True,True,1,partial_concept_overlap,8,5,3
claude,INDUSTRY070,Food Industry,permission,dyadic,Products that are certified or organic may be recommended.,"∀x.∀y.P(recommend(System,y,x)|certified(y)∨organic(y))",True,True,1,partial_concept_overlap,7,5,3
claude,INDUSTRY071,Food Industry,permission,implication,Affordable available products may be recommended to eligible users.,"∀x.∀y.affordable(y)∧eligible(x)∧available(y)->P(recommend(System,y,x))",True,True,2,none,10,6,4
claude,INDUSTRY071,Food Industry,permission,dyadic,Affordable available products may be recommended to eligible users.,"∀x.∀y.P(recommend(System,y,x)|affordable(y)∧eligible(x)∧available(y))",True,True,2,none,9,6,4
claude,INDUSTRY072,Food Industry,permission,implication,Mild products may be recommended to adult users.,"∀x.∀y.mild(y)∧adult(x)->P(recommend(System,y,x))",True,True,2,none,8,5,3
claude,INDUSTRY072,Food Industry,permission,dyadic,Mild products may be recommended to adult users.,"∀x.∀y.P(recommend(System,y,x)|mild(y)∧adult(x))",True,True,2,none,7,5,3
claude,INDUSTRY073,Food Industry,prohibition,implication,Products containing nuts must not be recommended to users allergic to nuts.,"∀x.∀y.contains(y,Nuts)∧allergicTo(x,Nuts)->F(recommend(System,y,x))",True,True,2,none,8,5,3
claude,INDUSTRY073,Food Industry,prohibition,dyadic,Products containing nuts must not be recommended to users allergic to nuts.,"∀x.∀y.F(recommend(System,y,x)|contains(y,Nuts)∧allergicTo(x,Nuts))",True,True,2,none,7,5,3
claude,INDUSTRY074,Food Industry,prohibition,implication,Products containing shellfish must not be recommended to users allergic to shellfish.,"∀x.∀y.contains(y,Shellfish)∧allergicTo(x,Shellfish)->F(recommend(System,y,x))",True,True,2,none,8,5,3
claude,INDUSTRY074,Food Industry,prohibition,dyadic,Products containing shellfish must not be recommended to users allergic to shellfish.,"∀x.∀y.F(recommend(System,y,x)|contains(y,Shellfish)∧allergicTo(x,Shellfish))",True,True,2,none,7,5,3
claude,INDUSTRY075,Food Industry,prohibition,implication,Products that are not halal-certified must not be recommended to users who require halal.,"∀x.∀y.¬certifiedHalal(y)∧requiresHalal(x)->F(recommend(System,y,x))",True,True,2,none,9,6,3
claude,INDUSTRY075,Food Industry,prohibition,dyadic,Products that are not halal-certified must not be recommended to users who require halal.,"∀x.∀y.F(recommend(System,y,x)|¬certifiedHalal(y)∧requiresHalal(x))",True,True,2,none,8,6,3
claude,INDUSTRY076,Food Industry,prohibition,implication,Products that are not kosher-certified must not be recommended to users who require kosher.,"∀x.∀y.¬certifiedKosher(y)∧requiresKosher(x)->F(recommend(System,y,x))",True,True,2,none,9,6,3
claude,INDUSTRY076,Food Industry,prohibition,dyadic,Products that are not kosher-certified must not be recommended to users who require kosher.,"∀x.∀y.F(recommend(System,y,x)|¬certifiedKosher(y)∧requiresKosher(x))",True,True,2,none,8,6,3
claude,INDUSTRY077,Food Industry,prohibition,implication,Products that are not gluten-free certified must not be recommended to users who require gluten-free.,"∀x.∀y.¬certifiedGlutenFree(y)∧requiresGlutenFree(x)->F(recommend(System,y,x))",True,True,2,none,9,6,3
claude,INDUSTRY077,Food Industry,prohibition,dyadic,Products that are not gluten-free certified must not be recommended to users who require gluten-free.,"∀x.∀y.F(recommend(System,y,x)|¬certifiedGlutenFree(y)∧requiresGlutenFree(x))",True,True,2,none,8,6,3
claude,INDUSTRY078,Food Industry,prohibition,implication,Products that are not gluten-free certified must not be recommended to gluten-sensitive users.,"∀x.∀y.¬certifiedGlutenFree(y)∧glutenSensitive(x)->F(recommend(System,y,x))",True,True,2,none,9,6,3
claude,INDUSTRY078,Food Industry,prohibition,dyadic,Products that are not gluten-free certified must not be recommended to gluten-sensitive users.,"∀x.∀y.F(recommend(System,y,x)|¬certifiedGlutenFree(y)∧glutenSensitive(x))",True,True,2,none,8,6,3
claude,INDUSTRY079,Food Industry,prohibition,implication,Products that are not lactose-free certified must not be recommended to users who require lactose-free.,"∀x.∀y.¬certifiedLactoseFree(y)∧requiresLactoseFree(x)->F(recommend(System,y,x))",True,True,2,none,9,6,3
claude,INDUSTRY079,Food Industry,prohibition,dyadic,Products that are not lactose-free certified must not be recommended to users who require lactose-free.,"∀x.∀y.F(recommend(System,y,x)|¬certifiedLactoseFree(y)∧requiresLactoseFree(x))",True,True,2,none,8,6,3
claude,INDUSTRY080,Food Industry,prohibition,implication,Products that are not lactose-free certified must not be recommended to lactose-intolerant users.,"∀x.∀y.¬certifiedLactoseFree(y)∧lactoseIntolerant(x)->F(recommend(System,y,x))",True,True,2,none,9,6,3
claude,INDUSTRY080,Food Industry,prohibition,dyadic,Products that are not lactose-free certified must not be recommended to lactose-intolerant users.,"∀x.∀y.F(recommend(System,y,x)|¬certifiedLactoseFree(y)∧lactoseIntolerant(x))",True,True,2,none,8,6,3
claude,INDUSTRY081,Food Industry,prohibition,implication,Restricted products must not be recommended.,"∀x.∀y.restricted(y)->F(recommend(System,y,x))",True,True,2,none,6,5,2
claude,INDUSTRY081,Food Industry,prohibition,dyadic,Restricted products must not be recommended.,"∀x.∀y.F(recommend(System,y,x)|restricted(y))",True,True,2,none,5,4,2
claude,INDUSTRY082,Food Industry,prohibition,implication,Products that are not approved must not be recommended.,"∀x.∀y.¬approved(y)->F(recommend(System,y,x))",True,True,2,none,7,5,2
claude,INDUSTRY082,Food Industry,prohibition,dyadic,Products that are not approved must not be recommended.,"∀x.∀y.F(recommend(System,y,x)|¬approved(y))",True,True,2,none,6,5,2
claude,INDUSTRY083,Food Industry,prohibition,implication,Products that are not available must not be recommended.,"∀x.∀y.¬available(y)->F(recommend(System,y,x))",True,True,2,none,7,5,2
claude,INDUSTRY083,Food Industry,prohibition,dyadic,Products that are not available must not be recommended.,"∀x.∀y.F(recommend(System,y,x)|¬available(y))",True,True,2,none,6,5,2
claude,INDUSTRY084,Food Industry,prohibition,implication,Restricted products must not be recommended to child users.,"∀x.∀y.restricted(y)∧child(x)->F(recommend(System,y,x))",True,True,2,none,8,5,3
claude,INDUSTRY084,Food Industry,prohibition,dyadic,Restricted products must not be recommended to child users.,"∀x.∀y.F(recommend(System,y,x)|restricted(y)∧child(x))",True,True,2,none,7,5,3
claude,INDUSTRY085,Food Industry,prohibition,implication,Spicy products must not be recommended to child users.,"∀x.∀y.spicy(y)∧child(x)->F(recommend(System,y,x))",True,True,2,none,8,5,3
claude,INDUSTRY085,Food Industry,prohibition,dyadic,Spicy products must not be recommended to child users.,"∀x.∀y.F(recommend(System,y,x)|spicy(y)∧child(x))",True,True,2,none,7,5,3
claude,INDUSTRY086,Food Industry,prohibition,implication,Products that are not safe for the user must not be recommended.,"∀x.∀y.¬safeFor(x,y)->F(recommend(System,y,x))",True,True,2,none,7,5,2
claude,INDUSTRY086,Food Industry,prohibition,dyadic,Products that are not safe for the user must not be recommended.,"∀x.∀y.F(recommend(System,y,x)|¬safeFor(x,y))",True,True,2,none,6,5,2
claude,INDUSTRY087,Food Industry,prohibition,implication,Products that the user avoids must not be recommended.,"∀x.∀y.avoids(x,y)->F(recommend(System,y,x))",True,True,2,none,6,5,2
claude,INDUSTRY087,Food Industry,prohibition,dyadic,Products that the user avoids must not be recommended.,"∀x.∀y.F(recommend(System,y,x)|avoids(x,y))",True,True,2,none,5,4,2
claude,INDUSTRY088,Food Industry,prohibition,implication,Sponsored products that are not approved must not be recommended.,"∀x.∀y.sponsored(y)∧¬approved(y)->F(recommend(System,y,x))",True,True,2,none,9,6,3
claude,INDUSTRY088,Food Industry,prohibition,dyadic,Sponsored products that are not approved must not be recommended.,"∀x.∀y.F(recommend(System,y,x)|sponsored(y)∧¬approved(y))",True,True,2,none,8,6,3
claude,INDUSTRY089,Food Industry,prohibition,implication,Products that are restricted or not approved must not be recommended.,"∀x.∀y.restricted(y)∨¬approved(y)->F(recommend(System,y,x))",True,True,1,partial_concept_overlap,9,6,3
claude,INDUSTRY089,Food Industry,prohibition,dyadic,Products that are restricted or not approved must not be recommended.,"∀x.∀y.F(recommend(System,y,x)|restricted(y)∨¬approved(y))",True,True,1,partial_concept_overlap,8,6,3
claude,INDUSTRY090,Food Industry,prohibition,implication,Discounted products that are out of stock must not be recommended.,"∀x.∀y.discounted(y)∧¬available(y)->F(recommend(System,y,x))",True,True,2,none,9,6,3
claude,INDUSTRY090,Food Industry,prohibition,dyadic,Discounted products that are out of stock must not be recommended.,"∀x.∀y.F(recommend(System,y,x)|discounted(y)∧¬available(y))",True,True,2,none,8,6,3
claude,INDUSTRY091,Food Industry,prohibition,implication,Restricted products must not be recommended even to eligible users.,"∀x.∀y.restricted(y)∧eligible(x)->F(recommend(System,y,x))",True,True,2,none,8,5,3
claude,INDUSTRY091,Food Industry,prohibition,dyadic,Restricted products must not be recommended even to eligible users.,"∀x.∀y.F(recommend(System,y,x)|restricted(y)∧eligible(x))",True,True,2,none,7,5,3
claude,INDUSTRY092,Food Industry,prohibition,implication,Products that are not safe for the user must not be recommended to child users.,"∀x.∀y.¬safeFor(x,y)∧child(x)->F(recommend(System,y,x))",True,True,2,none,9,6,3
claude,INDUSTRY092,Food Industry,prohibition,dyadic,Products that are not safe for the user must not be recommended to child users.,"∀x.∀y.F(recommend(System,y,x)|¬safeFor(x,y)∧child(x))",True,True,2,none,8,6,3
claude,INDUSTRY093,Food Industry,prohibition,implication,Premium products that the user avoids must not be recommended.,"∀x.∀y.avoids(x,y)∧premiumProduct(y)->F(recommend(System,y,x))",True,True,2,none,8,5,3
claude,INDUSTRY093,Food Industry,prohibition,dyadic,Premium products that the user avoids must not be recommended.,"∀x.∀y.F(recommend(System,y,x)|avoids(x,y)∧premiumProduct(y))",True,True,2,none,7,5,3
claude,INDUSTRY094,Food Industry,prohibition,implication,Unapproved products must not be recommended even when available.,"∀x.∀y.¬approved(y)∧available(y)->F(recommend(System,y,x))",True,True,2,none,9,6,3
claude,INDUSTRY094,Food Industry,prohibition,dyadic,Unapproved products must not be recommended even when available.,"∀x.∀y.F(recommend(System,y,x)|¬approved(y)∧available(y))",True,True,2,none,8,6,3
claude,INDUSTRY095,Food Industry,prohibition,implication,Products containing nuts that are not safe for the user must not be recommended.,"∀x.∀y.contains(y,Nuts)∧¬safeFor(x,y)->F(recommend(System,y,x))",True,True,2,none,9,6,3
claude,INDUSTRY095,Food Industry,prohibition,dyadic,Products containing nuts that are not safe for the user must not be recommended.,"∀x.∀y.F(recommend(System,y,x)|contains(y,Nuts)∧¬safeFor(x,y))",True,True,2,none,8,6,3
claude,INDUSTRY096,Food Industry,prohibition,implication,Shellfish products must not be recommended to children allergic to shellfish.,"∀x.∀y.contains(y,Shellfish)∧child(x)∧allergicTo(x,Shellfish)->F(recommend(System,y,x))",True,True,2,none,10,6,4
claude,INDUSTRY096,Food Industry,prohibition,dyadic,Shellfish products must not be recommended to children allergic to shellfish.,"∀x.∀y.F(recommend(System,y,x)|contains(y,Shellfish)∧child(x)∧allergicTo(x,Shellfish))",True,True,2,none,9,6,4
claude,INDUSTRY097,Food Industry,prohibition,implication,Sponsored products that are restricted must not be recommended.,"∀x.∀y.restricted(y)∧sponsored(y)->F(recommend(System,y,x))",True,True,2,none,8,5,3
claude,INDUSTRY097,Food Industry,prohibition,dyadic,Sponsored products that are restricted must not be recommended.,"∀x.∀y.F(recommend(System,y,x)|restricted(y)∧sponsored(y))",True,True,2,none,7,5,3
claude,INDUSTRY098,Food Industry,prohibition,implication,Products the user avoids or restricted products must not be recommended.,"∀x.∀y.avoids(x,y)∨restricted(y)->F(recommend(System,y,x))",True,True,1,partial_concept_overlap,8,5,3
claude,INDUSTRY098,Food Industry,prohibition,dyadic,Products the user avoids or restricted products must not be recommended.,"∀x.∀y.F(recommend(System,y,x)|avoids(x,y)∨restricted(y))",True,True,1,partial_concept_overlap,7,5,3
claude,INDUSTRY099,Food Industry,prohibition,implication,Sponsored products that are unavailable must not be recommended.,"∀x.∀y.¬available(y)∧sponsored(y)->F(recommend(System,y,x))",True,True,2,none,9,6,3
claude,INDUSTRY099,Food Industry,prohibition,dyadic,Sponsored products that are unavailable must not be recommended.,"∀x.∀y.F(recommend(System,y,x)|¬available(y)∧sponsored(y))",True,True,2,none,8,6,3
claude,INDUSTRY100,Food Industry,prohibition,implication,Restricted products must not be recommended even to premium customers.,"∀x.∀y.restricted(y)∧premiumCustomer(x)->F(recommend(System,y,x))",True,True,2,none,8,5,3
claude,INDUSTRY100,Food Industry,prohibition,dyadic,Restricted products must not be recommended even to premium customers.,"∀x.∀y.F(recommend(System,y,x)|restricted(y)∧premiumCustomer(x))",True,True,2,none,7,5,3
