id,stakeholder,formula_type,norm_type,original_nl,formula,backtranslated_nl,semantic_score,error_type,notes
USER001,User,implication,prohibition,Children should not receive energy drink recommendations,"∀x.∀y.child(x)∧energyDrink(y)->F(recommend(System,y,x))","For every user and product, if all of the following hold: the user is a child; and the product is an energy drink, then the system is prohibited from recommending the product to the user.",,,
USER001,User,dyadic,prohibition,Children should not receive energy drink recommendations,"∀x.∀y.F(recommend(System,y,x)|child(x)∧energyDrink(y))","For every user and product, if all of the following hold: the user is a child; and the product is an energy drink, then the system is prohibited from recommending the product to the user.",,,
USER002,User,implication,prohibition,Children should not receive high sugar product recommendations,"∀x.∀y.child(x)∧highSugarProduct(y)->F(recommend(System,y,x))","For every user and product, if all of the following hold: the user is a child; and the product is high in sugar, then the system is prohibited from recommending the product to the user.",,,
USER002,User,dyadic,prohibition,Children should not receive high sugar product recommendations,"∀x.∀y.F(recommend(System,y,x)|child(x)∧highSugarProduct(y))","For every user and product, if all of the following hold: the user is a child; and the product is high in sugar, then the system is prohibited from recommending the product to the user.",,,
USER003,User,implication,obligation,Children should receive healthy meal recommendations,"∀x.∀y.child(x)∧healthyMeal(y)->O(recommend(System,y,x))","For every user and product, if all of the following hold: the user is a child; and the product is a healthy meal, then the system is obligated to recommend the product to the user.",,,
USER003,User,dyadic,obligation,Children should receive healthy meal recommendations,"∀x.∀y.O(recommend(System,y,x)|child(x)∧healthyMeal(y))","For every user and product, if all of the following hold: the user is a child; and the product is a healthy meal, then the system is obligated to recommend the product to the user.",,,
USER004,User,implication,permission,Children may receive mild meal recommendations,"∀x.∀y.child(x)∧mildMeal(y)->P(recommend(System,y,x))","For every user and product, if all of the following hold: the user is a child; and the product is a mild meal, then the system is permitted to recommend the product to the user.",,,
USER004,User,dyadic,permission,Children may receive mild meal recommendations,"∀x.∀y.P(recommend(System,y,x)|child(x)∧mildMeal(y))","For every user and product, if all of the following hold: the user is a child; and the product is a mild meal, then the system is permitted to recommend the product to the user.",,,
USER005,User,implication,prohibition,Children should not receive ultra processed food recommendations,"∀x.∀y.child(x)∧ultraProcessedFood(y)->F(recommend(System,y,x))","For every user and product, if all of the following hold: the user is a child; and the product is ultra-processed, then the system is prohibited from recommending the product to the user.",,,
USER005,User,dyadic,prohibition,Children should not receive ultra processed food recommendations,"∀x.∀y.F(recommend(System,y,x)|child(x)∧ultraProcessedFood(y))","For every user and product, if all of the following hold: the user is a child; and the product is ultra-processed, then the system is prohibited from recommending the product to the user.",,,
USER006,User,implication,obligation,Diabetic users should receive low sugar food recommendations,"∀x.∀y.diabetic(x)∧lowSugarFood(y)->O(recommend(System,y,x))","For every user and product, if all of the following hold: the user is diabetic; and the product is low in sugar, then the system is obligated to recommend the product to the user.",,,
USER006,User,dyadic,obligation,Diabetic users should receive low sugar food recommendations,"∀x.∀y.O(recommend(System,y,x)|diabetic(x)∧lowSugarFood(y))","For every user and product, if all of the following hold: the user is diabetic; and the product is low in sugar, then the system is obligated to recommend the product to the user.",,,
USER007,User,implication,prohibition,Diabetic users should not receive sugary snack recommendations,"∀x.∀y.diabetic(x)∧sugarySnack(y)->F(recommend(System,y,x))","For every user and product, if all of the following hold: the user is diabetic; and the product is a sugary snack, then the system is prohibited from recommending the product to the user.",,,
USER007,User,dyadic,prohibition,Diabetic users should not receive sugary snack recommendations,"∀x.∀y.F(recommend(System,y,x)|diabetic(x)∧sugarySnack(y))","For every user and product, if all of the following hold: the user is diabetic; and the product is a sugary snack, then the system is prohibited from recommending the product to the user.",,,
USER008,User,implication,permission,Diabetic users may receive certified healthy meal recommendations,"∀x.∀y.diabetic(x)∧healthyMeal(y)∧certifiedHealthy(y)->P(recommend(System,y,x))","For every user and product, if all of the following hold: the product is certified healthy; the user is diabetic; and the product is a healthy meal, then the system is permitted to recommend the product to the user.",,,
USER008,User,dyadic,permission,Diabetic users may receive certified healthy meal recommendations,"∀x.∀y.P(recommend(System,y,x)|diabetic(x)∧healthyMeal(y)∧certifiedHealthy(y))","For every user and product, if all of the following hold: the product is certified healthy; the user is diabetic; and the product is a healthy meal, then the system is permitted to recommend the product to the user.",,,
USER009,User,implication,prohibition,Diabetic users should not receive energy drinks that are high sugar products,"∀x.∀y.diabetic(x)∧energyDrink(y)∧highSugarProduct(y)->F(recommend(System,y,x))","For every user and product, if all of the following hold: the user is diabetic; the product is an energy drink; and the product is high in sugar, then the system is prohibited from recommending the product to the user.",,,
USER009,User,dyadic,prohibition,Diabetic users should not receive energy drinks that are high sugar products,"∀x.∀y.F(recommend(System,y,x)|diabetic(x)∧energyDrink(y)∧highSugarProduct(y))","For every user and product, if all of the following hold: the user is diabetic; the product is an energy drink; and the product is high in sugar, then the system is prohibited from recommending the product to the user.",,,
USER010,User,implication,obligation,Diabetic users should receive affordable low sugar food recommendations,"∀x.∀y.diabetic(x)∧lowSugarFood(y)∧affordableMeal(y)->O(recommend(System,y,x))","For every user and product, if all of the following hold: the product is an affordable meal; the user is diabetic; and the product is low in sugar, then the system is obligated to recommend the product to the user.",,,
USER010,User,dyadic,obligation,Diabetic users should receive affordable low sugar food recommendations,"∀x.∀y.O(recommend(System,y,x)|diabetic(x)∧lowSugarFood(y)∧affordableMeal(y))","For every user and product, if all of the following hold: the product is an affordable meal; the user is diabetic; and the product is low in sugar, then the system is obligated to recommend the product to the user.",,,
USER011,User,implication,obligation,Hypertensive users should receive low salt food recommendations,"∀x.∀y.hypertensive(x)∧lowSaltFood(y)->O(recommend(System,y,x))","For every user and product, if all of the following hold: the user is hypertensive; and the product is low in salt, then the system is obligated to recommend the product to the user.",,,
USER011,User,dyadic,obligation,Hypertensive users should receive low salt food recommendations,"∀x.∀y.O(recommend(System,y,x)|hypertensive(x)∧lowSaltFood(y))","For every user and product, if all of the following hold: the user is hypertensive; and the product is low in salt, then the system is obligated to recommend the product to the user.",,,
USER012,User,implication,prohibition,Hypertensive users should not receive salty snack recommendations,"∀x.∀y.hypertensive(x)∧saltySnack(y)->F(recommend(System,y,x))","For every user and product, if all of the following hold: the user is hypertensive; and the product is a salty snack, then the system is prohibited from recommending the product to the user.",,,
USER012,User,dyadic,prohibition,Hypertensive users should not receive salty snack recommendations,"∀x.∀y.F(recommend(System,y,x)|hypertensive(x)∧saltySnack(y))","For every user and product, if all of the following hold: the user is hypertensive; and the product is a salty snack, then the system is prohibited from recommending the product to the user.",,,
USER013,User,implication,permission,Hypertensive users may receive healthy low salt meal recommendations,"∀x.∀y.hypertensive(x)∧healthyMeal(y)∧lowSaltFood(y)->P(recommend(System,y,x))","For every user and product, if all of the following hold: the product is a healthy meal; the user is hypertensive; and the product is low in salt, then the system is permitted to recommend the product to the user.",,,
USER013,User,dyadic,permission,Hypertensive users may receive healthy low salt meal recommendations,"∀x.∀y.P(recommend(System,y,x)|hypertensive(x)∧healthyMeal(y)∧lowSaltFood(y))","For every user and product, if all of the following hold: the product is a healthy meal; the user is hypertensive; and the product is low in salt, then the system is permitted to recommend the product to the user.",,,
USER014,User,implication,prohibition,Users requiring low salt food should not receive high salt products,"∀x.∀y.requiresLowSalt(x)∧highSaltProduct(y)->F(recommend(System,y,x))","For every user and product, if all of the following hold: the product is high in salt; and the user requires low-salt food, then the system is prohibited from recommending the product to the user.",,,
USER014,User,dyadic,prohibition,Users requiring low salt food should not receive high salt products,"∀x.∀y.F(recommend(System,y,x)|requiresLowSalt(x)∧highSaltProduct(y))","For every user and product, if all of the following hold: the product is high in salt; and the user requires low-salt food, then the system is prohibited from recommending the product to the user.",,,
USER015,User,implication,obligation,Users requiring low salt food should receive low salt alternatives,"∀x.∀y.requiresLowSalt(x)∧lowSaltFood(y)->O(recommend(System,y,x))","For every user and product, if all of the following hold: the product is low in salt; and the user requires low-salt food, then the system is obligated to recommend the product to the user.",,,
USER015,User,dyadic,obligation,Users requiring low salt food should receive low salt alternatives,"∀x.∀y.O(recommend(System,y,x)|requiresLowSalt(x)∧lowSaltFood(y))","For every user and product, if all of the following hold: the product is low in salt; and the user requires low-salt food, then the system is obligated to recommend the product to the user.",,,
USER016,User,implication,obligation,Pregnant users should receive safe meal recommendations,"∀x.∀y.pregnant(x)∧safeForPregnantUsers(y)->O(recommend(System,y,x))","For every user and product, if all of the following hold: the user is pregnant; and the product is safe for pregnant users, then the system is obligated to recommend the product to the user.",,,
USER016,User,dyadic,obligation,Pregnant users should receive safe meal recommendations,"∀x.∀y.O(recommend(System,y,x)|pregnant(x)∧safeForPregnantUsers(y))","For every user and product, if all of the following hold: the user is pregnant; and the product is safe for pregnant users, then the system is obligated to recommend the product to the user.",,,
USER017,User,implication,prohibition,Pregnant users should not receive energy drink recommendations,"∀x.∀y.pregnant(x)∧energyDrink(y)->F(recommend(System,y,x))","For every user and product, if all of the following hold: the product is an energy drink; and the user is pregnant, then the system is prohibited from recommending the product to the user.",,,
USER017,User,dyadic,prohibition,Pregnant users should not receive energy drink recommendations,"∀x.∀y.F(recommend(System,y,x)|pregnant(x)∧energyDrink(y))","For every user and product, if all of the following hold: the product is an energy drink; and the user is pregnant, then the system is prohibited from recommending the product to the user.",,,
USER018,User,implication,permission,Pregnant users may receive mild healthy meal recommendations,"∀x.∀y.pregnant(x)∧mildMeal(y)∧healthyMeal(y)->P(recommend(System,y,x))","For every user and product, if all of the following hold: the product is a healthy meal; the product is a mild meal; and the user is pregnant, then the system is permitted to recommend the product to the user.",,,
USER018,User,dyadic,permission,Pregnant users may receive mild healthy meal recommendations,"∀x.∀y.P(recommend(System,y,x)|pregnant(x)∧mildMeal(y)∧healthyMeal(y))","For every user and product, if all of the following hold: the product is a healthy meal; the product is a mild meal; and the user is pregnant, then the system is permitted to recommend the product to the user.",,,
USER019,User,implication,prohibition,Pregnant users should not receive products requiring safety warnings,"∀x.∀y.pregnant(x)∧requiresWarning(y)->F(recommend(System,y,x))","For every user and product, if all of the following hold: the user is pregnant; and the product requires a warning, then the system is prohibited from recommending the product to the user.",,,
USER019,User,dyadic,prohibition,Pregnant users should not receive products requiring safety warnings,"∀x.∀y.F(recommend(System,y,x)|pregnant(x)∧requiresWarning(y))","For every user and product, if all of the following hold: the user is pregnant; and the product requires a warning, then the system is prohibited from recommending the product to the user.",,,
USER020,User,implication,obligation,Pregnant users should receive affordable healthy meal recommendations,"∀x.∀y.pregnant(x)∧healthyMeal(y)∧affordableMeal(y)->O(recommend(System,y,x))","For every user and product, if all of the following hold: the product is an affordable meal; the product is a healthy meal; and the user is pregnant, then the system is obligated to recommend the product to the user.",,,
USER020,User,dyadic,obligation,Pregnant users should receive affordable healthy meal recommendations,"∀x.∀y.O(recommend(System,y,x)|pregnant(x)∧healthyMeal(y)∧affordableMeal(y))","For every user and product, if all of the following hold: the product is an affordable meal; the product is a healthy meal; and the user is pregnant, then the system is obligated to recommend the product to the user.",,,
USER021,User,implication,obligation,Elderly users should receive healthy meal recommendations,"∀x.∀y.elderly(x)∧healthyMeal(y)->O(recommend(System,y,x))","For every user and product, if all of the following hold: the user is elderly; and the product is a healthy meal, then the system is obligated to recommend the product to the user.",,,
USER021,User,dyadic,obligation,Elderly users should receive healthy meal recommendations,"∀x.∀y.O(recommend(System,y,x)|elderly(x)∧healthyMeal(y))","For every user and product, if all of the following hold: the user is elderly; and the product is a healthy meal, then the system is obligated to recommend the product to the user.",,,
USER022,User,implication,prohibition,Elderly users should not receive high salt product recommendations,"∀x.∀y.elderly(x)∧highSaltProduct(y)->F(recommend(System,y,x))","For every user and product, if all of the following hold: the user is elderly; and the product is high in salt, then the system is prohibited from recommending the product to the user.",,,
USER022,User,dyadic,prohibition,Elderly users should not receive high salt product recommendations,"∀x.∀y.F(recommend(System,y,x)|elderly(x)∧highSaltProduct(y))","For every user and product, if all of the following hold: the user is elderly; and the product is high in salt, then the system is prohibited from recommending the product to the user.",,,
USER023,User,implication,permission,Elderly users may receive low sugar food recommendations,"∀x.∀y.elderly(x)∧lowSugarFood(y)->P(recommend(System,y,x))","For every user and product, if all of the following hold: the user is elderly; and the product is low in sugar, then the system is permitted to recommend the product to the user.",,,
USER023,User,dyadic,permission,Elderly users may receive low sugar food recommendations,"∀x.∀y.P(recommend(System,y,x)|elderly(x)∧lowSugarFood(y))","For every user and product, if all of the following hold: the user is elderly; and the product is low in sugar, then the system is permitted to recommend the product to the user.",,,
USER024,User,implication,obligation,Elderly users should receive affordable meal recommendations,"∀x.∀y.elderly(x)∧affordableMeal(y)->O(recommend(System,y,x))","For every user and product, if all of the following hold: the product is an affordable meal; and the user is elderly, then the system is obligated to recommend the product to the user.",,,
USER024,User,dyadic,obligation,Elderly users should receive affordable meal recommendations,"∀x.∀y.O(recommend(System,y,x)|elderly(x)∧affordableMeal(y))","For every user and product, if all of the following hold: the product is an affordable meal; and the user is elderly, then the system is obligated to recommend the product to the user.",,,
USER025,User,implication,prohibition,Elderly users should not receive ultra processed food recommendations,"∀x.∀y.elderly(x)∧ultraProcessedFood(y)->F(recommend(System,y,x))","For every user and product, if all of the following hold: the user is elderly; and the product is ultra-processed, then the system is prohibited from recommending the product to the user.",,,
USER025,User,dyadic,prohibition,Elderly users should not receive ultra processed food recommendations,"∀x.∀y.F(recommend(System,y,x)|elderly(x)∧ultraProcessedFood(y))","For every user and product, if all of the following hold: the user is elderly; and the product is ultra-processed, then the system is prohibited from recommending the product to the user.",,,
USER026,User,implication,prohibition,Users allergic to nuts should not receive products containing nuts,"∀x.∀y.allergicTo(x,Nuts)∧contains(y,Nuts)->F(recommend(System,y,x))","For every user and product, if all of the following hold: the user is allergic to nuts; and the product contains nuts, then the system is prohibited from recommending the product to the user.",,,
USER026,User,dyadic,prohibition,Users allergic to nuts should not receive products containing nuts,"∀x.∀y.F(recommend(System,y,x)|allergicTo(x,Nuts)∧contains(y,Nuts))","For every user and product, if all of the following hold: the user is allergic to nuts; and the product contains nuts, then the system is prohibited from recommending the product to the user.",,,
USER027,User,implication,prohibition,Users allergic to shellfish should not receive products containing shellfish,"∀x.∀y.allergicTo(x,Shellfish)∧contains(y,Shellfish)->F(recommend(System,y,x))","For every user and product, if all of the following hold: the user is allergic to shellfish; and the product contains shellfish, then the system is prohibited from recommending the product to the user.",,,
USER027,User,dyadic,prohibition,Users allergic to shellfish should not receive products containing shellfish,"∀x.∀y.F(recommend(System,y,x)|allergicTo(x,Shellfish)∧contains(y,Shellfish))","For every user and product, if all of the following hold: the user is allergic to shellfish; and the product contains shellfish, then the system is prohibited from recommending the product to the user.",,,
USER028,User,implication,obligation,Users allergic to nuts should receive nut free meal recommendations,"∀x.∀y.allergicTo(x,Nuts)∧nutFreeMeal(y)->O(recommend(System,y,x))","For every user and product, if all of the following hold: the user is allergic to nuts; and the product is nut-free, then the system is obligated to recommend the product to the user.",,,
USER028,User,dyadic,obligation,Users allergic to nuts should receive nut free meal recommendations,"∀x.∀y.O(recommend(System,y,x)|allergicTo(x,Nuts)∧nutFreeMeal(y))","For every user and product, if all of the following hold: the user is allergic to nuts; and the product is nut-free, then the system is obligated to recommend the product to the user.",,,
USER029,User,implication,permission,Users allergic to shellfish may receive shellfish free meal recommendations,"∀x.∀y.allergicTo(x,Shellfish)∧shellfishFreeMeal(y)->P(recommend(System,y,x))","For every user and product, if all of the following hold: the user is allergic to shellfish; and the product is shellfish-free, then the system is permitted to recommend the product to the user.",,,
USER029,User,dyadic,permission,Users allergic to shellfish may receive shellfish free meal recommendations,"∀x.∀y.P(recommend(System,y,x)|allergicTo(x,Shellfish)∧shellfishFreeMeal(y))","For every user and product, if all of the following hold: the user is allergic to shellfish; and the product is shellfish-free, then the system is permitted to recommend the product to the user.",,,
USER030,User,implication,obligation,Users allergic to nuts or shellfish should receive allergen safe meal recommendations,"∀x.∀y.allergicTo(x,Nuts)∨allergicTo(x,Shellfish)∧allergenSafeMeal(y)->O(recommend(System,y,x))","For every user and product, if either the user is allergic to nuts or both the user is allergic to shellfish and the product is allergen-safe, then the system is obligated to recommend the product to the user.",,,
USER030,User,dyadic,obligation,Users allergic to nuts or shellfish should receive allergen safe meal recommendations,"∀x.∀y.O(recommend(System,y,x)|allergicTo(x,Nuts)∨allergicTo(x,Shellfish)∧allergenSafeMeal(y))","For every user and product, if either the user is allergic to nuts or both the user is allergic to shellfish and the product is allergen-safe, then the system is obligated to recommend the product to the user.",,,
USER031,User,implication,prohibition,Vegan users should not receive non vegan meal recommendations,"∀x.∀y.vegan(x)∧nonVegan(y)->F(recommend(System,y,x))","For every user and product, if all of the following hold: the product is non-vegan; and the user is vegan, then the system is prohibited from recommending the product to the user.",,,
USER031,User,dyadic,prohibition,Vegan users should not receive non vegan meal recommendations,"∀x.∀y.F(recommend(System,y,x)|vegan(x)∧nonVegan(y))","For every user and product, if all of the following hold: the product is non-vegan; and the user is vegan, then the system is prohibited from recommending the product to the user.",,,
USER032,User,implication,obligation,Vegan users should receive vegan meal recommendations,"∀x.∀y.vegan(x)∧veganMeal(y)->O(recommend(System,y,x))","For every user and product, if all of the following hold: the user is vegan; and the product is a vegan meal, then the system is obligated to recommend the product to the user.",,,
USER032,User,dyadic,obligation,Vegan users should receive vegan meal recommendations,"∀x.∀y.O(recommend(System,y,x)|vegan(x)∧veganMeal(y))","For every user and product, if all of the following hold: the user is vegan; and the product is a vegan meal, then the system is obligated to recommend the product to the user.",,,
USER033,User,implication,permission,Vegan users may receive plant based meal recommendations,"∀x.∀y.vegan(x)∧plantBasedMeal(y)->P(recommend(System,y,x))","For every user and product, if all of the following hold: the product is plant-based; and the user is vegan, then the system is permitted to recommend the product to the user.",,,
USER033,User,dyadic,permission,Vegan users may receive plant based meal recommendations,"∀x.∀y.P(recommend(System,y,x)|vegan(x)∧plantBasedMeal(y))","For every user and product, if all of the following hold: the product is plant-based; and the user is vegan, then the system is permitted to recommend the product to the user.",,,
USER034,User,implication,prohibition,Vegan users should not receive dairy meal recommendations,"∀x.∀y.vegan(x)∧dairyMeal(y)->F(recommend(System,y,x))","For every user and product, if all of the following hold: the product is a dairy meal; and the user is vegan, then the system is prohibited from recommending the product to the user.",,,
USER034,User,dyadic,prohibition,Vegan users should not receive dairy meal recommendations,"∀x.∀y.F(recommend(System,y,x)|vegan(x)∧dairyMeal(y))","For every user and product, if all of the following hold: the product is a dairy meal; and the user is vegan, then the system is prohibited from recommending the product to the user.",,,
USER035,User,implication,obligation,Vegan users should receive sustainable vegan meal recommendations,"∀x.∀y.vegan(x)∧veganMeal(y)∧sustainable(y)->O(recommend(System,y,x))","For every user and product, if all of the following hold: the product is sustainable; the user is vegan; and the product is a vegan meal, then the system is obligated to recommend the product to the user.",,,
USER035,User,dyadic,obligation,Vegan users should receive sustainable vegan meal recommendations,"∀x.∀y.O(recommend(System,y,x)|vegan(x)∧veganMeal(y)∧sustainable(y))","For every user and product, if all of the following hold: the product is sustainable; the user is vegan; and the product is a vegan meal, then the system is obligated to recommend the product to the user.",,,
USER036,User,implication,prohibition,Vegetarian users should not receive meat meal recommendations,"∀x.∀y.vegetarian(x)∧meatMeal(y)->F(recommend(System,y,x))","For every user and product, if all of the following hold: the product is a meat meal; and the user is vegetarian, then the system is prohibited from recommending the product to the user.",,,
USER036,User,dyadic,prohibition,Vegetarian users should not receive meat meal recommendations,"∀x.∀y.F(recommend(System,y,x)|vegetarian(x)∧meatMeal(y))","For every user and product, if all of the following hold: the product is a meat meal; and the user is vegetarian, then the system is prohibited from recommending the product to the user.",,,
USER037,User,implication,obligation,Vegetarian users should receive vegetarian meal recommendations,"∀x.∀y.vegetarian(x)∧vegetarianMeal(y)->O(recommend(System,y,x))","For every user and product, if all of the following hold: the user is vegetarian; and the product is a vegetarian meal, then the system is obligated to recommend the product to the user.",,,
USER037,User,dyadic,obligation,Vegetarian users should receive vegetarian meal recommendations,"∀x.∀y.O(recommend(System,y,x)|vegetarian(x)∧vegetarianMeal(y))","For every user and product, if all of the following hold: the user is vegetarian; and the product is a vegetarian meal, then the system is obligated to recommend the product to the user.",,,
USER038,User,implication,permission,Vegetarian users may receive plant based meal recommendations,"∀x.∀y.vegetarian(x)∧plantBasedMeal(y)->P(recommend(System,y,x))","For every user and product, if all of the following hold: the product is plant-based; and the user is vegetarian, then the system is permitted to recommend the product to the user.",,,
USER038,User,dyadic,permission,Vegetarian users may receive plant based meal recommendations,"∀x.∀y.P(recommend(System,y,x)|vegetarian(x)∧plantBasedMeal(y))","For every user and product, if all of the following hold: the product is plant-based; and the user is vegetarian, then the system is permitted to recommend the product to the user.",,,
USER039,User,implication,prohibition,Vegetarian users should not receive non vegetarian products,"∀x.∀y.vegetarian(x)∧nonVegetarian(y)->F(recommend(System,y,x))","For every user and product, if all of the following hold: the product is non-vegetarian; and the user is vegetarian, then the system is prohibited from recommending the product to the user.",,,
USER039,User,dyadic,prohibition,Vegetarian users should not receive non vegetarian products,"∀x.∀y.F(recommend(System,y,x)|vegetarian(x)∧nonVegetarian(y))","For every user and product, if all of the following hold: the product is non-vegetarian; and the user is vegetarian, then the system is prohibited from recommending the product to the user.",,,
USER040,User,implication,obligation,Vegetarian users should receive affordable vegetarian meals,"∀x.∀y.vegetarian(x)∧vegetarianMeal(y)∧affordableMeal(y)->O(recommend(System,y,x))","For every user and product, if all of the following hold: the product is an affordable meal; the user is vegetarian; and the product is a vegetarian meal, then the system is obligated to recommend the product to the user.",,,
USER040,User,dyadic,obligation,Vegetarian users should receive affordable vegetarian meals,"∀x.∀y.O(recommend(System,y,x)|vegetarian(x)∧vegetarianMeal(y)∧affordableMeal(y))","For every user and product, if all of the following hold: the product is an affordable meal; the user is vegetarian; and the product is a vegetarian meal, then the system is obligated to recommend the product to the user.",,,
USER041,User,implication,obligation,Users requiring halal food should receive certified halal meal recommendations,"∀x.∀y.requiresHalal(x)∧halalMeal(y)∧certifiedHalal(y)->O(recommend(System,y,x))","For every user and product, if all of the following hold: the product is certified halal; the product is a halal meal; and the user requires halal food, then the system is obligated to recommend the product to the user.",,,
USER041,User,dyadic,obligation,Users requiring halal food should receive certified halal meal recommendations,"∀x.∀y.O(recommend(System,y,x)|requiresHalal(x)∧halalMeal(y)∧certifiedHalal(y))","For every user and product, if all of the following hold: the product is certified halal; the product is a halal meal; and the user requires halal food, then the system is obligated to recommend the product to the user.",,,
USER042,User,implication,prohibition,Users requiring halal food should not receive non halal meal recommendations,"∀x.∀y.requiresHalal(x)∧nonHalal(y)->F(recommend(System,y,x))","For every user and product, if all of the following hold: the product is non-halal; and the user requires halal food, then the system is prohibited from recommending the product to the user.",,,
USER042,User,dyadic,prohibition,Users requiring halal food should not receive non halal meal recommendations,"∀x.∀y.F(recommend(System,y,x)|requiresHalal(x)∧nonHalal(y))","For every user and product, if all of the following hold: the product is non-halal; and the user requires halal food, then the system is prohibited from recommending the product to the user.",,,
USER043,User,implication,permission,Users requiring halal food may receive verified halal products,"∀x.∀y.requiresHalal(x)∧verifiedHalal(y)->P(recommend(System,y,x))","For every user and product, if all of the following hold: the user requires halal food; and the product has verified halal status, then the system is permitted to recommend the product to the user.",,,
USER043,User,dyadic,permission,Users requiring halal food may receive verified halal products,"∀x.∀y.P(recommend(System,y,x)|requiresHalal(x)∧verifiedHalal(y))","For every user and product, if all of the following hold: the user requires halal food; and the product has verified halal status, then the system is permitted to recommend the product to the user.",,,
USER044,User,implication,prohibition,Users requiring halal food should not receive products with uncertain halal status,"∀x.∀y.requiresHalal(x)∧uncertainHalalStatus(y)->F(recommend(System,y,x))","For every user and product, if all of the following hold: the user requires halal food; and the product has uncertain halal status, then the system is prohibited from recommending the product to the user.",,,
USER044,User,dyadic,prohibition,Users requiring halal food should not receive products with uncertain halal status,"∀x.∀y.F(recommend(System,y,x)|requiresHalal(x)∧uncertainHalalStatus(y))","For every user and product, if all of the following hold: the user requires halal food; and the product has uncertain halal status, then the system is prohibited from recommending the product to the user.",,,
USER045,User,implication,permission,Users preferring halal food may receive halal meal recommendations,"∀x.∀y.prefers(x,y)∧halalMeal(y)->P(recommend(System,y,x))","For every user and product, if all of the following hold: the product is a halal meal; and the user prefers the product, then the system is permitted to recommend the product to the user.",,,
USER045,User,dyadic,permission,Users preferring halal food may receive halal meal recommendations,"∀x.∀y.P(recommend(System,y,x)|prefers(x,y)∧halalMeal(y))","For every user and product, if all of the following hold: the product is a halal meal; and the user prefers the product, then the system is permitted to recommend the product to the user.",,,
USER046,User,implication,obligation,Users requiring kosher food should receive certified kosher meal recommendations,"∀x.∀y.requiresKosher(x)∧kosherMeal(y)∧certifiedKosher(y)->O(recommend(System,y,x))","For every user and product, if all of the following hold: the product is certified kosher; the product is a kosher meal; and the user requires kosher food, then the system is obligated to recommend the product to the user.",,,
USER046,User,dyadic,obligation,Users requiring kosher food should receive certified kosher meal recommendations,"∀x.∀y.O(recommend(System,y,x)|requiresKosher(x)∧kosherMeal(y)∧certifiedKosher(y))","For every user and product, if all of the following hold: the product is certified kosher; the product is a kosher meal; and the user requires kosher food, then the system is obligated to recommend the product to the user.",,,
USER047,User,implication,prohibition,Users requiring kosher food should not receive non kosher meal recommendations,"∀x.∀y.requiresKosher(x)∧nonKosher(y)->F(recommend(System,y,x))","For every user and product, if all of the following hold: the product is non-kosher; and the user requires kosher food, then the system is prohibited from recommending the product to the user.",,,
USER047,User,dyadic,prohibition,Users requiring kosher food should not receive non kosher meal recommendations,"∀x.∀y.F(recommend(System,y,x)|requiresKosher(x)∧nonKosher(y))","For every user and product, if all of the following hold: the product is non-kosher; and the user requires kosher food, then the system is prohibited from recommending the product to the user.",,,
USER048,User,implication,permission,Users requiring kosher food may receive verified kosher products,"∀x.∀y.requiresKosher(x)∧verifiedKosher(y)->P(recommend(System,y,x))","For every user and product, if all of the following hold: the user requires kosher food; and the product has verified kosher status, then the system is permitted to recommend the product to the user.",,,
USER048,User,dyadic,permission,Users requiring kosher food may receive verified kosher products,"∀x.∀y.P(recommend(System,y,x)|requiresKosher(x)∧verifiedKosher(y))","For every user and product, if all of the following hold: the user requires kosher food; and the product has verified kosher status, then the system is permitted to recommend the product to the user.",,,
USER049,User,implication,prohibition,Users requiring kosher food should not receive products with uncertain kosher status,"∀x.∀y.requiresKosher(x)∧uncertainKosherStatus(y)->F(recommend(System,y,x))","For every user and product, if all of the following hold: the user requires kosher food; and the product has uncertain kosher status, then the system is prohibited from recommending the product to the user.",,,
USER049,User,dyadic,prohibition,Users requiring kosher food should not receive products with uncertain kosher status,"∀x.∀y.F(recommend(System,y,x)|requiresKosher(x)∧uncertainKosherStatus(y))","For every user and product, if all of the following hold: the user requires kosher food; and the product has uncertain kosher status, then the system is prohibited from recommending the product to the user.",,,
USER050,User,implication,permission,Users preferring kosher food may receive kosher meal recommendations,"∀x.∀y.prefers(x,y)∧kosherMeal(y)->P(recommend(System,y,x))","For every user and product, if all of the following hold: the product is a kosher meal; and the user prefers the product, then the system is permitted to recommend the product to the user.",,,
USER050,User,dyadic,permission,Users preferring kosher food may receive kosher meal recommendations,"∀x.∀y.P(recommend(System,y,x)|prefers(x,y)∧kosherMeal(y))","For every user and product, if all of the following hold: the product is a kosher meal; and the user prefers the product, then the system is permitted to recommend the product to the user.",,,
USER051,User,implication,obligation,Gluten sensitive users should receive certified gluten free meal recommendations,"∀x.∀y.glutenSensitive(x)∧glutenFreeMeal(y)∧certifiedGlutenFree(y)->O(recommend(System,y,x))","For every user and product, if all of the following hold: the product is certified gluten-free; the product is a gluten-free meal; and the user is gluten-sensitive, then the system is obligated to recommend the product to the user.",,,
USER051,User,dyadic,obligation,Gluten sensitive users should receive certified gluten free meal recommendations,"∀x.∀y.O(recommend(System,y,x)|glutenSensitive(x)∧glutenFreeMeal(y)∧certifiedGlutenFree(y))","For every user and product, if all of the following hold: the product is certified gluten-free; the product is a gluten-free meal; and the user is gluten-sensitive, then the system is obligated to recommend the product to the user.",,,
USER052,User,implication,prohibition,Users requiring gluten free food should not receive gluten containing products,"∀x.∀y.requiresGlutenFree(x)∧contains(y,Gluten)->F(recommend(System,y,x))","For every user and product, if all of the following hold: the product contains gluten; and the user requires gluten-free food, then the system is prohibited from recommending the product to the user.",,,
USER052,User,dyadic,prohibition,Users requiring gluten free food should not receive gluten containing products,"∀x.∀y.F(recommend(System,y,x)|requiresGlutenFree(x)∧contains(y,Gluten))","For every user and product, if all of the following hold: the product contains gluten; and the user requires gluten-free food, then the system is prohibited from recommending the product to the user.",,,
USER053,User,implication,permission,Users requiring gluten free food may receive certified gluten free products,"∀x.∀y.requiresGlutenFree(x)∧certifiedGlutenFree(y)->P(recommend(System,y,x))","For every user and product, if all of the following hold: the product is certified gluten-free; and the user requires gluten-free food, then the system is permitted to recommend the product to the user.",,,
USER053,User,dyadic,permission,Users requiring gluten free food may receive certified gluten free products,"∀x.∀y.P(recommend(System,y,x)|requiresGlutenFree(x)∧certifiedGlutenFree(y))","For every user and product, if all of the following hold: the product is certified gluten-free; and the user requires gluten-free food, then the system is permitted to recommend the product to the user.",,,
USER054,User,implication,prohibition,Gluten sensitive users should not receive wheat meal recommendations,"∀x.∀y.glutenSensitive(x)∧wheatMeal(y)->F(recommend(System,y,x))","For every user and product, if all of the following hold: the user is gluten-sensitive; and the product is a wheat meal, then the system is prohibited from recommending the product to the user.",,,
USER054,User,dyadic,prohibition,Gluten sensitive users should not receive wheat meal recommendations,"∀x.∀y.F(recommend(System,y,x)|glutenSensitive(x)∧wheatMeal(y))","For every user and product, if all of the following hold: the user is gluten-sensitive; and the product is a wheat meal, then the system is prohibited from recommending the product to the user.",,,
USER055,User,implication,obligation,Users requiring gluten free food should receive gluten free meal recommendations,"∀x.∀y.requiresGlutenFree(x)∧glutenFreeMeal(y)->O(recommend(System,y,x))","For every user and product, if all of the following hold: the product is a gluten-free meal; and the user requires gluten-free food, then the system is obligated to recommend the product to the user.",,,
USER055,User,dyadic,obligation,Users requiring gluten free food should receive gluten free meal recommendations,"∀x.∀y.O(recommend(System,y,x)|requiresGlutenFree(x)∧glutenFreeMeal(y))","For every user and product, if all of the following hold: the product is a gluten-free meal; and the user requires gluten-free food, then the system is obligated to recommend the product to the user.",,,
USER056,User,implication,obligation,Lactose intolerant users should receive certified lactose free meal recommendations,"∀x.∀y.lactoseIntolerant(x)∧lactoseFreeMeal(y)∧certifiedLactoseFree(y)->O(recommend(System,y,x))","For every user and product, if all of the following hold: the product is certified lactose-free; the product is a lactose-free meal; and the user is lactose-intolerant, then the system is obligated to recommend the product to the user.",,,
USER056,User,dyadic,obligation,Lactose intolerant users should receive certified lactose free meal recommendations,"∀x.∀y.O(recommend(System,y,x)|lactoseIntolerant(x)∧lactoseFreeMeal(y)∧certifiedLactoseFree(y))","For every user and product, if all of the following hold: the product is certified lactose-free; the product is a lactose-free meal; and the user is lactose-intolerant, then the system is obligated to recommend the product to the user.",,,
USER057,User,implication,prohibition,Users requiring lactose free food should not receive dairy meal recommendations,"∀x.∀y.requiresLactoseFree(x)∧dairyMeal(y)->F(recommend(System,y,x))","For every user and product, if all of the following hold: the product is a dairy meal; and the user requires lactose-free food, then the system is prohibited from recommending the product to the user.",,,
USER057,User,dyadic,prohibition,Users requiring lactose free food should not receive dairy meal recommendations,"∀x.∀y.F(recommend(System,y,x)|requiresLactoseFree(x)∧dairyMeal(y))","For every user and product, if all of the following hold: the product is a dairy meal; and the user requires lactose-free food, then the system is prohibited from recommending the product to the user.",,,
USER058,User,implication,permission,Users requiring lactose free food may receive lactose free products,"∀x.∀y.requiresLactoseFree(x)∧lactoseFreeMeal(y)->P(recommend(System,y,x))","For every user and product, if all of the following hold: the product is a lactose-free meal; and the user requires lactose-free food, then the system is permitted to recommend the product to the user.",,,
USER058,User,dyadic,permission,Users requiring lactose free food may receive lactose free products,"∀x.∀y.P(recommend(System,y,x)|requiresLactoseFree(x)∧lactoseFreeMeal(y))","For every user and product, if all of the following hold: the product is a lactose-free meal; and the user requires lactose-free food, then the system is permitted to recommend the product to the user.",,,
USER059,User,implication,prohibition,Lactose intolerant users should not receive products containing lactose,"∀x.∀y.lactoseIntolerant(x)∧contains(y,Lactose)->F(recommend(System,y,x))","For every user and product, if all of the following hold: the product contains lactose; and the user is lactose-intolerant, then the system is prohibited from recommending the product to the user.",,,
USER059,User,dyadic,prohibition,Lactose intolerant users should not receive products containing lactose,"∀x.∀y.F(recommend(System,y,x)|lactoseIntolerant(x)∧contains(y,Lactose))","For every user and product, if all of the following hold: the product contains lactose; and the user is lactose-intolerant, then the system is prohibited from recommending the product to the user.",,,
USER060,User,implication,obligation,Users requiring lactose free food should receive certified lactose free products,"∀x.∀y.requiresLactoseFree(x)∧certifiedLactoseFree(y)->O(recommend(System,y,x))","For every user and product, if all of the following hold: the product is certified lactose-free; and the user requires lactose-free food, then the system is obligated to recommend the product to the user.",,,
USER060,User,dyadic,obligation,Users requiring lactose free food should receive certified lactose free products,"∀x.∀y.O(recommend(System,y,x)|requiresLactoseFree(x)∧certifiedLactoseFree(y))","For every user and product, if all of the following hold: the product is certified lactose-free; and the user requires lactose-free food, then the system is obligated to recommend the product to the user.",,,
USER061,User,implication,obligation,Users preferring organic food should receive organic food recommendations,"∀x.∀y.prefers(x,y)∧organicFood(y)->O(recommend(System,y,x))","For every user and product, if all of the following hold: the product is organic food; and the user prefers the product, then the system is obligated to recommend the product to the user.",,,
USER061,User,dyadic,obligation,Users preferring organic food should receive organic food recommendations,"∀x.∀y.O(recommend(System,y,x)|prefers(x,y)∧organicFood(y))","For every user and product, if all of the following hold: the product is organic food; and the user prefers the product, then the system is obligated to recommend the product to the user.",,,
USER062,User,implication,obligation,Users preferring sustainable food should receive sustainable meal recommendations,"∀x.∀y.prefers(x,y)∧sustainable(y)->O(recommend(System,y,x))","For every user and product, if all of the following hold: the user prefers the product; and the product is sustainable, then the system is obligated to recommend the product to the user.",,,
USER062,User,dyadic,obligation,Users preferring sustainable food should receive sustainable meal recommendations,"∀x.∀y.O(recommend(System,y,x)|prefers(x,y)∧sustainable(y))","For every user and product, if all of the following hold: the user prefers the product; and the product is sustainable, then the system is obligated to recommend the product to the user.",,,
USER063,User,implication,obligation,Users preferring affordable food should receive affordable meal recommendations,"∀x.∀y.prefers(x,y)∧affordableMeal(y)->O(recommend(System,y,x))","For every user and product, if all of the following hold: the product is an affordable meal; and the user prefers the product, then the system is obligated to recommend the product to the user.",,,
USER063,User,dyadic,obligation,Users preferring affordable food should receive affordable meal recommendations,"∀x.∀y.O(recommend(System,y,x)|prefers(x,y)∧affordableMeal(y))","For every user and product, if all of the following hold: the product is an affordable meal; and the user prefers the product, then the system is obligated to recommend the product to the user.",,,
USER064,User,implication,prohibition,Users avoiding ultra processed food should not receive ultra processed food recommendations,"∀x.∀y.avoids(x,y)∧ultraProcessedFood(y)->F(recommend(System,y,x))","For every user and product, if all of the following hold: the user avoids the product; and the product is ultra-processed, then the system is prohibited from recommending the product to the user.",,,
USER064,User,dyadic,prohibition,Users avoiding ultra processed food should not receive ultra processed food recommendations,"∀x.∀y.F(recommend(System,y,x)|avoids(x,y)∧ultraProcessedFood(y))","For every user and product, if all of the following hold: the user avoids the product; and the product is ultra-processed, then the system is prohibited from recommending the product to the user.",,,
USER065,User,implication,permission,Users preferring local products may receive local food recommendations,"∀x.∀y.prefers(x,y)∧localProduct(y)->P(recommend(System,y,x))","For every user and product, if all of the following hold: the product is local; and the user prefers the product, then the system is permitted to recommend the product to the user.",,,
USER065,User,dyadic,permission,Users preferring local products may receive local food recommendations,"∀x.∀y.P(recommend(System,y,x)|prefers(x,y)∧localProduct(y))","For every user and product, if all of the following hold: the product is local; and the user prefers the product, then the system is permitted to recommend the product to the user.",,,
USER066,User,implication,permission,Users preferring spicy food may receive spicy meal recommendations,"∀x.∀y.prefers(x,y)∧spicyMeal(y)->P(recommend(System,y,x))","For every user and product, if all of the following hold: the user prefers the product; and the product is a spicy meal, then the system is permitted to recommend the product to the user.",,,
USER066,User,dyadic,permission,Users preferring spicy food may receive spicy meal recommendations,"∀x.∀y.P(recommend(System,y,x)|prefers(x,y)∧spicyMeal(y))","For every user and product, if all of the following hold: the user prefers the product; and the product is a spicy meal, then the system is permitted to recommend the product to the user.",,,
USER067,User,implication,obligation,Users avoiding spicy food should receive mild meal recommendations,"∀x.∀y.avoids(x,y)∧spicyMeal(y)∧mildMeal(y)->O(recommend(System,y,x))","For every user and product, if all of the following hold: the user avoids the product; the product is a mild meal; and the product is a spicy meal, then the system is obligated to recommend the product to the user.",,,
USER067,User,dyadic,obligation,Users avoiding spicy food should receive mild meal recommendations,"∀x.∀y.O(recommend(System,y,x)|avoids(x,y)∧spicyMeal(y)∧mildMeal(y))","For every user and product, if all of the following hold: the user avoids the product; the product is a mild meal; and the product is a spicy meal, then the system is obligated to recommend the product to the user.",,,
USER068,User,implication,permission,Users preferring mild food may receive mild meal recommendations,"∀x.∀y.prefers(x,y)∧mildMeal(y)->P(recommend(System,y,x))","For every user and product, if all of the following hold: the product is a mild meal; and the user prefers the product, then the system is permitted to recommend the product to the user.",,,
USER068,User,dyadic,permission,Users preferring mild food may receive mild meal recommendations,"∀x.∀y.P(recommend(System,y,x)|prefers(x,y)∧mildMeal(y))","For every user and product, if all of the following hold: the product is a mild meal; and the user prefers the product, then the system is permitted to recommend the product to the user.",,,
USER069,User,implication,prohibition,Users avoiding sugary snacks should not receive sugary snack recommendations,"∀x.∀y.avoids(x,y)∧sugarySnack(y)->F(recommend(System,y,x))","For every user and product, if all of the following hold: the user avoids the product; and the product is a sugary snack, then the system is prohibited from recommending the product to the user.",,,
USER069,User,dyadic,prohibition,Users avoiding sugary snacks should not receive sugary snack recommendations,"∀x.∀y.F(recommend(System,y,x)|avoids(x,y)∧sugarySnack(y))","For every user and product, if all of the following hold: the user avoids the product; and the product is a sugary snack, then the system is prohibited from recommending the product to the user.",,,
USER070,User,implication,prohibition,Users avoiding salty snacks should not receive salty snack recommendations,"∀x.∀y.avoids(x,y)∧saltySnack(y)->F(recommend(System,y,x))","For every user and product, if all of the following hold: the user avoids the product; and the product is a salty snack, then the system is prohibited from recommending the product to the user.",,,
USER070,User,dyadic,prohibition,Users avoiding salty snacks should not receive salty snack recommendations,"∀x.∀y.F(recommend(System,y,x)|avoids(x,y)∧saltySnack(y))","For every user and product, if all of the following hold: the user avoids the product; and the product is a salty snack, then the system is prohibited from recommending the product to the user.",,,
USER071,User,implication,obligation,Users preferring Mediterranean cuisine should receive Mediterranean meal recommendations,"∀x.∀y.prefers(x,y)∧mediterraneanMeal(y)->O(recommend(System,y,x))","For every user and product, if all of the following hold: the product is a Mediterranean meal; and the user prefers the product, then the system is obligated to recommend the product to the user.",,,
USER071,User,dyadic,obligation,Users preferring Mediterranean cuisine should receive Mediterranean meal recommendations,"∀x.∀y.O(recommend(System,y,x)|prefers(x,y)∧mediterraneanMeal(y))","For every user and product, if all of the following hold: the product is a Mediterranean meal; and the user prefers the product, then the system is obligated to recommend the product to the user.",,,
USER072,User,implication,permission,Users preferring Asian cuisine may receive Asian meal recommendations,"∀x.∀y.prefers(x,y)∧asianMeal(y)->P(recommend(System,y,x))","For every user and product, if all of the following hold: the product is an Asian meal; and the user prefers the product, then the system is permitted to recommend the product to the user.",,,
USER072,User,dyadic,permission,Users preferring Asian cuisine may receive Asian meal recommendations,"∀x.∀y.P(recommend(System,y,x)|prefers(x,y)∧asianMeal(y))","For every user and product, if all of the following hold: the product is an Asian meal; and the user prefers the product, then the system is permitted to recommend the product to the user.",,,
USER073,User,implication,obligation,Users preferring affordable Mediterranean meals should receive affordable Mediterranean recommendations,"∀x.∀y.prefers(x,y)∧mediterraneanMeal(y)∧affordableMeal(y)->O(recommend(System,y,x))","For every user and product, if all of the following hold: the product is an affordable meal; the product is a Mediterranean meal; and the user prefers the product, then the system is obligated to recommend the product to the user.",,,
USER073,User,dyadic,obligation,Users preferring affordable Mediterranean meals should receive affordable Mediterranean recommendations,"∀x.∀y.O(recommend(System,y,x)|prefers(x,y)∧mediterraneanMeal(y)∧affordableMeal(y))","For every user and product, if all of the following hold: the product is an affordable meal; the product is a Mediterranean meal; and the user prefers the product, then the system is obligated to recommend the product to the user.",,,
USER074,User,implication,permission,Users preferring sustainable Asian meals may receive sustainable Asian recommendations,"∀x.∀y.prefers(x,y)∧asianMeal(y)∧sustainable(y)->P(recommend(System,y,x))","For every user and product, if all of the following hold: the product is an Asian meal; the user prefers the product; and the product is sustainable, then the system is permitted to recommend the product to the user.",,,
USER074,User,dyadic,permission,Users preferring sustainable Asian meals may receive sustainable Asian recommendations,"∀x.∀y.P(recommend(System,y,x)|prefers(x,y)∧asianMeal(y)∧sustainable(y))","For every user and product, if all of the following hold: the product is an Asian meal; the user prefers the product; and the product is sustainable, then the system is permitted to recommend the product to the user.",,,
USER075,User,implication,prohibition,Users avoiding shellfish meals should not receive shellfish meal recommendations,"∀x.∀y.avoids(x,y)∧shellfishMeal(y)->F(recommend(System,y,x))","For every user and product, if all of the following hold: the user avoids the product; and the product is a shellfish meal, then the system is prohibited from recommending the product to the user.",,,
USER075,User,dyadic,prohibition,Users avoiding shellfish meals should not receive shellfish meal recommendations,"∀x.∀y.F(recommend(System,y,x)|avoids(x,y)∧shellfishMeal(y))","For every user and product, if all of the following hold: the user avoids the product; and the product is a shellfish meal, then the system is prohibited from recommending the product to the user.",,,
USER076,User,implication,permission,Adult users may receive energy drink recommendations,"∀x.∀y.adult(x)∧energyDrink(y)->P(recommend(System,y,x))","For every user and product, if all of the following hold: the user is an adult; and the product is an energy drink, then the system is permitted to recommend the product to the user.",,,
USER076,User,dyadic,permission,Adult users may receive energy drink recommendations,"∀x.∀y.P(recommend(System,y,x)|adult(x)∧energyDrink(y))","For every user and product, if all of the following hold: the user is an adult; and the product is an energy drink, then the system is permitted to recommend the product to the user.",,,
USER077,User,implication,permission,Adult users may receive spicy meal recommendations,"∀x.∀y.adult(x)∧spicyMeal(y)->P(recommend(System,y,x))","For every user and product, if all of the following hold: the user is an adult; and the product is a spicy meal, then the system is permitted to recommend the product to the user.",,,
USER077,User,dyadic,permission,Adult users may receive spicy meal recommendations,"∀x.∀y.P(recommend(System,y,x)|adult(x)∧spicyMeal(y))","For every user and product, if all of the following hold: the user is an adult; and the product is a spicy meal, then the system is permitted to recommend the product to the user.",,,
USER078,User,implication,obligation,Adult users should receive nutrition labeled food recommendations when available,"∀x.∀y.adult(x)∧hasNutritionLabel(y)->O(recommend(System,y,x))","For every user and product, if all of the following hold: the user is an adult; and the product has a nutrition label, then the system is obligated to recommend the product to the user.",,,
USER078,User,dyadic,obligation,Adult users should receive nutrition labeled food recommendations when available,"∀x.∀y.O(recommend(System,y,x)|adult(x)∧hasNutritionLabel(y))","For every user and product, if all of the following hold: the user is an adult; and the product has a nutrition label, then the system is obligated to recommend the product to the user.",,,
USER079,User,implication,prohibition,Adult users avoiding high sugar products should not receive high sugar recommendations,"∀x.∀y.adult(x)∧avoids(x,y)∧highSugarProduct(y)->F(recommend(System,y,x))","For every user and product, if all of the following hold: the user is an adult; the user avoids the product; and the product is high in sugar, then the system is prohibited from recommending the product to the user.",,,
USER079,User,dyadic,prohibition,Adult users avoiding high sugar products should not receive high sugar recommendations,"∀x.∀y.F(recommend(System,y,x)|adult(x)∧avoids(x,y)∧highSugarProduct(y))","For every user and product, if all of the following hold: the user is an adult; the user avoids the product; and the product is high in sugar, then the system is prohibited from recommending the product to the user.",,,
USER080,User,implication,permission,Adult users preferring organic products may receive organic recommendations,"∀x.∀y.adult(x)∧prefers(x,y)∧organicFood(y)->P(recommend(System,y,x))","For every user and product, if all of the following hold: the user is an adult; the product is organic food; and the user prefers the product, then the system is permitted to recommend the product to the user.",,,
USER080,User,dyadic,permission,Adult users preferring organic products may receive organic recommendations,"∀x.∀y.P(recommend(System,y,x)|adult(x)∧prefers(x,y)∧organicFood(y))","For every user and product, if all of the following hold: the user is an adult; the product is organic food; and the user prefers the product, then the system is permitted to recommend the product to the user.",,,
USER081,User,implication,obligation,Users with low sugar requirements should receive low sugar food recommendations,"∀x.∀y.requiresLowSugar(x)∧lowSugarFood(y)->O(recommend(System,y,x))","For every user and product, if all of the following hold: the product is low in sugar; and the user requires low-sugar food, then the system is obligated to recommend the product to the user.",,,
USER081,User,dyadic,obligation,Users with low sugar requirements should receive low sugar food recommendations,"∀x.∀y.O(recommend(System,y,x)|requiresLowSugar(x)∧lowSugarFood(y))","For every user and product, if all of the following hold: the product is low in sugar; and the user requires low-sugar food, then the system is obligated to recommend the product to the user.",,,
USER082,User,implication,prohibition,Users with low sugar requirements should not receive high sugar products,"∀x.∀y.requiresLowSugar(x)∧highSugarProduct(y)->F(recommend(System,y,x))","For every user and product, if all of the following hold: the product is high in sugar; and the user requires low-sugar food, then the system is prohibited from recommending the product to the user.",,,
USER082,User,dyadic,prohibition,Users with low sugar requirements should not receive high sugar products,"∀x.∀y.F(recommend(System,y,x)|requiresLowSugar(x)∧highSugarProduct(y))","For every user and product, if all of the following hold: the product is high in sugar; and the user requires low-sugar food, then the system is prohibited from recommending the product to the user.",,,
USER083,User,implication,obligation,Users with low salt requirements should receive affordable low salt food recommendations,"∀x.∀y.requiresLowSalt(x)∧lowSaltFood(y)∧affordableMeal(y)->O(recommend(System,y,x))","For every user and product, if all of the following hold: the product is an affordable meal; the product is low in salt; and the user requires low-salt food, then the system is obligated to recommend the product to the user.",,,
USER083,User,dyadic,obligation,Users with low salt requirements should receive affordable low salt food recommendations,"∀x.∀y.O(recommend(System,y,x)|requiresLowSalt(x)∧lowSaltFood(y)∧affordableMeal(y))","For every user and product, if all of the following hold: the product is an affordable meal; the product is low in salt; and the user requires low-salt food, then the system is obligated to recommend the product to the user.",,,
USER084,User,implication,prohibition,Users with low salt requirements should not receive high salt salty snacks,"∀x.∀y.requiresLowSalt(x)∧highSaltProduct(y)∧saltySnack(y)->F(recommend(System,y,x))","For every user and product, if all of the following hold: the product is high in salt; the user requires low-salt food; and the product is a salty snack, then the system is prohibited from recommending the product to the user.",,,
USER084,User,dyadic,prohibition,Users with low salt requirements should not receive high salt salty snacks,"∀x.∀y.F(recommend(System,y,x)|requiresLowSalt(x)∧highSaltProduct(y)∧saltySnack(y))","For every user and product, if all of the following hold: the product is high in salt; the user requires low-salt food; and the product is a salty snack, then the system is prohibited from recommending the product to the user.",,,
USER085,User,implication,permission,Users with health goals may receive healthy meal recommendations,"∀x.∀y.hasHealthGoal(x)∧healthyMeal(y)->P(recommend(System,y,x))","For every user and product, if all of the following hold: the user has a health goal; and the product is a healthy meal, then the system is permitted to recommend the product to the user.",,,
USER085,User,dyadic,permission,Users with health goals may receive healthy meal recommendations,"∀x.∀y.P(recommend(System,y,x)|hasHealthGoal(x)∧healthyMeal(y))","For every user and product, if all of the following hold: the user has a health goal; and the product is a healthy meal, then the system is permitted to recommend the product to the user.",,,
USER086,User,implication,obligation,Users preferring protein rich meals should receive protein rich meal recommendations,"∀x.∀y.prefers(x,y)∧proteinRichMeal(y)->O(recommend(System,y,x))","For every user and product, if all of the following hold: the user prefers the product; and the product is protein-rich, then the system is obligated to recommend the product to the user.",,,
USER086,User,dyadic,obligation,Users preferring protein rich meals should receive protein rich meal recommendations,"∀x.∀y.O(recommend(System,y,x)|prefers(x,y)∧proteinRichMeal(y))","For every user and product, if all of the following hold: the user prefers the product; and the product is protein-rich, then the system is obligated to recommend the product to the user.",,,
USER087,User,implication,prohibition,Users avoiding fried meals should not receive fried meal recommendations,"∀x.∀y.avoids(x,y)∧friedMeal(y)->F(recommend(System,y,x))","For every user and product, if all of the following hold: the user avoids the product; and the product is a fried meal, then the system is prohibited from recommending the product to the user.",,,
USER087,User,dyadic,prohibition,Users avoiding fried meals should not receive fried meal recommendations,"∀x.∀y.F(recommend(System,y,x)|avoids(x,y)∧friedMeal(y))","For every user and product, if all of the following hold: the user avoids the product; and the product is a fried meal, then the system is prohibited from recommending the product to the user.",,,
USER088,User,implication,permission,Users preferring low fat meals may receive low fat meal recommendations,"∀x.∀y.prefers(x,y)∧lowFatMeal(y)->P(recommend(System,y,x))","For every user and product, if all of the following hold: the product is a low-fat meal; and the user prefers the product, then the system is permitted to recommend the product to the user.",,,
USER088,User,dyadic,permission,Users preferring low fat meals may receive low fat meal recommendations,"∀x.∀y.P(recommend(System,y,x)|prefers(x,y)∧lowFatMeal(y))","For every user and product, if all of the following hold: the product is a low-fat meal; and the user prefers the product, then the system is permitted to recommend the product to the user.",,,
USER089,User,implication,obligation,Users requiring heart healthy food should receive heart healthy meal recommendations,"∀x.∀y.requiresHeartHealthy(x)∧heartHealthyMeal(y)->O(recommend(System,y,x))","For every user and product, if all of the following hold: the product is a heart-healthy meal; and the user requires heart-healthy food, then the system is obligated to recommend the product to the user.",,,
USER089,User,dyadic,obligation,Users requiring heart healthy food should receive heart healthy meal recommendations,"∀x.∀y.O(recommend(System,y,x)|requiresHeartHealthy(x)∧heartHealthyMeal(y))","For every user and product, if all of the following hold: the product is a heart-healthy meal; and the user requires heart-healthy food, then the system is obligated to recommend the product to the user.",,,
USER090,User,implication,prohibition,Users avoiding caffeine should not receive caffeinated product recommendations,"∀x.∀y.avoids(x,y)∧caffeinatedProduct(y)->F(recommend(System,y,x))","For every user and product, if all of the following hold: the user avoids the product; and the product is caffeinated, then the system is prohibited from recommending the product to the user.",,,
USER090,User,dyadic,prohibition,Users avoiding caffeine should not receive caffeinated product recommendations,"∀x.∀y.F(recommend(System,y,x)|avoids(x,y)∧caffeinatedProduct(y))","For every user and product, if all of the following hold: the user avoids the product; and the product is caffeinated, then the system is prohibited from recommending the product to the user.",,,
USER091,User,implication,obligation,Users preferring environmentally sustainable products should receive sustainable recommendations,"∀x.∀y.prefers(x,y)∧sustainable(y)∧environmentFriendly(y)->O(recommend(System,y,x))","For every user and product, if all of the following hold: the product is environmentally friendly; the user prefers the product; and the product is sustainable, then the system is obligated to recommend the product to the user.",,,
USER091,User,dyadic,obligation,Users preferring environmentally sustainable products should receive sustainable recommendations,"∀x.∀y.O(recommend(System,y,x)|prefers(x,y)∧sustainable(y)∧environmentFriendly(y))","For every user and product, if all of the following hold: the product is environmentally friendly; the user prefers the product; and the product is sustainable, then the system is obligated to recommend the product to the user.",,,
USER092,User,implication,permission,Users preferring budget meals may receive discounted meal recommendations,"∀x.∀y.prefers(x,y)∧discountedMeal(y)->P(recommend(System,y,x))","For every user and product, if all of the following hold: the product is a discounted meal; and the user prefers the product, then the system is permitted to recommend the product to the user.",,,
USER092,User,dyadic,permission,Users preferring budget meals may receive discounted meal recommendations,"∀x.∀y.P(recommend(System,y,x)|prefers(x,y)∧discountedMeal(y))","For every user and product, if all of the following hold: the product is a discounted meal; and the user prefers the product, then the system is permitted to recommend the product to the user.",,,
USER093,User,implication,prohibition,Users avoiding allergens should not receive products containing undeclared allergens,"∀x.∀y.avoids(x,y)∧containsUndeclaredAllergen(y)->F(recommend(System,y,x))","For every user and product, if all of the following hold: the user avoids the product; and the product contains an undeclared allergen, then the system is prohibited from recommending the product to the user.",,,
USER093,User,dyadic,prohibition,Users avoiding allergens should not receive products containing undeclared allergens,"∀x.∀y.F(recommend(System,y,x)|avoids(x,y)∧containsUndeclaredAllergen(y))","For every user and product, if all of the following hold: the user avoids the product; and the product contains an undeclared allergen, then the system is prohibited from recommending the product to the user.",,,
USER094,User,implication,obligation,Users requiring certified products should receive certified product recommendations,"∀x.∀y.requiresCertifiedProduct(x)∧certified(y)->O(recommend(System,y,x))","For every user and product, if all of the following hold: the product is certified; and the user requires certified products, then the system is obligated to recommend the product to the user.",,,
USER094,User,dyadic,obligation,Users requiring certified products should receive certified product recommendations,"∀x.∀y.O(recommend(System,y,x)|requiresCertifiedProduct(x)∧certified(y))","For every user and product, if all of the following hold: the product is certified; and the user requires certified products, then the system is obligated to recommend the product to the user.",,,
USER095,User,implication,prohibition,Users avoiding non certified products should not receive uncertified recommendations,"∀x.∀y.avoids(x,y)∧¬certified(y)->F(recommend(System,y,x))","For every user and product, if all of the following hold: the user avoids the product; and it is not the case that the product is certified, then the system is prohibited from recommending the product to the user.",,,
USER095,User,dyadic,prohibition,Users avoiding non certified products should not receive uncertified recommendations,"∀x.∀y.F(recommend(System,y,x)|avoids(x,y)∧¬certified(y))","For every user and product, if all of the following hold: the user avoids the product; and it is not the case that the product is certified, then the system is prohibited from recommending the product to the user.",,,
USER096,User,implication,obligation,Users preferring fresh food should receive fresh meal recommendations,"∀x.∀y.prefers(x,y)∧freshMeal(y)->O(recommend(System,y,x))","For every user and product, if all of the following hold: the product is a fresh meal; and the user prefers the product, then the system is obligated to recommend the product to the user.",,,
USER096,User,dyadic,obligation,Users preferring fresh food should receive fresh meal recommendations,"∀x.∀y.O(recommend(System,y,x)|prefers(x,y)∧freshMeal(y))","For every user and product, if all of the following hold: the product is a fresh meal; and the user prefers the product, then the system is obligated to recommend the product to the user.",,,
USER097,User,implication,prohibition,Users avoiding processed meat should not receive processed meat recommendations,"∀x.∀y.avoids(x,y)∧processedMeat(y)->F(recommend(System,y,x))","For every user and product, if all of the following hold: the user avoids the product; and the product is processed meat, then the system is prohibited from recommending the product to the user.",,,
USER097,User,dyadic,prohibition,Users avoiding processed meat should not receive processed meat recommendations,"∀x.∀y.F(recommend(System,y,x)|avoids(x,y)∧processedMeat(y))","For every user and product, if all of the following hold: the user avoids the product; and the product is processed meat, then the system is prohibited from recommending the product to the user.",,,
USER098,User,implication,permission,Users preferring plant based meals may receive plant based recommendations,"∀x.∀y.prefers(x,y)∧plantBasedMeal(y)->P(recommend(System,y,x))","For every user and product, if all of the following hold: the product is plant-based; and the user prefers the product, then the system is permitted to recommend the product to the user.",,,
USER098,User,dyadic,permission,Users preferring plant based meals may receive plant based recommendations,"∀x.∀y.P(recommend(System,y,x)|prefers(x,y)∧plantBasedMeal(y))","For every user and product, if all of the following hold: the product is plant-based; and the user prefers the product, then the system is permitted to recommend the product to the user.",,,
USER099,User,implication,obligation,Users with combined low sugar and low salt needs should receive meals satisfying both needs,"∀x.∀y.requiresLowSugar(x)∧requiresLowSalt(x)∧lowSugarFood(y)∧lowSaltFood(y)->O(recommend(System,y,x))","For every user and product, if all of the following hold: the product is low in salt; the product is low in sugar; the user requires low-salt food; and the user requires low-sugar food, then the system is obligated to recommend the product to the user.",,,
USER099,User,dyadic,obligation,Users with combined low sugar and low salt needs should receive meals satisfying both needs,"∀x.∀y.O(recommend(System,y,x)|requiresLowSugar(x)∧requiresLowSalt(x)∧lowSugarFood(y)∧lowSaltFood(y))","For every user and product, if all of the following hold: the product is low in salt; the product is low in sugar; the user requires low-salt food; and the user requires low-sugar food, then the system is obligated to recommend the product to the user.",,,
USER100,User,implication,permission,Users preferring seasonal food may receive seasonal meal recommendations,"∀x.∀y.prefers(x,y)∧seasonalMeal(y)->P(recommend(System,y,x))","For every user and product, if all of the following hold: the user prefers the product; and the product is a seasonal meal, then the system is permitted to recommend the product to the user.",,,
USER100,User,dyadic,permission,Users preferring seasonal food may receive seasonal meal recommendations,"∀x.∀y.P(recommend(System,y,x)|prefers(x,y)∧seasonalMeal(y))","For every user and product, if all of the following hold: the user prefers the product; and the product is a seasonal meal, then the system is permitted to recommend the product to the user.",,,
MINISTRY001,Food Ministry,implication,prohibition,Food Ministry regulation prohibits the recommender from violating this safety rule: Children must not receive products exceeding sugar limits.,"∀x.∀y.child(x)∧exceedsSugarLimit(y)->F(recommend(System,y,x))","For every user and product, if all of the following hold: the user is a child; and the product exceeds sugar limits, then the system is prohibited from recommending the product to the user.",,,
MINISTRY001,Food Ministry,dyadic,prohibition,Food Ministry regulation prohibits the recommender from violating this safety rule: Children must not receive products exceeding sugar limits.,"∀x.∀y.F(recommend(System,y,x)|child(x)∧exceedsSugarLimit(y))","For every user and product, if all of the following hold: the user is a child; and the product exceeds sugar limits, then the system is prohibited from recommending the product to the user.",,,
MINISTRY002,Food Ministry,implication,prohibition,Food Ministry regulation prohibits the recommender from violating this safety rule: Children must not receive age restricted products.,"∀x.∀y.child(x)∧ageRestrictedProduct(y)->F(recommend(System,y,x))","For every user and product, if all of the following hold: the product is age-restricted; and the user is a child, then the system is prohibited from recommending the product to the user.",,,
MINISTRY002,Food Ministry,dyadic,prohibition,Food Ministry regulation prohibits the recommender from violating this safety rule: Children must not receive age restricted products.,"∀x.∀y.F(recommend(System,y,x)|child(x)∧ageRestrictedProduct(y))","For every user and product, if all of the following hold: the product is age-restricted; and the user is a child, then the system is prohibited from recommending the product to the user.",,,
MINISTRY003,Food Ministry,implication,obligation,Food Ministry policy requires the recommender to follow this public-interest rule: Children must receive healthy meal recommendations when available.,"∀x.∀y.child(x)∧healthyMeal(y)∧available(y)->O(recommend(System,y,x))","For every user and product, if all of the following hold: the product is available; the user is a child; and the product is a healthy meal, then the system is obligated to recommend the product to the user.",,,
MINISTRY003,Food Ministry,dyadic,obligation,Food Ministry policy requires the recommender to follow this public-interest rule: Children must receive healthy meal recommendations when available.,"∀x.∀y.O(recommend(System,y,x)|child(x)∧healthyMeal(y)∧available(y))","For every user and product, if all of the following hold: the product is available; the user is a child; and the product is a healthy meal, then the system is obligated to recommend the product to the user.",,,
MINISTRY004,Food Ministry,implication,permission,Food Ministry policy permits the recommender to act under this regulatory condition: Children may receive approved low sugar products.,"∀x.∀y.child(x)∧approvedByMinistry(y)∧lowSugarFood(y)->P(recommend(System,y,x))","For every user and product, if all of the following hold: the product is approved by the ministry; the user is a child; and the product is low in sugar, then the system is permitted to recommend the product to the user.",,,
MINISTRY004,Food Ministry,dyadic,permission,Food Ministry policy permits the recommender to act under this regulatory condition: Children may receive approved low sugar products.,"∀x.∀y.P(recommend(System,y,x)|child(x)∧approvedByMinistry(y)∧lowSugarFood(y))","For every user and product, if all of the following hold: the product is approved by the ministry; the user is a child; and the product is low in sugar, then the system is permitted to recommend the product to the user.",,,
MINISTRY005,Food Ministry,implication,prohibition,Food Ministry regulation prohibits the recommender from violating this safety rule: Children must not receive products requiring safety warnings.,"∀x.∀y.child(x)∧requiresWarning(y)->F(recommend(System,y,x))","For every user and product, if all of the following hold: the user is a child; and the product requires a warning, then the system is prohibited from recommending the product to the user.",,,
MINISTRY005,Food Ministry,dyadic,prohibition,Food Ministry regulation prohibits the recommender from violating this safety rule: Children must not receive products requiring safety warnings.,"∀x.∀y.F(recommend(System,y,x)|child(x)∧requiresWarning(y))","For every user and product, if all of the following hold: the user is a child; and the product requires a warning, then the system is prohibited from recommending the product to the user.",,,
MINISTRY006,Food Ministry,implication,obligation,Food Ministry policy requires the recommender to follow this public-interest rule: Diabetic users must receive foods safe for diabetic users.,"∀x.∀y.diabetic(x)∧safeForDiabeticUsers(y)->O(recommend(System,y,x))","For every user and product, if all of the following hold: the user is diabetic; and the product is safe for diabetic users, then the system is obligated to recommend the product to the user.",,,
MINISTRY006,Food Ministry,dyadic,obligation,Food Ministry policy requires the recommender to follow this public-interest rule: Diabetic users must receive foods safe for diabetic users.,"∀x.∀y.O(recommend(System,y,x)|diabetic(x)∧safeForDiabeticUsers(y))","For every user and product, if all of the following hold: the user is diabetic; and the product is safe for diabetic users, then the system is obligated to recommend the product to the user.",,,
MINISTRY007,Food Ministry,implication,prohibition,Food Ministry regulation prohibits the recommender from violating this safety rule: Diabetic users must not receive products exceeding sugar limits.,"∀x.∀y.diabetic(x)∧exceedsSugarLimit(y)->F(recommend(System,y,x))","For every user and product, if all of the following hold: the user is diabetic; and the product exceeds sugar limits, then the system is prohibited from recommending the product to the user.",,,
MINISTRY007,Food Ministry,dyadic,prohibition,Food Ministry regulation prohibits the recommender from violating this safety rule: Diabetic users must not receive products exceeding sugar limits.,"∀x.∀y.F(recommend(System,y,x)|diabetic(x)∧exceedsSugarLimit(y))","For every user and product, if all of the following hold: the user is diabetic; and the product exceeds sugar limits, then the system is prohibited from recommending the product to the user.",,,
MINISTRY008,Food Ministry,implication,permission,Food Ministry policy permits the recommender to act under this regulatory condition: Diabetic users may receive approved low sugar foods.,"∀x.∀y.diabetic(x)∧approvedByMinistry(y)∧lowSugarFood(y)->P(recommend(System,y,x))","For every user and product, if all of the following hold: the product is approved by the ministry; the user is diabetic; and the product is low in sugar, then the system is permitted to recommend the product to the user.",,,
MINISTRY008,Food Ministry,dyadic,permission,Food Ministry policy permits the recommender to act under this regulatory condition: Diabetic users may receive approved low sugar foods.,"∀x.∀y.P(recommend(System,y,x)|diabetic(x)∧approvedByMinistry(y)∧lowSugarFood(y))","For every user and product, if all of the following hold: the product is approved by the ministry; the user is diabetic; and the product is low in sugar, then the system is permitted to recommend the product to the user.",,,
MINISTRY009,Food Ministry,implication,obligation,Food Ministry policy requires the recommender to follow this public-interest rule: Diabetic users must receive foods with nutrition labels.,"∀x.∀y.diabetic(x)∧hasNutritionLabel(y)->O(recommend(System,y,x))","For every user and product, if all of the following hold: the user is diabetic; and the product has a nutrition label, then the system is obligated to recommend the product to the user.",,,
MINISTRY009,Food Ministry,dyadic,obligation,Food Ministry policy requires the recommender to follow this public-interest rule: Diabetic users must receive foods with nutrition labels.,"∀x.∀y.O(recommend(System,y,x)|diabetic(x)∧hasNutritionLabel(y))","For every user and product, if all of the following hold: the user is diabetic; and the product has a nutrition label, then the system is obligated to recommend the product to the user.",,,
MINISTRY010,Food Ministry,implication,prohibition,Food Ministry regulation prohibits the recommender from violating this safety rule: Diabetic users must not receive high sugar products.,"∀x.∀y.diabetic(x)∧highSugarProduct(y)->F(recommend(System,y,x))","For every user and product, if all of the following hold: the user is diabetic; and the product is high in sugar, then the system is prohibited from recommending the product to the user.",,,
MINISTRY010,Food Ministry,dyadic,prohibition,Food Ministry regulation prohibits the recommender from violating this safety rule: Diabetic users must not receive high sugar products.,"∀x.∀y.F(recommend(System,y,x)|diabetic(x)∧highSugarProduct(y))","For every user and product, if all of the following hold: the user is diabetic; and the product is high in sugar, then the system is prohibited from recommending the product to the user.",,,
MINISTRY011,Food Ministry,implication,obligation,Food Ministry policy requires the recommender to follow this public-interest rule: Hypertensive users must receive low salt foods.,"∀x.∀y.hypertensive(x)∧lowSaltFood(y)->O(recommend(System,y,x))","For every user and product, if all of the following hold: the user is hypertensive; and the product is low in salt, then the system is obligated to recommend the product to the user.",,,
MINISTRY011,Food Ministry,dyadic,obligation,Food Ministry policy requires the recommender to follow this public-interest rule: Hypertensive users must receive low salt foods.,"∀x.∀y.O(recommend(System,y,x)|hypertensive(x)∧lowSaltFood(y))","For every user and product, if all of the following hold: the user is hypertensive; and the product is low in salt, then the system is obligated to recommend the product to the user.",,,
MINISTRY012,Food Ministry,implication,prohibition,Food Ministry regulation prohibits the recommender from violating this safety rule: Hypertensive users must not receive products exceeding salt limits.,"∀x.∀y.hypertensive(x)∧exceedsSaltLimit(y)->F(recommend(System,y,x))","For every user and product, if all of the following hold: the product exceeds salt limits; and the user is hypertensive, then the system is prohibited from recommending the product to the user.",,,
MINISTRY012,Food Ministry,dyadic,prohibition,Food Ministry regulation prohibits the recommender from violating this safety rule: Hypertensive users must not receive products exceeding salt limits.,"∀x.∀y.F(recommend(System,y,x)|hypertensive(x)∧exceedsSaltLimit(y))","For every user and product, if all of the following hold: the product exceeds salt limits; and the user is hypertensive, then the system is prohibited from recommending the product to the user.",,,
MINISTRY013,Food Ministry,implication,permission,Food Ministry policy permits the recommender to act under this regulatory condition: Hypertensive users may receive approved low salt foods.,"∀x.∀y.hypertensive(x)∧approvedByMinistry(y)∧lowSaltFood(y)->P(recommend(System,y,x))","For every user and product, if all of the following hold: the product is approved by the ministry; the user is hypertensive; and the product is low in salt, then the system is permitted to recommend the product to the user.",,,
MINISTRY013,Food Ministry,dyadic,permission,Food Ministry policy permits the recommender to act under this regulatory condition: Hypertensive users may receive approved low salt foods.,"∀x.∀y.P(recommend(System,y,x)|hypertensive(x)∧approvedByMinistry(y)∧lowSaltFood(y))","For every user and product, if all of the following hold: the product is approved by the ministry; the user is hypertensive; and the product is low in salt, then the system is permitted to recommend the product to the user.",,,
MINISTRY014,Food Ministry,implication,obligation,Food Ministry policy requires the recommender to follow this public-interest rule: Hypertensive users must receive foods complying with nutrition guidelines.,"∀x.∀y.hypertensive(x)∧compliesWithGuideline(y)->O(recommend(System,y,x))","For every user and product, if all of the following hold: the product complies with ministry guidelines; and the user is hypertensive, then the system is obligated to recommend the product to the user.",,,
MINISTRY014,Food Ministry,dyadic,obligation,Food Ministry policy requires the recommender to follow this public-interest rule: Hypertensive users must receive foods complying with nutrition guidelines.,"∀x.∀y.O(recommend(System,y,x)|hypertensive(x)∧compliesWithGuideline(y))","For every user and product, if all of the following hold: the product complies with ministry guidelines; and the user is hypertensive, then the system is obligated to recommend the product to the user.",,,
MINISTRY015,Food Ministry,implication,prohibition,Food Ministry regulation prohibits the recommender from violating this safety rule: Hypertensive users must not receive high salt products.,"∀x.∀y.hypertensive(x)∧highSaltProduct(y)->F(recommend(System,y,x))","For every user and product, if all of the following hold: the product is high in salt; and the user is hypertensive, then the system is prohibited from recommending the product to the user.",,,
MINISTRY015,Food Ministry,dyadic,prohibition,Food Ministry regulation prohibits the recommender from violating this safety rule: Hypertensive users must not receive high salt products.,"∀x.∀y.F(recommend(System,y,x)|hypertensive(x)∧highSaltProduct(y))","For every user and product, if all of the following hold: the product is high in salt; and the user is hypertensive, then the system is prohibited from recommending the product to the user.",,,
MINISTRY016,Food Ministry,implication,obligation,Food Ministry policy requires the recommender to follow this public-interest rule: Pregnant users must receive foods safe for pregnant users.,"∀x.∀y.pregnant(x)∧safeForPregnantUsers(y)->O(recommend(System,y,x))","For every user and product, if all of the following hold: the user is pregnant; and the product is safe for pregnant users, then the system is obligated to recommend the product to the user.",,,
MINISTRY016,Food Ministry,dyadic,obligation,Food Ministry policy requires the recommender to follow this public-interest rule: Pregnant users must receive foods safe for pregnant users.,"∀x.∀y.O(recommend(System,y,x)|pregnant(x)∧safeForPregnantUsers(y))","For every user and product, if all of the following hold: the user is pregnant; and the product is safe for pregnant users, then the system is obligated to recommend the product to the user.",,,
MINISTRY017,Food Ministry,implication,prohibition,Food Ministry regulation prohibits the recommender from violating this safety rule: Pregnant users must not receive products requiring warnings.,"∀x.∀y.pregnant(x)∧requiresWarning(y)->F(recommend(System,y,x))","For every user and product, if all of the following hold: the user is pregnant; and the product requires a warning, then the system is prohibited from recommending the product to the user.",,,
MINISTRY017,Food Ministry,dyadic,prohibition,Food Ministry regulation prohibits the recommender from violating this safety rule: Pregnant users must not receive products requiring warnings.,"∀x.∀y.F(recommend(System,y,x)|pregnant(x)∧requiresWarning(y))","For every user and product, if all of the following hold: the user is pregnant; and the product requires a warning, then the system is prohibited from recommending the product to the user.",,,
MINISTRY018,Food Ministry,implication,permission,Food Ministry policy permits the recommender to act under this regulatory condition: Pregnant users may receive approved healthy meals.,"∀x.∀y.pregnant(x)∧approvedByMinistry(y)∧healthyMeal(y)->P(recommend(System,y,x))","For every user and product, if all of the following hold: the product is approved by the ministry; the product is a healthy meal; and the user is pregnant, then the system is permitted to recommend the product to the user.",,,
MINISTRY018,Food Ministry,dyadic,permission,Food Ministry policy permits the recommender to act under this regulatory condition: Pregnant users may receive approved healthy meals.,"∀x.∀y.P(recommend(System,y,x)|pregnant(x)∧approvedByMinistry(y)∧healthyMeal(y))","For every user and product, if all of the following hold: the product is approved by the ministry; the product is a healthy meal; and the user is pregnant, then the system is permitted to recommend the product to the user.",,,
MINISTRY019,Food Ministry,implication,obligation,Food Ministry policy requires the recommender to follow this public-interest rule: Pregnant users must receive products with safety information.,"∀x.∀y.pregnant(x)∧hasSafetyWarning(y)->O(recommend(System,y,x))","For every user and product, if all of the following hold: the product has a safety warning; and the user is pregnant, then the system is obligated to recommend the product to the user.",,,
MINISTRY019,Food Ministry,dyadic,obligation,Food Ministry policy requires the recommender to follow this public-interest rule: Pregnant users must receive products with safety information.,"∀x.∀y.O(recommend(System,y,x)|pregnant(x)∧hasSafetyWarning(y))","For every user and product, if all of the following hold: the product has a safety warning; and the user is pregnant, then the system is obligated to recommend the product to the user.",,,
MINISTRY020,Food Ministry,implication,prohibition,Food Ministry regulation prohibits the recommender from violating this safety rule: Pregnant users must not receive unsafe products.,"∀x.∀y.pregnant(x)∧unsafeProduct(y)->F(recommend(System,y,x))","For every user and product, if all of the following hold: the user is pregnant; and the product is unsafe, then the system is prohibited from recommending the product to the user.",,,
MINISTRY020,Food Ministry,dyadic,prohibition,Food Ministry regulation prohibits the recommender from violating this safety rule: Pregnant users must not receive unsafe products.,"∀x.∀y.F(recommend(System,y,x)|pregnant(x)∧unsafeProduct(y))","For every user and product, if all of the following hold: the user is pregnant; and the product is unsafe, then the system is prohibited from recommending the product to the user.",,,
MINISTRY021,Food Ministry,implication,obligation,Food Ministry policy requires the recommender to follow this public-interest rule: Elderly users must receive healthy meal recommendations.,"∀x.∀y.elderly(x)∧healthyMeal(y)->O(recommend(System,y,x))","For every user and product, if all of the following hold: the user is elderly; and the product is a healthy meal, then the system is obligated to recommend the product to the user.",,,
MINISTRY021,Food Ministry,dyadic,obligation,Food Ministry policy requires the recommender to follow this public-interest rule: Elderly users must receive healthy meal recommendations.,"∀x.∀y.O(recommend(System,y,x)|elderly(x)∧healthyMeal(y))","For every user and product, if all of the following hold: the user is elderly; and the product is a healthy meal, then the system is obligated to recommend the product to the user.",,,
MINISTRY022,Food Ministry,implication,prohibition,Food Ministry regulation prohibits the recommender from violating this safety rule: Elderly users must not receive products exceeding salt limits.,"∀x.∀y.elderly(x)∧exceedsSaltLimit(y)->F(recommend(System,y,x))","For every user and product, if all of the following hold: the user is elderly; and the product exceeds salt limits, then the system is prohibited from recommending the product to the user.",,,
MINISTRY022,Food Ministry,dyadic,prohibition,Food Ministry regulation prohibits the recommender from violating this safety rule: Elderly users must not receive products exceeding salt limits.,"∀x.∀y.F(recommend(System,y,x)|elderly(x)∧exceedsSaltLimit(y))","For every user and product, if all of the following hold: the user is elderly; and the product exceeds salt limits, then the system is prohibited from recommending the product to the user.",,,
MINISTRY023,Food Ministry,implication,permission,Food Ministry policy permits the recommender to act under this regulatory condition: Elderly users may receive low sugar foods.,"∀x.∀y.elderly(x)∧lowSugarFood(y)->P(recommend(System,y,x))","For every user and product, if all of the following hold: the user is elderly; and the product is low in sugar, then the system is permitted to recommend the product to the user.",,,
MINISTRY023,Food Ministry,dyadic,permission,Food Ministry policy permits the recommender to act under this regulatory condition: Elderly users may receive low sugar foods.,"∀x.∀y.P(recommend(System,y,x)|elderly(x)∧lowSugarFood(y))","For every user and product, if all of the following hold: the user is elderly; and the product is low in sugar, then the system is permitted to recommend the product to the user.",,,
MINISTRY024,Food Ministry,implication,obligation,Food Ministry policy requires the recommender to follow this public-interest rule: Elderly users must receive affordable healthy foods.,"∀x.∀y.elderly(x)∧affordableMeal(y)∧healthyMeal(y)->O(recommend(System,y,x))","For every user and product, if all of the following hold: the product is an affordable meal; the user is elderly; and the product is a healthy meal, then the system is obligated to recommend the product to the user.",,,
MINISTRY024,Food Ministry,dyadic,obligation,Food Ministry policy requires the recommender to follow this public-interest rule: Elderly users must receive affordable healthy foods.,"∀x.∀y.O(recommend(System,y,x)|elderly(x)∧affordableMeal(y)∧healthyMeal(y))","For every user and product, if all of the following hold: the product is an affordable meal; the user is elderly; and the product is a healthy meal, then the system is obligated to recommend the product to the user.",,,
MINISTRY025,Food Ministry,implication,prohibition,Food Ministry regulation prohibits the recommender from violating this safety rule: Elderly users must not receive high fat products.,"∀x.∀y.elderly(x)∧highFatProduct(y)->F(recommend(System,y,x))","For every user and product, if all of the following hold: the user is elderly; and the product is high in fat, then the system is prohibited from recommending the product to the user.",,,
MINISTRY025,Food Ministry,dyadic,prohibition,Food Ministry regulation prohibits the recommender from violating this safety rule: Elderly users must not receive high fat products.,"∀x.∀y.F(recommend(System,y,x)|elderly(x)∧highFatProduct(y))","For every user and product, if all of the following hold: the user is elderly; and the product is high in fat, then the system is prohibited from recommending the product to the user.",,,
MINISTRY026,Food Ministry,implication,prohibition,Food Ministry regulation prohibits the recommender from violating this safety rule: Users allergic to nuts must not receive products containing nuts.,"∀x.∀y.allergicTo(x,Nuts)∧contains(y,Nuts)->F(recommend(System,y,x))","For every user and product, if all of the following hold: the user is allergic to nuts; and the product contains nuts, then the system is prohibited from recommending the product to the user.",,,
MINISTRY026,Food Ministry,dyadic,prohibition,Food Ministry regulation prohibits the recommender from violating this safety rule: Users allergic to nuts must not receive products containing nuts.,"∀x.∀y.F(recommend(System,y,x)|allergicTo(x,Nuts)∧contains(y,Nuts))","For every user and product, if all of the following hold: the user is allergic to nuts; and the product contains nuts, then the system is prohibited from recommending the product to the user.",,,
MINISTRY027,Food Ministry,implication,prohibition,Food Ministry regulation prohibits the recommender from violating this safety rule: Users allergic to shellfish must not receive products containing shellfish.,"∀x.∀y.allergicTo(x,Shellfish)∧contains(y,Shellfish)->F(recommend(System,y,x))","For every user and product, if all of the following hold: the user is allergic to shellfish; and the product contains shellfish, then the system is prohibited from recommending the product to the user.",,,
MINISTRY027,Food Ministry,dyadic,prohibition,Food Ministry regulation prohibits the recommender from violating this safety rule: Users allergic to shellfish must not receive products containing shellfish.,"∀x.∀y.F(recommend(System,y,x)|allergicTo(x,Shellfish)∧contains(y,Shellfish))","For every user and product, if all of the following hold: the user is allergic to shellfish; and the product contains shellfish, then the system is prohibited from recommending the product to the user.",,,
MINISTRY028,Food Ministry,implication,obligation,Food Ministry policy requires the recommender to follow this public-interest rule: Allergic users must receive products with allergen labels.,"∀x.∀y.allergicTo(x,Nuts)∧hasAllergenLabel(y)->O(recommend(System,y,x))","For every user and product, if all of the following hold: the user is allergic to nuts; and the product has an allergen label, then the system is obligated to recommend the product to the user.",,,
MINISTRY028,Food Ministry,dyadic,obligation,Food Ministry policy requires the recommender to follow this public-interest rule: Allergic users must receive products with allergen labels.,"∀x.∀y.O(recommend(System,y,x)|allergicTo(x,Nuts)∧hasAllergenLabel(y))","For every user and product, if all of the following hold: the user is allergic to nuts; and the product has an allergen label, then the system is obligated to recommend the product to the user.",,,
MINISTRY029,Food Ministry,implication,permission,Food Ministry policy permits the recommender to act under this regulatory condition: Allergic users may receive allergen safe products.,"∀x.∀y.allergicTo(x,Nuts)∧allergenSafeMeal(y)->P(recommend(System,y,x))","For every user and product, if all of the following hold: the product is allergen-safe; and the user is allergic to nuts, then the system is permitted to recommend the product to the user.",,,
MINISTRY029,Food Ministry,dyadic,permission,Food Ministry policy permits the recommender to act under this regulatory condition: Allergic users may receive allergen safe products.,"∀x.∀y.P(recommend(System,y,x)|allergicTo(x,Nuts)∧allergenSafeMeal(y))","For every user and product, if all of the following hold: the product is allergen-safe; and the user is allergic to nuts, then the system is permitted to recommend the product to the user.",,,
MINISTRY030,Food Ministry,implication,obligation,Food Ministry policy requires the recommender to follow this public-interest rule: Users with shellfish allergies must receive shellfish free products.,"∀x.∀y.allergicTo(x,Shellfish)∧shellfishFreeMeal(y)->O(recommend(System,y,x))","For every user and product, if all of the following hold: the user is allergic to shellfish; and the product is shellfish-free, then the system is obligated to recommend the product to the user.",,,
MINISTRY030,Food Ministry,dyadic,obligation,Food Ministry policy requires the recommender to follow this public-interest rule: Users with shellfish allergies must receive shellfish free products.,"∀x.∀y.O(recommend(System,y,x)|allergicTo(x,Shellfish)∧shellfishFreeMeal(y))","For every user and product, if all of the following hold: the user is allergic to shellfish; and the product is shellfish-free, then the system is obligated to recommend the product to the user.",,,
MINISTRY031,Food Ministry,implication,prohibition,Food Ministry regulation prohibits the recommender from violating this safety rule: Products containing undeclared allergens must not be recommended.,"∀x.∀y.containsUndeclaredAllergen(y)->F(recommend(System,y,x))","For every user and product, if the product contains an undeclared allergen, then the system is prohibited from recommending the product to the user.",,,
MINISTRY031,Food Ministry,dyadic,prohibition,Food Ministry regulation prohibits the recommender from violating this safety rule: Products containing undeclared allergens must not be recommended.,"∀x.∀y.F(recommend(System,y,x)|containsUndeclaredAllergen(y))","For every user and product, if the product contains an undeclared allergen, then the system is prohibited from recommending the product to the user.",,,
MINISTRY032,Food Ministry,implication,permission,Food Ministry policy permits the recommender to act under this regulatory condition: Products with declared allergens may be recommended only when safe for the user.,"∀x.∀y.hasAllergenLabel(y)∧safeFor(x,y)->P(recommend(System,y,x))","For every user and product, if all of the following hold: the product has an allergen label; and the product is safe for the user, then the system is permitted to recommend the product to the user.",,,
MINISTRY032,Food Ministry,dyadic,permission,Food Ministry policy permits the recommender to act under this regulatory condition: Products with declared allergens may be recommended only when safe for the user.,"∀x.∀y.P(recommend(System,y,x)|hasAllergenLabel(y)∧safeFor(x,y))","For every user and product, if all of the following hold: the product has an allergen label; and the product is safe for the user, then the system is permitted to recommend the product to the user.",,,
MINISTRY033,Food Ministry,implication,prohibition,Food Ministry regulation prohibits the recommender from violating this safety rule: Products with missing allergen labels must not be recommended to allergic users.,"∀x.∀y.allergicTo(x,Nuts)∧¬hasAllergenLabel(y)->F(recommend(System,y,x))","For every user and product, if all of the following hold: the user is allergic to nuts; and it is not the case that the product has an allergen label, then the system is prohibited from recommending the product to the user.",,,
MINISTRY033,Food Ministry,dyadic,prohibition,Food Ministry regulation prohibits the recommender from violating this safety rule: Products with missing allergen labels must not be recommended to allergic users.,"∀x.∀y.F(recommend(System,y,x)|allergicTo(x,Nuts)∧¬hasAllergenLabel(y))","For every user and product, if all of the following hold: the user is allergic to nuts; and it is not the case that the product has an allergen label, then the system is prohibited from recommending the product to the user.",,,
MINISTRY034,Food Ministry,implication,obligation,Food Ministry policy requires the recommender to follow this public-interest rule: Products containing nuts must include allergen labeling for allergic users.,"∀x.∀y.allergicTo(x,Nuts)∧contains(y,Nuts)∧hasAllergenLabel(y)->O(recommend(System,y,x))","For every user and product, if all of the following hold: the user is allergic to nuts; the product contains nuts; and the product has an allergen label, then the system is obligated to recommend the product to the user.",,,
MINISTRY034,Food Ministry,dyadic,obligation,Food Ministry policy requires the recommender to follow this public-interest rule: Products containing nuts must include allergen labeling for allergic users.,"∀x.∀y.O(recommend(System,y,x)|allergicTo(x,Nuts)∧contains(y,Nuts)∧hasAllergenLabel(y))","For every user and product, if all of the following hold: the user is allergic to nuts; the product contains nuts; and the product has an allergen label, then the system is obligated to recommend the product to the user.",,,
MINISTRY035,Food Ministry,implication,obligation,Food Ministry policy requires the recommender to follow this public-interest rule: Products containing shellfish must include allergen labeling for allergic users.,"∀x.∀y.allergicTo(x,Shellfish)∧contains(y,Shellfish)∧hasAllergenLabel(y)->O(recommend(System,y,x))","For every user and product, if all of the following hold: the user is allergic to shellfish; the product contains shellfish; and the product has an allergen label, then the system is obligated to recommend the product to the user.",,,
MINISTRY035,Food Ministry,dyadic,obligation,Food Ministry policy requires the recommender to follow this public-interest rule: Products containing shellfish must include allergen labeling for allergic users.,"∀x.∀y.O(recommend(System,y,x)|allergicTo(x,Shellfish)∧contains(y,Shellfish)∧hasAllergenLabel(y))","For every user and product, if all of the following hold: the user is allergic to shellfish; the product contains shellfish; and the product has an allergen label, then the system is obligated to recommend the product to the user.",,,
MINISTRY036,Food Ministry,implication,permission,Food Ministry policy permits the recommender to act under this regulatory condition: Users requiring halal food may receive verified halal products.,"∀x.∀y.requiresHalal(x)∧verifiedHalal(y)->P(recommend(System,y,x))","For every user and product, if all of the following hold: the user requires halal food; and the product has verified halal status, then the system is permitted to recommend the product to the user.",,,
MINISTRY036,Food Ministry,dyadic,permission,Food Ministry policy permits the recommender to act under this regulatory condition: Users requiring halal food may receive verified halal products.,"∀x.∀y.P(recommend(System,y,x)|requiresHalal(x)∧verifiedHalal(y))","For every user and product, if all of the following hold: the user requires halal food; and the product has verified halal status, then the system is permitted to recommend the product to the user.",,,
MINISTRY037,Food Ministry,implication,prohibition,Food Ministry regulation prohibits the recommender from violating this safety rule: Users requiring halal food must not receive non halal products.,"∀x.∀y.requiresHalal(x)∧nonHalal(y)->F(recommend(System,y,x))","For every user and product, if all of the following hold: the product is non-halal; and the user requires halal food, then the system is prohibited from recommending the product to the user.",,,
MINISTRY037,Food Ministry,dyadic,prohibition,Food Ministry regulation prohibits the recommender from violating this safety rule: Users requiring halal food must not receive non halal products.,"∀x.∀y.F(recommend(System,y,x)|requiresHalal(x)∧nonHalal(y))","For every user and product, if all of the following hold: the product is non-halal; and the user requires halal food, then the system is prohibited from recommending the product to the user.",,,
MINISTRY038,Food Ministry,implication,obligation,Food Ministry policy requires the recommender to follow this public-interest rule: Users requiring halal food must receive products with verified halal status.,"∀x.∀y.requiresHalal(x)∧halalMeal(y)∧verifiedHalal(y)->O(recommend(System,y,x))","For every user and product, if all of the following hold: the product is a halal meal; the user requires halal food; and the product has verified halal status, then the system is obligated to recommend the product to the user.",,,
MINISTRY038,Food Ministry,dyadic,obligation,Food Ministry policy requires the recommender to follow this public-interest rule: Users requiring halal food must receive products with verified halal status.,"∀x.∀y.O(recommend(System,y,x)|requiresHalal(x)∧halalMeal(y)∧verifiedHalal(y))","For every user and product, if all of the following hold: the product is a halal meal; the user requires halal food; and the product has verified halal status, then the system is obligated to recommend the product to the user.",,,
MINISTRY039,Food Ministry,implication,prohibition,Food Ministry regulation prohibits the recommender from violating this safety rule: Users requiring halal food must not receive products with uncertain halal status.,"∀x.∀y.requiresHalal(x)∧uncertainHalalStatus(y)->F(recommend(System,y,x))","For every user and product, if all of the following hold: the user requires halal food; and the product has uncertain halal status, then the system is prohibited from recommending the product to the user.",,,
MINISTRY039,Food Ministry,dyadic,prohibition,Food Ministry regulation prohibits the recommender from violating this safety rule: Users requiring halal food must not receive products with uncertain halal status.,"∀x.∀y.F(recommend(System,y,x)|requiresHalal(x)∧uncertainHalalStatus(y))","For every user and product, if all of the following hold: the user requires halal food; and the product has uncertain halal status, then the system is prohibited from recommending the product to the user.",,,
MINISTRY040,Food Ministry,implication,permission,Food Ministry policy permits the recommender to act under this regulatory condition: Verified halal products may be recommended when labeling is compliant.,"∀x.∀y.verifiedHalal(y)∧compliesWithLabeling(y)->P(recommend(System,y,x))","For every user and product, if all of the following hold: the product complies with labeling rules; and the product has verified halal status, then the system is permitted to recommend the product to the user.",,,
MINISTRY040,Food Ministry,dyadic,permission,Food Ministry policy permits the recommender to act under this regulatory condition: Verified halal products may be recommended when labeling is compliant.,"∀x.∀y.P(recommend(System,y,x)|verifiedHalal(y)∧compliesWithLabeling(y))","For every user and product, if all of the following hold: the product complies with labeling rules; and the product has verified halal status, then the system is permitted to recommend the product to the user.",,,
MINISTRY041,Food Ministry,implication,permission,Food Ministry policy permits the recommender to act under this regulatory condition: Users requiring kosher food may receive verified kosher products.,"∀x.∀y.requiresKosher(x)∧verifiedKosher(y)->P(recommend(System,y,x))","For every user and product, if all of the following hold: the user requires kosher food; and the product has verified kosher status, then the system is permitted to recommend the product to the user.",,,
MINISTRY041,Food Ministry,dyadic,permission,Food Ministry policy permits the recommender to act under this regulatory condition: Users requiring kosher food may receive verified kosher products.,"∀x.∀y.P(recommend(System,y,x)|requiresKosher(x)∧verifiedKosher(y))","For every user and product, if all of the following hold: the user requires kosher food; and the product has verified kosher status, then the system is permitted to recommend the product to the user.",,,
MINISTRY042,Food Ministry,implication,prohibition,Food Ministry regulation prohibits the recommender from violating this safety rule: Users requiring kosher food must not receive non kosher products.,"∀x.∀y.requiresKosher(x)∧nonKosher(y)->F(recommend(System,y,x))","For every user and product, if all of the following hold: the product is non-kosher; and the user requires kosher food, then the system is prohibited from recommending the product to the user.",,,
MINISTRY042,Food Ministry,dyadic,prohibition,Food Ministry regulation prohibits the recommender from violating this safety rule: Users requiring kosher food must not receive non kosher products.,"∀x.∀y.F(recommend(System,y,x)|requiresKosher(x)∧nonKosher(y))","For every user and product, if all of the following hold: the product is non-kosher; and the user requires kosher food, then the system is prohibited from recommending the product to the user.",,,
MINISTRY043,Food Ministry,implication,obligation,Food Ministry policy requires the recommender to follow this public-interest rule: Users requiring kosher food must receive products with verified kosher status.,"∀x.∀y.requiresKosher(x)∧kosherMeal(y)∧verifiedKosher(y)->O(recommend(System,y,x))","For every user and product, if all of the following hold: the product is a kosher meal; the user requires kosher food; and the product has verified kosher status, then the system is obligated to recommend the product to the user.",,,
MINISTRY043,Food Ministry,dyadic,obligation,Food Ministry policy requires the recommender to follow this public-interest rule: Users requiring kosher food must receive products with verified kosher status.,"∀x.∀y.O(recommend(System,y,x)|requiresKosher(x)∧kosherMeal(y)∧verifiedKosher(y))","For every user and product, if all of the following hold: the product is a kosher meal; the user requires kosher food; and the product has verified kosher status, then the system is obligated to recommend the product to the user.",,,
MINISTRY044,Food Ministry,implication,prohibition,Food Ministry regulation prohibits the recommender from violating this safety rule: Users requiring kosher food must not receive products with uncertain kosher status.,"∀x.∀y.requiresKosher(x)∧uncertainKosherStatus(y)->F(recommend(System,y,x))","For every user and product, if all of the following hold: the user requires kosher food; and the product has uncertain kosher status, then the system is prohibited from recommending the product to the user.",,,
MINISTRY044,Food Ministry,dyadic,prohibition,Food Ministry regulation prohibits the recommender from violating this safety rule: Users requiring kosher food must not receive products with uncertain kosher status.,"∀x.∀y.F(recommend(System,y,x)|requiresKosher(x)∧uncertainKosherStatus(y))","For every user and product, if all of the following hold: the user requires kosher food; and the product has uncertain kosher status, then the system is prohibited from recommending the product to the user.",,,
MINISTRY045,Food Ministry,implication,permission,Food Ministry policy permits the recommender to act under this regulatory condition: Verified kosher products may be recommended when labeling is compliant.,"∀x.∀y.verifiedKosher(y)∧compliesWithLabeling(y)->P(recommend(System,y,x))","For every user and product, if all of the following hold: the product complies with labeling rules; and the product has verified kosher status, then the system is permitted to recommend the product to the user.",,,
MINISTRY045,Food Ministry,dyadic,permission,Food Ministry policy permits the recommender to act under this regulatory condition: Verified kosher products may be recommended when labeling is compliant.,"∀x.∀y.P(recommend(System,y,x)|verifiedKosher(y)∧compliesWithLabeling(y))","For every user and product, if all of the following hold: the product complies with labeling rules; and the product has verified kosher status, then the system is permitted to recommend the product to the user.",,,
MINISTRY046,Food Ministry,implication,obligation,Food Ministry policy requires the recommender to follow this public-interest rule: Gluten sensitive users must receive certified gluten free products.,"∀x.∀y.glutenSensitive(x)∧certifiedGlutenFree(y)->O(recommend(System,y,x))","For every user and product, if all of the following hold: the product is certified gluten-free; and the user is gluten-sensitive, then the system is obligated to recommend the product to the user.",,,
MINISTRY046,Food Ministry,dyadic,obligation,Food Ministry policy requires the recommender to follow this public-interest rule: Gluten sensitive users must receive certified gluten free products.,"∀x.∀y.O(recommend(System,y,x)|glutenSensitive(x)∧certifiedGlutenFree(y))","For every user and product, if all of the following hold: the product is certified gluten-free; and the user is gluten-sensitive, then the system is obligated to recommend the product to the user.",,,
MINISTRY047,Food Ministry,implication,prohibition,Food Ministry regulation prohibits the recommender from violating this safety rule: Users requiring gluten free food must not receive products containing gluten.,"∀x.∀y.requiresGlutenFree(x)∧contains(y,Gluten)->F(recommend(System,y,x))","For every user and product, if all of the following hold: the product contains gluten; and the user requires gluten-free food, then the system is prohibited from recommending the product to the user.",,,
MINISTRY047,Food Ministry,dyadic,prohibition,Food Ministry regulation prohibits the recommender from violating this safety rule: Users requiring gluten free food must not receive products containing gluten.,"∀x.∀y.F(recommend(System,y,x)|requiresGlutenFree(x)∧contains(y,Gluten))","For every user and product, if all of the following hold: the product contains gluten; and the user requires gluten-free food, then the system is prohibited from recommending the product to the user.",,,
MINISTRY048,Food Ministry,implication,permission,Food Ministry policy permits the recommender to act under this regulatory condition: Users requiring gluten free food may receive certified gluten free products.,"∀x.∀y.requiresGlutenFree(x)∧certifiedGlutenFree(y)->P(recommend(System,y,x))","For every user and product, if all of the following hold: the product is certified gluten-free; and the user requires gluten-free food, then the system is permitted to recommend the product to the user.",,,
MINISTRY048,Food Ministry,dyadic,permission,Food Ministry policy permits the recommender to act under this regulatory condition: Users requiring gluten free food may receive certified gluten free products.,"∀x.∀y.P(recommend(System,y,x)|requiresGlutenFree(x)∧certifiedGlutenFree(y))","For every user and product, if all of the following hold: the product is certified gluten-free; and the user requires gluten-free food, then the system is permitted to recommend the product to the user.",,,
MINISTRY049,Food Ministry,implication,prohibition,Food Ministry regulation prohibits the recommender from violating this safety rule: Gluten sensitive users must not receive uncertified gluten free claims.,"∀x.∀y.glutenSensitive(x)∧misleadingClaim(y)->F(recommend(System,y,x))","For every user and product, if all of the following hold: the user is gluten-sensitive; and the product has a misleading claim, then the system is prohibited from recommending the product to the user.",,,
MINISTRY049,Food Ministry,dyadic,prohibition,Food Ministry regulation prohibits the recommender from violating this safety rule: Gluten sensitive users must not receive uncertified gluten free claims.,"∀x.∀y.F(recommend(System,y,x)|glutenSensitive(x)∧misleadingClaim(y))","For every user and product, if all of the following hold: the user is gluten-sensitive; and the product has a misleading claim, then the system is prohibited from recommending the product to the user.",,,
MINISTRY050,Food Ministry,implication,obligation,Food Ministry policy requires the recommender to follow this public-interest rule: Certified gluten free products must comply with labeling rules.,"∀x.∀y.certifiedGlutenFree(y)∧compliesWithLabeling(y)->O(recommend(System,y,x))","For every user and product, if all of the following hold: the product is certified gluten-free; and the product complies with labeling rules, then the system is obligated to recommend the product to the user.",,,
MINISTRY050,Food Ministry,dyadic,obligation,Food Ministry policy requires the recommender to follow this public-interest rule: Certified gluten free products must comply with labeling rules.,"∀x.∀y.O(recommend(System,y,x)|certifiedGlutenFree(y)∧compliesWithLabeling(y))","For every user and product, if all of the following hold: the product is certified gluten-free; and the product complies with labeling rules, then the system is obligated to recommend the product to the user.",,,
MINISTRY051,Food Ministry,implication,obligation,Food Ministry policy requires the recommender to follow this public-interest rule: Lactose intolerant users must receive certified lactose free products.,"∀x.∀y.lactoseIntolerant(x)∧certifiedLactoseFree(y)->O(recommend(System,y,x))","For every user and product, if all of the following hold: the product is certified lactose-free; and the user is lactose-intolerant, then the system is obligated to recommend the product to the user.",,,
MINISTRY051,Food Ministry,dyadic,obligation,Food Ministry policy requires the recommender to follow this public-interest rule: Lactose intolerant users must receive certified lactose free products.,"∀x.∀y.O(recommend(System,y,x)|lactoseIntolerant(x)∧certifiedLactoseFree(y))","For every user and product, if all of the following hold: the product is certified lactose-free; and the user is lactose-intolerant, then the system is obligated to recommend the product to the user.",,,
MINISTRY052,Food Ministry,implication,prohibition,Food Ministry regulation prohibits the recommender from violating this safety rule: Users requiring lactose free food must not receive products containing lactose.,"∀x.∀y.requiresLactoseFree(x)∧contains(y,Lactose)->F(recommend(System,y,x))","For every user and product, if all of the following hold: the product contains lactose; and the user requires lactose-free food, then the system is prohibited from recommending the product to the user.",,,
MINISTRY052,Food Ministry,dyadic,prohibition,Food Ministry regulation prohibits the recommender from violating this safety rule: Users requiring lactose free food must not receive products containing lactose.,"∀x.∀y.F(recommend(System,y,x)|requiresLactoseFree(x)∧contains(y,Lactose))","For every user and product, if all of the following hold: the product contains lactose; and the user requires lactose-free food, then the system is prohibited from recommending the product to the user.",,,
MINISTRY053,Food Ministry,implication,permission,Food Ministry policy permits the recommender to act under this regulatory condition: Users requiring lactose free food may receive certified lactose free products.,"∀x.∀y.requiresLactoseFree(x)∧certifiedLactoseFree(y)->P(recommend(System,y,x))","For every user and product, if all of the following hold: the product is certified lactose-free; and the user requires lactose-free food, then the system is permitted to recommend the product to the user.",,,
MINISTRY053,Food Ministry,dyadic,permission,Food Ministry policy permits the recommender to act under this regulatory condition: Users requiring lactose free food may receive certified lactose free products.,"∀x.∀y.P(recommend(System,y,x)|requiresLactoseFree(x)∧certifiedLactoseFree(y))","For every user and product, if all of the following hold: the product is certified lactose-free; and the user requires lactose-free food, then the system is permitted to recommend the product to the user.",,,
MINISTRY054,Food Ministry,implication,prohibition,Food Ministry regulation prohibits the recommender from violating this safety rule: Lactose intolerant users must not receive misleading lactose free claims.,"∀x.∀y.lactoseIntolerant(x)∧misleadingClaim(y)->F(recommend(System,y,x))","For every user and product, if all of the following hold: the user is lactose-intolerant; and the product has a misleading claim, then the system is prohibited from recommending the product to the user.",,,
MINISTRY054,Food Ministry,dyadic,prohibition,Food Ministry regulation prohibits the recommender from violating this safety rule: Lactose intolerant users must not receive misleading lactose free claims.,"∀x.∀y.F(recommend(System,y,x)|lactoseIntolerant(x)∧misleadingClaim(y))","For every user and product, if all of the following hold: the user is lactose-intolerant; and the product has a misleading claim, then the system is prohibited from recommending the product to the user.",,,
MINISTRY055,Food Ministry,implication,obligation,Food Ministry policy requires the recommender to follow this public-interest rule: Certified lactose free products must comply with labeling rules.,"∀x.∀y.certifiedLactoseFree(y)∧compliesWithLabeling(y)->O(recommend(System,y,x))","For every user and product, if all of the following hold: the product is certified lactose-free; and the product complies with labeling rules, then the system is obligated to recommend the product to the user.",,,
MINISTRY055,Food Ministry,dyadic,obligation,Food Ministry policy requires the recommender to follow this public-interest rule: Certified lactose free products must comply with labeling rules.,"∀x.∀y.O(recommend(System,y,x)|certifiedLactoseFree(y)∧compliesWithLabeling(y))","For every user and product, if all of the following hold: the product is certified lactose-free; and the product complies with labeling rules, then the system is obligated to recommend the product to the user.",,,
MINISTRY056,Food Ministry,implication,permission,Food Ministry policy permits the recommender to act under this regulatory condition: Foods approved by the ministry may be recommended.,"∀x.∀y.approvedByMinistry(y)->P(recommend(System,y,x))","For every user and product, if the product is approved by the ministry, then the system is permitted to recommend the product to the user.",,,
MINISTRY056,Food Ministry,dyadic,permission,Food Ministry policy permits the recommender to act under this regulatory condition: Foods approved by the ministry may be recommended.,"∀x.∀y.P(recommend(System,y,x)|approvedByMinistry(y))","For every user and product, if the product is approved by the ministry, then the system is permitted to recommend the product to the user.",,,
MINISTRY057,Food Ministry,implication,prohibition,Food Ministry regulation prohibits the recommender from violating this safety rule: Restricted foods must not be recommended.,"∀x.∀y.restricted(y)->F(recommend(System,y,x))","For every user and product, if the product is restricted, then the system is prohibited from recommending the product to the user.",,,
MINISTRY057,Food Ministry,dyadic,prohibition,Food Ministry regulation prohibits the recommender from violating this safety rule: Restricted foods must not be recommended.,"∀x.∀y.F(recommend(System,y,x)|restricted(y))","For every user and product, if the product is restricted, then the system is prohibited from recommending the product to the user.",,,
MINISTRY058,Food Ministry,implication,obligation,Food Ministry policy requires the recommender to follow this public-interest rule: Foods complying with ministry guidelines should be recommended when suitable.,"∀x.∀y.compliesWithGuideline(y)∧safeFor(x,y)->O(recommend(System,y,x))","For every user and product, if all of the following hold: the product complies with ministry guidelines; and the product is safe for the user, then the system is obligated to recommend the product to the user.",,,
MINISTRY058,Food Ministry,dyadic,obligation,Food Ministry policy requires the recommender to follow this public-interest rule: Foods complying with ministry guidelines should be recommended when suitable.,"∀x.∀y.O(recommend(System,y,x)|compliesWithGuideline(y)∧safeFor(x,y))","For every user and product, if all of the following hold: the product complies with ministry guidelines; and the product is safe for the user, then the system is obligated to recommend the product to the user.",,,
MINISTRY059,Food Ministry,implication,prohibition,Food Ministry regulation prohibits the recommender from violating this safety rule: Foods without nutrition labels must not be recommended as approved foods.,"∀x.∀y.approvedByMinistry(y)∧¬hasNutritionLabel(y)->F(recommend(System,y,x))","For every user and product, if all of the following hold: the product is approved by the ministry; and it is not the case that the product has a nutrition label, then the system is prohibited from recommending the product to the user.",,,
MINISTRY059,Food Ministry,dyadic,prohibition,Food Ministry regulation prohibits the recommender from violating this safety rule: Foods without nutrition labels must not be recommended as approved foods.,"∀x.∀y.F(recommend(System,y,x)|approvedByMinistry(y)∧¬hasNutritionLabel(y))","For every user and product, if all of the following hold: the product is approved by the ministry; and it is not the case that the product has a nutrition label, then the system is prohibited from recommending the product to the user.",,,
MINISTRY060,Food Ministry,implication,permission,Food Ministry policy permits the recommender to act under this regulatory condition: Foods with nutrition labels may be recommended to adults.,"∀x.∀y.adult(x)∧hasNutritionLabel(y)->P(recommend(System,y,x))","For every user and product, if all of the following hold: the user is an adult; and the product has a nutrition label, then the system is permitted to recommend the product to the user.",,,
MINISTRY060,Food Ministry,dyadic,permission,Food Ministry policy permits the recommender to act under this regulatory condition: Foods with nutrition labels may be recommended to adults.,"∀x.∀y.P(recommend(System,y,x)|adult(x)∧hasNutritionLabel(y))","For every user and product, if all of the following hold: the user is an adult; and the product has a nutrition label, then the system is permitted to recommend the product to the user.",,,
MINISTRY061,Food Ministry,implication,prohibition,Food Ministry regulation prohibits the recommender from violating this safety rule: Products exceeding fat limits must not be recommended to vulnerable users.,"∀x.∀y.vulnerableUser(x)∧exceedsFatLimit(y)->F(recommend(System,y,x))","For every user and product, if all of the following hold: the product exceeds fat limits; and the user is vulnerable, then the system is prohibited from recommending the product to the user.",,,
MINISTRY061,Food Ministry,dyadic,prohibition,Food Ministry regulation prohibits the recommender from violating this safety rule: Products exceeding fat limits must not be recommended to vulnerable users.,"∀x.∀y.F(recommend(System,y,x)|vulnerableUser(x)∧exceedsFatLimit(y))","For every user and product, if all of the following hold: the product exceeds fat limits; and the user is vulnerable, then the system is prohibited from recommending the product to the user.",,,
MINISTRY062,Food Ministry,implication,obligation,Food Ministry policy requires the recommender to follow this public-interest rule: Vulnerable users must receive foods complying with ministry guidelines.,"∀x.∀y.vulnerableUser(x)∧compliesWithGuideline(y)->O(recommend(System,y,x))","For every user and product, if all of the following hold: the product complies with ministry guidelines; and the user is vulnerable, then the system is obligated to recommend the product to the user.",,,
MINISTRY062,Food Ministry,dyadic,obligation,Food Ministry policy requires the recommender to follow this public-interest rule: Vulnerable users must receive foods complying with ministry guidelines.,"∀x.∀y.O(recommend(System,y,x)|vulnerableUser(x)∧compliesWithGuideline(y))","For every user and product, if all of the following hold: the product complies with ministry guidelines; and the user is vulnerable, then the system is obligated to recommend the product to the user.",,,
MINISTRY063,Food Ministry,implication,permission,Food Ministry policy permits the recommender to act under this regulatory condition: Vulnerable users may receive approved healthy meals.,"∀x.∀y.vulnerableUser(x)∧approvedByMinistry(y)∧healthyMeal(y)->P(recommend(System,y,x))","For every user and product, if all of the following hold: the product is approved by the ministry; the product is a healthy meal; and the user is vulnerable, then the system is permitted to recommend the product to the user.",,,
MINISTRY063,Food Ministry,dyadic,permission,Food Ministry policy permits the recommender to act under this regulatory condition: Vulnerable users may receive approved healthy meals.,"∀x.∀y.P(recommend(System,y,x)|vulnerableUser(x)∧approvedByMinistry(y)∧healthyMeal(y))","For every user and product, if all of the following hold: the product is approved by the ministry; the product is a healthy meal; and the user is vulnerable, then the system is permitted to recommend the product to the user.",,,
MINISTRY064,Food Ministry,implication,prohibition,Food Ministry regulation prohibits the recommender from violating this safety rule: Vulnerable users must not receive unsafe products.,"∀x.∀y.vulnerableUser(x)∧unsafeProduct(y)->F(recommend(System,y,x))","For every user and product, if all of the following hold: the product is unsafe; and the user is vulnerable, then the system is prohibited from recommending the product to the user.",,,
MINISTRY064,Food Ministry,dyadic,prohibition,Food Ministry regulation prohibits the recommender from violating this safety rule: Vulnerable users must not receive unsafe products.,"∀x.∀y.F(recommend(System,y,x)|vulnerableUser(x)∧unsafeProduct(y))","For every user and product, if all of the following hold: the product is unsafe; and the user is vulnerable, then the system is prohibited from recommending the product to the user.",,,
MINISTRY065,Food Ministry,implication,obligation,Food Ministry policy requires the recommender to follow this public-interest rule: Vulnerable users must receive affordable healthy meal options.,"∀x.∀y.vulnerableUser(x)∧affordableMeal(y)∧healthyMeal(y)->O(recommend(System,y,x))","For every user and product, if all of the following hold: the product is an affordable meal; the product is a healthy meal; and the user is vulnerable, then the system is obligated to recommend the product to the user.",,,
MINISTRY065,Food Ministry,dyadic,obligation,Food Ministry policy requires the recommender to follow this public-interest rule: Vulnerable users must receive affordable healthy meal options.,"∀x.∀y.O(recommend(System,y,x)|vulnerableUser(x)∧affordableMeal(y)∧healthyMeal(y))","For every user and product, if all of the following hold: the product is an affordable meal; the product is a healthy meal; and the user is vulnerable, then the system is obligated to recommend the product to the user.",,,
MINISTRY066,Food Ministry,implication,prohibition,Food Ministry regulation prohibits the recommender from violating this safety rule: Energy drinks requiring warnings must not be recommended to children.,"∀x.∀y.child(x)∧energyDrink(y)∧requiresWarning(y)->F(recommend(System,y,x))","For every user and product, if all of the following hold: the user is a child; the product is an energy drink; and the product requires a warning, then the system is prohibited from recommending the product to the user.",,,
MINISTRY066,Food Ministry,dyadic,prohibition,Food Ministry regulation prohibits the recommender from violating this safety rule: Energy drinks requiring warnings must not be recommended to children.,"∀x.∀y.F(recommend(System,y,x)|child(x)∧energyDrink(y)∧requiresWarning(y))","For every user and product, if all of the following hold: the user is a child; the product is an energy drink; and the product requires a warning, then the system is prohibited from recommending the product to the user.",,,
MINISTRY067,Food Ministry,implication,obligation,Food Ministry policy requires the recommender to follow this public-interest rule: Products requiring safety warnings must include warning labels.,"∀x.∀y.requiresWarning(y)∧hasSafetyWarning(y)->O(recommend(System,y,x))","For every user and product, if all of the following hold: the product has a safety warning; and the product requires a warning, then the system is obligated to recommend the product to the user.",,,
MINISTRY067,Food Ministry,dyadic,obligation,Food Ministry policy requires the recommender to follow this public-interest rule: Products requiring safety warnings must include warning labels.,"∀x.∀y.O(recommend(System,y,x)|requiresWarning(y)∧hasSafetyWarning(y))","For every user and product, if all of the following hold: the product has a safety warning; and the product requires a warning, then the system is obligated to recommend the product to the user.",,,
MINISTRY068,Food Ministry,implication,prohibition,Food Ministry regulation prohibits the recommender from violating this safety rule: Products without required safety warnings must not be recommended.,"∀x.∀y.requiresWarning(y)∧¬hasSafetyWarning(y)->F(recommend(System,y,x))","For every user and product, if all of the following hold: the product requires a warning; and it is not the case that the product has a safety warning, then the system is prohibited from recommending the product to the user.",,,
MINISTRY068,Food Ministry,dyadic,prohibition,Food Ministry regulation prohibits the recommender from violating this safety rule: Products without required safety warnings must not be recommended.,"∀x.∀y.F(recommend(System,y,x)|requiresWarning(y)∧¬hasSafetyWarning(y))","For every user and product, if all of the following hold: the product requires a warning; and it is not the case that the product has a safety warning, then the system is prohibited from recommending the product to the user.",,,
MINISTRY069,Food Ministry,implication,permission,Food Ministry policy permits the recommender to act under this regulatory condition: Adults may receive products with safety warnings when warnings are shown.,"∀x.∀y.adult(x)∧hasSafetyWarning(y)->P(recommend(System,y,x))","For every user and product, if all of the following hold: the user is an adult; and the product has a safety warning, then the system is permitted to recommend the product to the user.",,,
MINISTRY069,Food Ministry,dyadic,permission,Food Ministry policy permits the recommender to act under this regulatory condition: Adults may receive products with safety warnings when warnings are shown.,"∀x.∀y.P(recommend(System,y,x)|adult(x)∧hasSafetyWarning(y))","For every user and product, if all of the following hold: the user is an adult; and the product has a safety warning, then the system is permitted to recommend the product to the user.",,,
MINISTRY070,Food Ministry,implication,prohibition,Food Ministry regulation prohibits the recommender from violating this safety rule: Warning products must not be recommended to vulnerable users.,"∀x.∀y.vulnerableUser(x)∧safetyWarningProduct(y)->F(recommend(System,y,x))","For every user and product, if all of the following hold: the product has a safety warning; and the user is vulnerable, then the system is prohibited from recommending the product to the user.",,,
MINISTRY070,Food Ministry,dyadic,prohibition,Food Ministry regulation prohibits the recommender from violating this safety rule: Warning products must not be recommended to vulnerable users.,"∀x.∀y.F(recommend(System,y,x)|vulnerableUser(x)∧safetyWarningProduct(y))","For every user and product, if all of the following hold: the product has a safety warning; and the user is vulnerable, then the system is prohibited from recommending the product to the user.",,,
MINISTRY071,Food Ministry,implication,prohibition,Food Ministry regulation prohibits the recommender from violating this safety rule: Organic products with misleading claims must not be recommended.,"∀x.∀y.organicFood(y)∧misleadingClaim(y)->F(recommend(System,y,x))","For every user and product, if all of the following hold: the product has a misleading claim; and the product is organic food, then the system is prohibited from recommending the product to the user.",,,
MINISTRY071,Food Ministry,dyadic,prohibition,Food Ministry regulation prohibits the recommender from violating this safety rule: Organic products with misleading claims must not be recommended.,"∀x.∀y.F(recommend(System,y,x)|organicFood(y)∧misleadingClaim(y))","For every user and product, if all of the following hold: the product has a misleading claim; and the product is organic food, then the system is prohibited from recommending the product to the user.",,,
MINISTRY072,Food Ministry,implication,prohibition,Food Ministry regulation prohibits the recommender from violating this safety rule: Sustainable products with misleading claims must not be recommended.,"∀x.∀y.sustainable(y)∧misleadingClaim(y)->F(recommend(System,y,x))","For every user and product, if all of the following hold: the product has a misleading claim; and the product is sustainable, then the system is prohibited from recommending the product to the user.",,,
MINISTRY072,Food Ministry,dyadic,prohibition,Food Ministry regulation prohibits the recommender from violating this safety rule: Sustainable products with misleading claims must not be recommended.,"∀x.∀y.F(recommend(System,y,x)|sustainable(y)∧misleadingClaim(y))","For every user and product, if all of the following hold: the product has a misleading claim; and the product is sustainable, then the system is prohibited from recommending the product to the user.",,,
MINISTRY073,Food Ministry,implication,permission,Food Ministry policy permits the recommender to act under this regulatory condition: Products with verified organic claims may be recommended.,"∀x.∀y.organicFood(y)∧verifiedClaim(y)->P(recommend(System,y,x))","For every user and product, if all of the following hold: the product is organic food; and the product has a verified claim, then the system is permitted to recommend the product to the user.",,,
MINISTRY073,Food Ministry,dyadic,permission,Food Ministry policy permits the recommender to act under this regulatory condition: Products with verified organic claims may be recommended.,"∀x.∀y.P(recommend(System,y,x)|organicFood(y)∧verifiedClaim(y))","For every user and product, if all of the following hold: the product is organic food; and the product has a verified claim, then the system is permitted to recommend the product to the user.",,,
MINISTRY074,Food Ministry,implication,permission,Food Ministry policy permits the recommender to act under this regulatory condition: Products with verified sustainability claims may be recommended.,"∀x.∀y.sustainable(y)∧verifiedClaim(y)->P(recommend(System,y,x))","For every user and product, if all of the following hold: the product is sustainable; and the product has a verified claim, then the system is permitted to recommend the product to the user.",,,
MINISTRY074,Food Ministry,dyadic,permission,Food Ministry policy permits the recommender to act under this regulatory condition: Products with verified sustainability claims may be recommended.,"∀x.∀y.P(recommend(System,y,x)|sustainable(y)∧verifiedClaim(y))","For every user and product, if all of the following hold: the product is sustainable; and the product has a verified claim, then the system is permitted to recommend the product to the user.",,,
MINISTRY075,Food Ministry,implication,prohibition,Food Ministry regulation prohibits the recommender from violating this safety rule: Products with misleading nutrition claims must not be recommended.,"∀x.∀y.nutritionClaim(y)∧misleadingClaim(y)->F(recommend(System,y,x))","For every user and product, if all of the following hold: the product has a misleading claim; and nutrition claim holds for the product, then the system is prohibited from recommending the product to the user.",,,
MINISTRY075,Food Ministry,dyadic,prohibition,Food Ministry regulation prohibits the recommender from violating this safety rule: Products with misleading nutrition claims must not be recommended.,"∀x.∀y.F(recommend(System,y,x)|nutritionClaim(y)∧misleadingClaim(y))","For every user and product, if all of the following hold: the product has a misleading claim; and nutrition claim holds for the product, then the system is prohibited from recommending the product to the user.",,,
MINISTRY076,Food Ministry,implication,obligation,Food Ministry policy requires the recommender to follow this public-interest rule: Affordable healthy foods should be recommended to children.,"∀x.∀y.child(x)∧affordableMeal(y)∧healthyMeal(y)->O(recommend(System,y,x))","For every user and product, if all of the following hold: the product is an affordable meal; the user is a child; and the product is a healthy meal, then the system is obligated to recommend the product to the user.",,,
MINISTRY076,Food Ministry,dyadic,obligation,Food Ministry policy requires the recommender to follow this public-interest rule: Affordable healthy foods should be recommended to children.,"∀x.∀y.O(recommend(System,y,x)|child(x)∧affordableMeal(y)∧healthyMeal(y))","For every user and product, if all of the following hold: the product is an affordable meal; the user is a child; and the product is a healthy meal, then the system is obligated to recommend the product to the user.",,,
MINISTRY077,Food Ministry,implication,obligation,Food Ministry policy requires the recommender to follow this public-interest rule: Affordable ministry approved healthy foods should be recommended to vulnerable users.,"∀x.∀y.vulnerableUser(x)∧affordableMeal(y)∧healthyMeal(y)∧approvedByMinistry(y)->O(recommend(System,y,x))","For every user and product, if all of the following hold: the product is an affordable meal; the product is approved by the ministry; the product is a healthy meal; and the user is vulnerable, then the system is obligated to recommend the product to the user.",,,
MINISTRY077,Food Ministry,dyadic,obligation,Food Ministry policy requires the recommender to follow this public-interest rule: Affordable ministry approved healthy foods should be recommended to vulnerable users.,"∀x.∀y.O(recommend(System,y,x)|vulnerableUser(x)∧affordableMeal(y)∧healthyMeal(y)∧approvedByMinistry(y))","For every user and product, if all of the following hold: the product is an affordable meal; the product is approved by the ministry; the product is a healthy meal; and the user is vulnerable, then the system is obligated to recommend the product to the user.",,,
MINISTRY078,Food Ministry,implication,permission,Food Ministry policy permits the recommender to act under this regulatory condition: Affordable approved foods may be recommended to adults.,"∀x.∀y.adult(x)∧affordableMeal(y)∧approvedByMinistry(y)->P(recommend(System,y,x))","For every user and product, if all of the following hold: the user is an adult; the product is an affordable meal; and the product is approved by the ministry, then the system is permitted to recommend the product to the user.",,,
MINISTRY078,Food Ministry,dyadic,permission,Food Ministry policy permits the recommender to act under this regulatory condition: Affordable approved foods may be recommended to adults.,"∀x.∀y.P(recommend(System,y,x)|adult(x)∧affordableMeal(y)∧approvedByMinistry(y))","For every user and product, if all of the following hold: the user is an adult; the product is an affordable meal; and the product is approved by the ministry, then the system is permitted to recommend the product to the user.",,,
MINISTRY079,Food Ministry,implication,prohibition,Food Ministry regulation prohibits the recommender from violating this safety rule: Unaffordable essential foods should not be the only recommended option.,"∀x.∀y.essentialFood(y)∧unaffordable(y)->F(recommend(System,y,x))","For every user and product, if all of the following hold: the product is essential food; and the product is unaffordable, then the system is prohibited from recommending the product to the user.",,,
MINISTRY079,Food Ministry,dyadic,prohibition,Food Ministry regulation prohibits the recommender from violating this safety rule: Unaffordable essential foods should not be the only recommended option.,"∀x.∀y.F(recommend(System,y,x)|essentialFood(y)∧unaffordable(y))","For every user and product, if all of the following hold: the product is essential food; and the product is unaffordable, then the system is prohibited from recommending the product to the user.",,,
MINISTRY080,Food Ministry,implication,obligation,Food Ministry policy requires the recommender to follow this public-interest rule: Healthy affordable alternatives should be recommended when restricted foods are present.,"∀x.∀y.healthyMeal(y)∧affordableMeal(y)∧alternativeToRestrictedFood(y)->O(recommend(System,y,x))","For every user and product, if all of the following hold: the product is an affordable meal; the product is an alternative to restricted food; and the product is a healthy meal, then the system is obligated to recommend the product to the user.",,,
MINISTRY080,Food Ministry,dyadic,obligation,Food Ministry policy requires the recommender to follow this public-interest rule: Healthy affordable alternatives should be recommended when restricted foods are present.,"∀x.∀y.O(recommend(System,y,x)|healthyMeal(y)∧affordableMeal(y)∧alternativeToRestrictedFood(y))","For every user and product, if all of the following hold: the product is an affordable meal; the product is an alternative to restricted food; and the product is a healthy meal, then the system is obligated to recommend the product to the user.",,,
MINISTRY081,Food Ministry,implication,prohibition,Food Ministry regulation prohibits the recommender from violating this safety rule: Products banned for children must not be recommended to children.,"∀x.∀y.child(x)∧bannedForChildren(y)->F(recommend(System,y,x))","For every user and product, if all of the following hold: the product is banned for children; and the user is a child, then the system is prohibited from recommending the product to the user.",,,
MINISTRY081,Food Ministry,dyadic,prohibition,Food Ministry regulation prohibits the recommender from violating this safety rule: Products banned for children must not be recommended to children.,"∀x.∀y.F(recommend(System,y,x)|child(x)∧bannedForChildren(y))","For every user and product, if all of the following hold: the product is banned for children; and the user is a child, then the system is prohibited from recommending the product to the user.",,,
MINISTRY082,Food Ministry,implication,permission,Food Ministry policy permits the recommender to act under this regulatory condition: Products with age restrictions may be recommended to adults.,"∀x.∀y.adult(x)∧ageRestrictedProduct(y)->P(recommend(System,y,x))","For every user and product, if all of the following hold: the user is an adult; and the product is age-restricted, then the system is permitted to recommend the product to the user.",,,
MINISTRY082,Food Ministry,dyadic,permission,Food Ministry policy permits the recommender to act under this regulatory condition: Products with age restrictions may be recommended to adults.,"∀x.∀y.P(recommend(System,y,x)|adult(x)∧ageRestrictedProduct(y))","For every user and product, if all of the following hold: the user is an adult; and the product is age-restricted, then the system is permitted to recommend the product to the user.",,,
MINISTRY083,Food Ministry,implication,prohibition,Food Ministry regulation prohibits the recommender from violating this safety rule: Age restricted products must not be recommended to underage users.,"∀x.∀y.underage(x)∧ageRestrictedProduct(y)->F(recommend(System,y,x))","For every user and product, if all of the following hold: the product is age-restricted; and the user is underage, then the system is prohibited from recommending the product to the user.",,,
MINISTRY083,Food Ministry,dyadic,prohibition,Food Ministry regulation prohibits the recommender from violating this safety rule: Age restricted products must not be recommended to underage users.,"∀x.∀y.F(recommend(System,y,x)|underage(x)∧ageRestrictedProduct(y))","For every user and product, if all of the following hold: the product is age-restricted; and the user is underage, then the system is prohibited from recommending the product to the user.",,,
MINISTRY084,Food Ministry,implication,obligation,Food Ministry policy requires the recommender to follow this public-interest rule: Products suitable for children should be recommended to children when healthy.,"∀x.∀y.child(x)∧suitableForChildren(y)∧healthyMeal(y)->O(recommend(System,y,x))","For every user and product, if all of the following hold: the user is a child; the product is a healthy meal; and the product is suitable for children, then the system is obligated to recommend the product to the user.",,,
MINISTRY084,Food Ministry,dyadic,obligation,Food Ministry policy requires the recommender to follow this public-interest rule: Products suitable for children should be recommended to children when healthy.,"∀x.∀y.O(recommend(System,y,x)|child(x)∧suitableForChildren(y)∧healthyMeal(y))","For every user and product, if all of the following hold: the user is a child; the product is a healthy meal; and the product is suitable for children, then the system is obligated to recommend the product to the user.",,,
MINISTRY085,Food Ministry,implication,prohibition,Food Ministry regulation prohibits the recommender from violating this safety rule: Products unsuitable for children must not be recommended to children.,"∀x.∀y.child(x)∧unsuitableForChildren(y)->F(recommend(System,y,x))","For every user and product, if all of the following hold: the user is a child; and the product is unsuitable for children, then the system is prohibited from recommending the product to the user.",,,
MINISTRY085,Food Ministry,dyadic,prohibition,Food Ministry regulation prohibits the recommender from violating this safety rule: Products unsuitable for children must not be recommended to children.,"∀x.∀y.F(recommend(System,y,x)|child(x)∧unsuitableForChildren(y))","For every user and product, if all of the following hold: the user is a child; and the product is unsuitable for children, then the system is prohibited from recommending the product to the user.",,,
MINISTRY086,Food Ministry,implication,prohibition,Food Ministry regulation prohibits the recommender from violating this safety rule: High sugar products must not be recommended to users with low sugar requirements.,"∀x.∀y.requiresLowSugar(x)∧highSugarProduct(y)->F(recommend(System,y,x))","For every user and product, if all of the following hold: the product is high in sugar; and the user requires low-sugar food, then the system is prohibited from recommending the product to the user.",,,
MINISTRY086,Food Ministry,dyadic,prohibition,Food Ministry regulation prohibits the recommender from violating this safety rule: High sugar products must not be recommended to users with low sugar requirements.,"∀x.∀y.F(recommend(System,y,x)|requiresLowSugar(x)∧highSugarProduct(y))","For every user and product, if all of the following hold: the product is high in sugar; and the user requires low-sugar food, then the system is prohibited from recommending the product to the user.",,,
MINISTRY087,Food Ministry,implication,obligation,Food Ministry policy requires the recommender to follow this public-interest rule: Low sugar products should be recommended to users with low sugar requirements.,"∀x.∀y.requiresLowSugar(x)∧lowSugarFood(y)->O(recommend(System,y,x))","For every user and product, if all of the following hold: the product is low in sugar; and the user requires low-sugar food, then the system is obligated to recommend the product to the user.",,,
MINISTRY087,Food Ministry,dyadic,obligation,Food Ministry policy requires the recommender to follow this public-interest rule: Low sugar products should be recommended to users with low sugar requirements.,"∀x.∀y.O(recommend(System,y,x)|requiresLowSugar(x)∧lowSugarFood(y))","For every user and product, if all of the following hold: the product is low in sugar; and the user requires low-sugar food, then the system is obligated to recommend the product to the user.",,,
MINISTRY088,Food Ministry,implication,prohibition,Food Ministry regulation prohibits the recommender from violating this safety rule: High salt products must not be recommended to users with low salt requirements.,"∀x.∀y.requiresLowSalt(x)∧highSaltProduct(y)->F(recommend(System,y,x))","For every user and product, if all of the following hold: the product is high in salt; and the user requires low-salt food, then the system is prohibited from recommending the product to the user.",,,
MINISTRY088,Food Ministry,dyadic,prohibition,Food Ministry regulation prohibits the recommender from violating this safety rule: High salt products must not be recommended to users with low salt requirements.,"∀x.∀y.F(recommend(System,y,x)|requiresLowSalt(x)∧highSaltProduct(y))","For every user and product, if all of the following hold: the product is high in salt; and the user requires low-salt food, then the system is prohibited from recommending the product to the user.",,,
MINISTRY089,Food Ministry,implication,obligation,Food Ministry policy requires the recommender to follow this public-interest rule: Low salt products should be recommended to users with low salt requirements.,"∀x.∀y.requiresLowSalt(x)∧lowSaltFood(y)->O(recommend(System,y,x))","For every user and product, if all of the following hold: the product is low in salt; and the user requires low-salt food, then the system is obligated to recommend the product to the user.",,,
MINISTRY089,Food Ministry,dyadic,obligation,Food Ministry policy requires the recommender to follow this public-interest rule: Low salt products should be recommended to users with low salt requirements.,"∀x.∀y.O(recommend(System,y,x)|requiresLowSalt(x)∧lowSaltFood(y))","For every user and product, if all of the following hold: the product is low in salt; and the user requires low-salt food, then the system is obligated to recommend the product to the user.",,,
MINISTRY090,Food Ministry,implication,permission,Food Ministry policy permits the recommender to act under this regulatory condition: Low fat products may be recommended to users avoiding high fat products.,"∀x.∀y.avoids(x,y)∧lowFatMeal(y)->P(recommend(System,y,x))","For every user and product, if all of the following hold: the user avoids the product; and the product is a low-fat meal, then the system is permitted to recommend the product to the user.",,,
MINISTRY090,Food Ministry,dyadic,permission,Food Ministry policy permits the recommender to act under this regulatory condition: Low fat products may be recommended to users avoiding high fat products.,"∀x.∀y.P(recommend(System,y,x)|avoids(x,y)∧lowFatMeal(y))","For every user and product, if all of the following hold: the user avoids the product; and the product is a low-fat meal, then the system is permitted to recommend the product to the user.",,,
MINISTRY091,Food Ministry,implication,prohibition,Food Ministry regulation prohibits the recommender from violating this safety rule: Products containing undeclared allergens must be treated as unsafe products.,"∀x.∀y.containsUndeclaredAllergen(y)∧unsafeProduct(y)->F(recommend(System,y,x))","For every user and product, if all of the following hold: the product contains an undeclared allergen; and the product is unsafe, then the system is prohibited from recommending the product to the user.",,,
MINISTRY091,Food Ministry,dyadic,prohibition,Food Ministry regulation prohibits the recommender from violating this safety rule: Products containing undeclared allergens must be treated as unsafe products.,"∀x.∀y.F(recommend(System,y,x)|containsUndeclaredAllergen(y)∧unsafeProduct(y))","For every user and product, if all of the following hold: the product contains an undeclared allergen; and the product is unsafe, then the system is prohibited from recommending the product to the user.",,,
MINISTRY092,Food Ministry,implication,prohibition,Food Ministry regulation prohibits the recommender from violating this safety rule: Unsafe products must not be recommended to any user.,"∀x.∀y.unsafeProduct(y)->F(recommend(System,y,x))","For every user and product, if the product is unsafe, then the system is prohibited from recommending the product to the user.",,,
MINISTRY092,Food Ministry,dyadic,prohibition,Food Ministry regulation prohibits the recommender from violating this safety rule: Unsafe products must not be recommended to any user.,"∀x.∀y.F(recommend(System,y,x)|unsafeProduct(y))","For every user and product, if the product is unsafe, then the system is prohibited from recommending the product to the user.",,,
MINISTRY093,Food Ministry,implication,permission,Food Ministry policy permits the recommender to act under this regulatory condition: Safe products may be recommended when suitable for the user.,"∀x.∀y.safeFor(x,y)->P(recommend(System,y,x))","For every user and product, if the product is safe for the user, then the system is permitted to recommend the product to the user.",,,
MINISTRY093,Food Ministry,dyadic,permission,Food Ministry policy permits the recommender to act under this regulatory condition: Safe products may be recommended when suitable for the user.,"∀x.∀y.P(recommend(System,y,x)|safeFor(x,y))","For every user and product, if the product is safe for the user, then the system is permitted to recommend the product to the user.",,,
MINISTRY094,Food Ministry,implication,obligation,Food Ministry policy requires the recommender to follow this public-interest rule: Products approved by the ministry and safe for the user should be recommended.,"∀x.∀y.approvedByMinistry(y)∧safeFor(x,y)->O(recommend(System,y,x))","For every user and product, if all of the following hold: the product is approved by the ministry; and the product is safe for the user, then the system is obligated to recommend the product to the user.",,,
MINISTRY094,Food Ministry,dyadic,obligation,Food Ministry policy requires the recommender to follow this public-interest rule: Products approved by the ministry and safe for the user should be recommended.,"∀x.∀y.O(recommend(System,y,x)|approvedByMinistry(y)∧safeFor(x,y))","For every user and product, if all of the following hold: the product is approved by the ministry; and the product is safe for the user, then the system is obligated to recommend the product to the user.",,,
MINISTRY095,Food Ministry,implication,prohibition,Food Ministry regulation prohibits the recommender from violating this safety rule: Products restricted by the ministry must not be recommended even if preferred.,"∀x.∀y.restricted(y)∧prefers(x,y)->F(recommend(System,y,x))","For every user and product, if all of the following hold: the user prefers the product; and the product is restricted, then the system is prohibited from recommending the product to the user.",,,
MINISTRY095,Food Ministry,dyadic,prohibition,Food Ministry regulation prohibits the recommender from violating this safety rule: Products restricted by the ministry must not be recommended even if preferred.,"∀x.∀y.F(recommend(System,y,x)|restricted(y)∧prefers(x,y))","For every user and product, if all of the following hold: the user prefers the product; and the product is restricted, then the system is prohibited from recommending the product to the user.",,,
MINISTRY096,Food Ministry,implication,prohibition,Food Ministry regulation prohibits the recommender from violating this safety rule: Foods lacking required certification must not be recommended to users requiring certification.,"∀x.∀y.requiresCertifiedProduct(x)∧¬certified(y)->F(recommend(System,y,x))","For every user and product, if all of the following hold: the user requires certified products; and it is not the case that the product is certified, then the system is prohibited from recommending the product to the user.",,,
MINISTRY096,Food Ministry,dyadic,prohibition,Food Ministry regulation prohibits the recommender from violating this safety rule: Foods lacking required certification must not be recommended to users requiring certification.,"∀x.∀y.F(recommend(System,y,x)|requiresCertifiedProduct(x)∧¬certified(y))","For every user and product, if all of the following hold: the user requires certified products; and it is not the case that the product is certified, then the system is prohibited from recommending the product to the user.",,,
MINISTRY097,Food Ministry,implication,permission,Food Ministry policy permits the recommender to act under this regulatory condition: Certified foods may be recommended to users requiring certified products.,"∀x.∀y.requiresCertifiedProduct(x)∧certified(y)->P(recommend(System,y,x))","For every user and product, if all of the following hold: the product is certified; and the user requires certified products, then the system is permitted to recommend the product to the user.",,,
MINISTRY097,Food Ministry,dyadic,permission,Food Ministry policy permits the recommender to act under this regulatory condition: Certified foods may be recommended to users requiring certified products.,"∀x.∀y.P(recommend(System,y,x)|requiresCertifiedProduct(x)∧certified(y))","For every user and product, if all of the following hold: the product is certified; and the user requires certified products, then the system is permitted to recommend the product to the user.",,,
MINISTRY098,Food Ministry,implication,obligation,Food Ministry policy requires the recommender to follow this public-interest rule: Products with complete labels should be recommended over products with incomplete labels.,"∀x.∀y.completeLabel(y)∧compliesWithLabeling(y)->O(recommend(System,y,x))","For every user and product, if all of the following hold: the product has a complete label; and the product complies with labeling rules, then the system is obligated to recommend the product to the user.",,,
MINISTRY098,Food Ministry,dyadic,obligation,Food Ministry policy requires the recommender to follow this public-interest rule: Products with complete labels should be recommended over products with incomplete labels.,"∀x.∀y.O(recommend(System,y,x)|completeLabel(y)∧compliesWithLabeling(y))","For every user and product, if all of the following hold: the product has a complete label; and the product complies with labeling rules, then the system is obligated to recommend the product to the user.",,,
MINISTRY099,Food Ministry,implication,prohibition,Food Ministry regulation prohibits the recommender from violating this safety rule: Products with incomplete labels must not be recommended to vulnerable users.,"∀x.∀y.vulnerableUser(x)∧incompleteLabel(y)->F(recommend(System,y,x))","For every user and product, if all of the following hold: the product has an incomplete label; and the user is vulnerable, then the system is prohibited from recommending the product to the user.",,,
MINISTRY099,Food Ministry,dyadic,prohibition,Food Ministry regulation prohibits the recommender from violating this safety rule: Products with incomplete labels must not be recommended to vulnerable users.,"∀x.∀y.F(recommend(System,y,x)|vulnerableUser(x)∧incompleteLabel(y))","For every user and product, if all of the following hold: the product has an incomplete label; and the user is vulnerable, then the system is prohibited from recommending the product to the user.",,,
MINISTRY100,Food Ministry,implication,prohibition,Food Ministry regulation prohibits the recommender from violating this safety rule: Products failing nutrition guidelines must not be recommended to vulnerable users.,"∀x.∀y.vulnerableUser(x)∧¬meetsNutritionGuideline(y)->F(recommend(System,y,x))","For every user and product, if all of the following hold: the user is vulnerable; and it is not the case that the product meets nutrition guidelines, then the system is prohibited from recommending the product to the user.",,,
MINISTRY100,Food Ministry,dyadic,prohibition,Food Ministry regulation prohibits the recommender from violating this safety rule: Products failing nutrition guidelines must not be recommended to vulnerable users.,"∀x.∀y.F(recommend(System,y,x)|vulnerableUser(x)∧¬meetsNutritionGuideline(y))","For every user and product, if all of the following hold: the user is vulnerable; and it is not the case that the product meets nutrition guidelines, then the system is prohibited from recommending the product to the user.",,,
INDUSTRY001,Food Industry,implication,obligation,Food Industry policy requires the recommender to support this commercial objective: Eligible users should receive sponsored product recommendations when products are available.,"∀x.∀y.eligible(x)∧sponsored(y)∧available(y)->O(recommend(System,y,x))","For every user and product, if all of the following hold: the product is available; the user is eligible; and the product is sponsored, then the system is obligated to recommend the product to the user.",,,
INDUSTRY001,Food Industry,dyadic,obligation,Food Industry policy requires the recommender to support this commercial objective: Eligible users should receive sponsored product recommendations when products are available.,"∀x.∀y.O(recommend(System,y,x)|eligible(x)∧sponsored(y)∧available(y))","For every user and product, if all of the following hold: the product is available; the user is eligible; and the product is sponsored, then the system is obligated to recommend the product to the user.",,,
INDUSTRY002,Food Industry,implication,permission,Food Industry policy permits the recommender to use this market placement rule: Eligible adults may receive sponsored product recommendations.,"∀x.∀y.eligible(x)∧adult(x)∧sponsored(y)->P(recommend(System,y,x))","For every user and product, if all of the following hold: the user is an adult; the user is eligible; and the product is sponsored, then the system is permitted to recommend the product to the user.",,,
INDUSTRY002,Food Industry,dyadic,permission,Food Industry policy permits the recommender to use this market placement rule: Eligible adults may receive sponsored product recommendations.,"∀x.∀y.P(recommend(System,y,x)|eligible(x)∧adult(x)∧sponsored(y))","For every user and product, if all of the following hold: the user is an adult; the user is eligible; and the product is sponsored, then the system is permitted to recommend the product to the user.",,,
INDUSTRY003,Food Industry,implication,prohibition,Food Industry compliance prohibits the recommender from violating this product-suitability rule: Ineligible users should not receive sponsored product recommendations.,"∀x.∀y.¬eligible(x)∧sponsored(y)->F(recommend(System,y,x))","For every user and product, if all of the following hold: the product is sponsored; and it is not the case that the user is eligible, then the system is prohibited from recommending the product to the user.",,,
INDUSTRY003,Food Industry,dyadic,prohibition,Food Industry compliance prohibits the recommender from violating this product-suitability rule: Ineligible users should not receive sponsored product recommendations.,"∀x.∀y.F(recommend(System,y,x)|¬eligible(x)∧sponsored(y))","For every user and product, if all of the following hold: the product is sponsored; and it is not the case that the user is eligible, then the system is prohibited from recommending the product to the user.",,,
INDUSTRY004,Food Industry,implication,obligation,Food Industry policy requires the recommender to support this commercial objective: Sponsored products should be recommended when they are approved and available.,"∀x.∀y.sponsored(y)∧approved(y)∧available(y)->O(recommend(System,y,x))","For every user and product, if all of the following hold: the product is approved; the product is available; and the product is sponsored, then the system is obligated to recommend the product to the user.",,,
INDUSTRY004,Food Industry,dyadic,obligation,Food Industry policy requires the recommender to support this commercial objective: Sponsored products should be recommended when they are approved and available.,"∀x.∀y.O(recommend(System,y,x)|sponsored(y)∧approved(y)∧available(y))","For every user and product, if all of the following hold: the product is approved; the product is available; and the product is sponsored, then the system is obligated to recommend the product to the user.",,,
INDUSTRY005,Food Industry,implication,prohibition,Food Industry compliance prohibits the recommender from violating this product-suitability rule: Sponsored products should not be recommended when they are restricted.,"∀x.∀y.sponsored(y)∧restricted(y)->F(recommend(System,y,x))","For every user and product, if all of the following hold: the product is restricted; and the product is sponsored, then the system is prohibited from recommending the product to the user.",,,
INDUSTRY005,Food Industry,dyadic,prohibition,Food Industry compliance prohibits the recommender from violating this product-suitability rule: Sponsored products should not be recommended when they are restricted.,"∀x.∀y.F(recommend(System,y,x)|sponsored(y)∧restricted(y))","For every user and product, if all of the following hold: the product is restricted; and the product is sponsored, then the system is prohibited from recommending the product to the user.",,,
INDUSTRY006,Food Industry,implication,permission,Food Industry policy permits the recommender to use this market placement rule: Loyal customers may receive premium product recommendations.,"∀x.∀y.loyalCustomer(x)∧premiumProduct(y)->P(recommend(System,y,x))","For every user and product, if all of the following hold: the user is a loyal customer; and the product is premium, then the system is permitted to recommend the product to the user.",,,
INDUSTRY006,Food Industry,dyadic,permission,Food Industry policy permits the recommender to use this market placement rule: Loyal customers may receive premium product recommendations.,"∀x.∀y.P(recommend(System,y,x)|loyalCustomer(x)∧premiumProduct(y))","For every user and product, if all of the following hold: the user is a loyal customer; and the product is premium, then the system is permitted to recommend the product to the user.",,,
INDUSTRY007,Food Industry,implication,obligation,Food Industry policy requires the recommender to support this commercial objective: Premium customers should receive premium product recommendations when products are available.,"∀x.∀y.premiumCustomer(x)∧premiumProduct(y)∧available(y)->O(recommend(System,y,x))","For every user and product, if all of the following hold: the product is available; the user is a premium customer; and the product is premium, then the system is obligated to recommend the product to the user.",,,
INDUSTRY007,Food Industry,dyadic,obligation,Food Industry policy requires the recommender to support this commercial objective: Premium customers should receive premium product recommendations when products are available.,"∀x.∀y.O(recommend(System,y,x)|premiumCustomer(x)∧premiumProduct(y)∧available(y))","For every user and product, if all of the following hold: the product is available; the user is a premium customer; and the product is premium, then the system is obligated to recommend the product to the user.",,,
INDUSTRY008,Food Industry,implication,prohibition,Food Industry compliance prohibits the recommender from violating this product-suitability rule: Children should not receive restricted premium product promotions.,"∀x.∀y.child(x)∧premiumProduct(y)∧restricted(y)->F(recommend(System,y,x))","For every user and product, if all of the following hold: the user is a child; the product is premium; and the product is restricted, then the system is prohibited from recommending the product to the user.",,,
INDUSTRY008,Food Industry,dyadic,prohibition,Food Industry compliance prohibits the recommender from violating this product-suitability rule: Children should not receive restricted premium product promotions.,"∀x.∀y.F(recommend(System,y,x)|child(x)∧premiumProduct(y)∧restricted(y))","For every user and product, if all of the following hold: the user is a child; the product is premium; and the product is restricted, then the system is prohibited from recommending the product to the user.",,,
INDUSTRY009,Food Industry,implication,permission,Food Industry policy permits the recommender to use this market placement rule: Premium products may be recommended when they are approved.,"∀x.∀y.premiumProduct(y)∧approved(y)->P(recommend(System,y,x))","For every user and product, if all of the following hold: the product is approved; and the product is premium, then the system is permitted to recommend the product to the user.",,,
INDUSTRY009,Food Industry,dyadic,permission,Food Industry policy permits the recommender to use this market placement rule: Premium products may be recommended when they are approved.,"∀x.∀y.P(recommend(System,y,x)|premiumProduct(y)∧approved(y))","For every user and product, if all of the following hold: the product is approved; and the product is premium, then the system is permitted to recommend the product to the user.",,,
INDUSTRY010,Food Industry,implication,obligation,Food Industry policy requires the recommender to support this commercial objective: Premium products should be recommended to eligible premium customers.,"∀x.∀y.eligible(x)∧premiumCustomer(x)∧premiumProduct(y)->O(recommend(System,y,x))","For every user and product, if all of the following hold: the user is eligible; the user is a premium customer; and the product is premium, then the system is obligated to recommend the product to the user.",,,
INDUSTRY010,Food Industry,dyadic,obligation,Food Industry policy requires the recommender to support this commercial objective: Premium products should be recommended to eligible premium customers.,"∀x.∀y.O(recommend(System,y,x)|eligible(x)∧premiumCustomer(x)∧premiumProduct(y))","For every user and product, if all of the following hold: the user is eligible; the user is a premium customer; and the product is premium, then the system is obligated to recommend the product to the user.",,,
INDUSTRY011,Food Industry,implication,obligation,Food Industry policy requires the recommender to support this commercial objective: Certified products should be recommended to users requiring certified products.,"∀x.∀y.requiresCertifiedProduct(x)∧certified(y)->O(recommend(System,y,x))","For every user and product, if all of the following hold: the product is certified; and the user requires certified products, then the system is obligated to recommend the product to the user.",,,
INDUSTRY011,Food Industry,dyadic,obligation,Food Industry policy requires the recommender to support this commercial objective: Certified products should be recommended to users requiring certified products.,"∀x.∀y.O(recommend(System,y,x)|requiresCertifiedProduct(x)∧certified(y))","For every user and product, if all of the following hold: the product is certified; and the user requires certified products, then the system is obligated to recommend the product to the user.",,,
INDUSTRY012,Food Industry,implication,permission,Food Industry policy permits the recommender to use this market placement rule: Certified products may be promoted when they are available.,"∀x.∀y.certified(y)∧available(y)->P(recommend(System,y,x))","For every user and product, if all of the following hold: the product is available; and the product is certified, then the system is permitted to recommend the product to the user.",,,
INDUSTRY012,Food Industry,dyadic,permission,Food Industry policy permits the recommender to use this market placement rule: Certified products may be promoted when they are available.,"∀x.∀y.P(recommend(System,y,x)|certified(y)∧available(y))","For every user and product, if all of the following hold: the product is available; and the product is certified, then the system is permitted to recommend the product to the user.",,,
INDUSTRY013,Food Industry,implication,prohibition,Food Industry compliance prohibits the recommender from violating this product-suitability rule: Uncertified products should not be recommended to users requiring certified products.,"∀x.∀y.requiresCertifiedProduct(x)∧¬certified(y)->F(recommend(System,y,x))","For every user and product, if all of the following hold: the user requires certified products; and it is not the case that the product is certified, then the system is prohibited from recommending the product to the user.",,,
INDUSTRY013,Food Industry,dyadic,prohibition,Food Industry compliance prohibits the recommender from violating this product-suitability rule: Uncertified products should not be recommended to users requiring certified products.,"∀x.∀y.F(recommend(System,y,x)|requiresCertifiedProduct(x)∧¬certified(y))","For every user and product, if all of the following hold: the user requires certified products; and it is not the case that the product is certified, then the system is prohibited from recommending the product to the user.",,,
INDUSTRY014,Food Industry,implication,obligation,Food Industry policy requires the recommender to support this commercial objective: Certified healthy products should be recommended to eligible users.,"∀x.∀y.eligible(x)∧certified(y)∧healthyMeal(y)->O(recommend(System,y,x))","For every user and product, if all of the following hold: the product is certified; the user is eligible; and the product is a healthy meal, then the system is obligated to recommend the product to the user.",,,
INDUSTRY014,Food Industry,dyadic,obligation,Food Industry policy requires the recommender to support this commercial objective: Certified healthy products should be recommended to eligible users.,"∀x.∀y.O(recommend(System,y,x)|eligible(x)∧certified(y)∧healthyMeal(y))","For every user and product, if all of the following hold: the product is certified; the user is eligible; and the product is a healthy meal, then the system is obligated to recommend the product to the user.",,,
INDUSTRY015,Food Industry,implication,prohibition,Food Industry compliance prohibits the recommender from violating this product-suitability rule: Certified products should not be recommended when they are restricted.,"∀x.∀y.certified(y)∧restricted(y)->F(recommend(System,y,x))","For every user and product, if all of the following hold: the product is certified; and the product is restricted, then the system is prohibited from recommending the product to the user.",,,
INDUSTRY015,Food Industry,dyadic,prohibition,Food Industry compliance prohibits the recommender from violating this product-suitability rule: Certified products should not be recommended when they are restricted.,"∀x.∀y.F(recommend(System,y,x)|certified(y)∧restricted(y))","For every user and product, if all of the following hold: the product is certified; and the product is restricted, then the system is prohibited from recommending the product to the user.",,,
INDUSTRY016,Food Industry,implication,obligation,Food Industry policy requires the recommender to support this commercial objective: Users interested in discounted food should receive discounted product recommendations.,"∀x.∀y.interestedIn(x,DiscountedFood)∧discounted(y)->O(recommend(System,y,x))","For every user and product, if all of the following hold: the product is discounted; and the user is interested in discounted food, then the system is obligated to recommend the product to the user.",,,
INDUSTRY016,Food Industry,dyadic,obligation,Food Industry policy requires the recommender to support this commercial objective: Users interested in discounted food should receive discounted product recommendations.,"∀x.∀y.O(recommend(System,y,x)|interestedIn(x,DiscountedFood)∧discounted(y))","For every user and product, if all of the following hold: the product is discounted; and the user is interested in discounted food, then the system is obligated to recommend the product to the user.",,,
INDUSTRY017,Food Industry,implication,permission,Food Industry policy permits the recommender to use this market placement rule: Loyal customers may receive discounted seasonal products.,"∀x.∀y.loyalCustomer(x)∧discounted(y)∧seasonal(y)->P(recommend(System,y,x))","For every user and product, if all of the following hold: the product is discounted; the user is a loyal customer; and the product is seasonal, then the system is permitted to recommend the product to the user.",,,
INDUSTRY017,Food Industry,dyadic,permission,Food Industry policy permits the recommender to use this market placement rule: Loyal customers may receive discounted seasonal products.,"∀x.∀y.P(recommend(System,y,x)|loyalCustomer(x)∧discounted(y)∧seasonal(y))","For every user and product, if all of the following hold: the product is discounted; the user is a loyal customer; and the product is seasonal, then the system is permitted to recommend the product to the user.",,,
INDUSTRY018,Food Industry,implication,prohibition,Food Industry compliance prohibits the recommender from violating this product-suitability rule: Users avoiding discounted products should not receive discounted product recommendations.,"∀x.∀y.avoids(x,y)∧discounted(y)->F(recommend(System,y,x))","For every user and product, if all of the following hold: the user avoids the product; and the product is discounted, then the system is prohibited from recommending the product to the user.",,,
INDUSTRY018,Food Industry,dyadic,prohibition,Food Industry compliance prohibits the recommender from violating this product-suitability rule: Users avoiding discounted products should not receive discounted product recommendations.,"∀x.∀y.F(recommend(System,y,x)|avoids(x,y)∧discounted(y))","For every user and product, if all of the following hold: the user avoids the product; and the product is discounted, then the system is prohibited from recommending the product to the user.",,,
INDUSTRY019,Food Industry,implication,obligation,Food Industry policy requires the recommender to support this commercial objective: Discounted products should be recommended when they are available.,"∀x.∀y.discounted(y)∧available(y)->O(recommend(System,y,x))","For every user and product, if all of the following hold: the product is available; and the product is discounted, then the system is obligated to recommend the product to the user.",,,
INDUSTRY019,Food Industry,dyadic,obligation,Food Industry policy requires the recommender to support this commercial objective: Discounted products should be recommended when they are available.,"∀x.∀y.O(recommend(System,y,x)|discounted(y)∧available(y))","For every user and product, if all of the following hold: the product is available; and the product is discounted, then the system is obligated to recommend the product to the user.",,,
INDUSTRY020,Food Industry,implication,permission,Food Industry policy permits the recommender to use this market placement rule: Discounted products may be recommended to eligible adults.,"∀x.∀y.eligible(x)∧adult(x)∧discounted(y)->P(recommend(System,y,x))","For every user and product, if all of the following hold: the user is an adult; the product is discounted; and the user is eligible, then the system is permitted to recommend the product to the user.",,,
INDUSTRY020,Food Industry,dyadic,permission,Food Industry policy permits the recommender to use this market placement rule: Discounted products may be recommended to eligible adults.,"∀x.∀y.P(recommend(System,y,x)|eligible(x)∧adult(x)∧discounted(y))","For every user and product, if all of the following hold: the user is an adult; the product is discounted; and the user is eligible, then the system is permitted to recommend the product to the user.",,,
INDUSTRY021,Food Industry,implication,obligation,Food Industry policy requires the recommender to support this commercial objective: Seasonal products should be recommended during seasonal campaigns.,"∀x.∀y.seasonal(y)∧available(y)->O(recommend(System,y,x))","For every user and product, if all of the following hold: the product is available; and the product is seasonal, then the system is obligated to recommend the product to the user.",,,
INDUSTRY021,Food Industry,dyadic,obligation,Food Industry policy requires the recommender to support this commercial objective: Seasonal products should be recommended during seasonal campaigns.,"∀x.∀y.O(recommend(System,y,x)|seasonal(y)∧available(y))","For every user and product, if all of the following hold: the product is available; and the product is seasonal, then the system is obligated to recommend the product to the user.",,,
INDUSTRY022,Food Industry,implication,permission,Food Industry policy permits the recommender to use this market placement rule: Users interested in seasonal food may receive seasonal product recommendations.,"∀x.∀y.interestedIn(x,SeasonalFood)∧seasonal(y)->P(recommend(System,y,x))","For every user and product, if all of the following hold: the user is interested in seasonal food; and the product is seasonal, then the system is permitted to recommend the product to the user.",,,
INDUSTRY022,Food Industry,dyadic,permission,Food Industry policy permits the recommender to use this market placement rule: Users interested in seasonal food may receive seasonal product recommendations.,"∀x.∀y.P(recommend(System,y,x)|interestedIn(x,SeasonalFood)∧seasonal(y))","For every user and product, if all of the following hold: the user is interested in seasonal food; and the product is seasonal, then the system is permitted to recommend the product to the user.",,,
INDUSTRY023,Food Industry,implication,prohibition,Food Industry compliance prohibits the recommender from violating this product-suitability rule: Seasonal products should not be recommended when unavailable.,"∀x.∀y.seasonal(y)∧¬available(y)->F(recommend(System,y,x))","For every user and product, if all of the following hold: the product is seasonal; and it is not the case that the product is available, then the system is prohibited from recommending the product to the user.",,,
INDUSTRY023,Food Industry,dyadic,prohibition,Food Industry compliance prohibits the recommender from violating this product-suitability rule: Seasonal products should not be recommended when unavailable.,"∀x.∀y.F(recommend(System,y,x)|seasonal(y)∧¬available(y))","For every user and product, if all of the following hold: the product is seasonal; and it is not the case that the product is available, then the system is prohibited from recommending the product to the user.",,,
INDUSTRY024,Food Industry,implication,obligation,Food Industry policy requires the recommender to support this commercial objective: Loyal customers should receive available seasonal product recommendations.,"∀x.∀y.loyalCustomer(x)∧seasonal(y)∧available(y)->O(recommend(System,y,x))","For every user and product, if all of the following hold: the product is available; the user is a loyal customer; and the product is seasonal, then the system is obligated to recommend the product to the user.",,,
INDUSTRY024,Food Industry,dyadic,obligation,Food Industry policy requires the recommender to support this commercial objective: Loyal customers should receive available seasonal product recommendations.,"∀x.∀y.O(recommend(System,y,x)|loyalCustomer(x)∧seasonal(y)∧available(y))","For every user and product, if all of the following hold: the product is available; the user is a loyal customer; and the product is seasonal, then the system is obligated to recommend the product to the user.",,,
INDUSTRY025,Food Industry,implication,permission,Food Industry policy permits the recommender to use this market placement rule: Seasonal products may be recommended to adults when approved.,"∀x.∀y.adult(x)∧seasonal(y)∧approved(y)->P(recommend(System,y,x))","For every user and product, if all of the following hold: the user is an adult; the product is approved; and the product is seasonal, then the system is permitted to recommend the product to the user.",,,
INDUSTRY025,Food Industry,dyadic,permission,Food Industry policy permits the recommender to use this market placement rule: Seasonal products may be recommended to adults when approved.,"∀x.∀y.P(recommend(System,y,x)|adult(x)∧seasonal(y)∧approved(y))","For every user and product, if all of the following hold: the user is an adult; the product is approved; and the product is seasonal, then the system is permitted to recommend the product to the user.",,,
INDUSTRY026,Food Industry,implication,obligation,Food Industry policy requires the recommender to support this commercial objective: Users interested in new products should receive new product recommendations.,"∀x.∀y.interestedIn(x,NewProduct)∧newProduct(y)->O(recommend(System,y,x))","For every user and product, if all of the following hold: the user is interested in new products; and the product is new, then the system is obligated to recommend the product to the user.",,,
INDUSTRY026,Food Industry,dyadic,obligation,Food Industry policy requires the recommender to support this commercial objective: Users interested in new products should receive new product recommendations.,"∀x.∀y.O(recommend(System,y,x)|interestedIn(x,NewProduct)∧newProduct(y))","For every user and product, if all of the following hold: the user is interested in new products; and the product is new, then the system is obligated to recommend the product to the user.",,,
INDUSTRY027,Food Industry,implication,permission,Food Industry policy permits the recommender to use this market placement rule: New products may be recommended to eligible users.,"∀x.∀y.eligible(x)∧newProduct(y)->P(recommend(System,y,x))","For every user and product, if all of the following hold: the user is eligible; and the product is new, then the system is permitted to recommend the product to the user.",,,
INDUSTRY027,Food Industry,dyadic,permission,Food Industry policy permits the recommender to use this market placement rule: New products may be recommended to eligible users.,"∀x.∀y.P(recommend(System,y,x)|eligible(x)∧newProduct(y))","For every user and product, if all of the following hold: the user is eligible; and the product is new, then the system is permitted to recommend the product to the user.",,,
INDUSTRY028,Food Industry,implication,prohibition,Food Industry compliance prohibits the recommender from violating this product-suitability rule: New products should not be recommended when restricted.,"∀x.∀y.newProduct(y)∧restricted(y)->F(recommend(System,y,x))","For every user and product, if all of the following hold: the product is new; and the product is restricted, then the system is prohibited from recommending the product to the user.",,,
INDUSTRY028,Food Industry,dyadic,prohibition,Food Industry compliance prohibits the recommender from violating this product-suitability rule: New products should not be recommended when restricted.,"∀x.∀y.F(recommend(System,y,x)|newProduct(y)∧restricted(y))","For every user and product, if all of the following hold: the product is new; and the product is restricted, then the system is prohibited from recommending the product to the user.",,,
INDUSTRY029,Food Industry,implication,obligation,Food Industry policy requires the recommender to support this commercial objective: New approved products should be promoted to adults.,"∀x.∀y.adult(x)∧newProduct(y)∧approved(y)->O(recommend(System,y,x))","For every user and product, if all of the following hold: the user is an adult; the product is approved; and the product is new, then the system is obligated to recommend the product to the user.",,,
INDUSTRY029,Food Industry,dyadic,obligation,Food Industry policy requires the recommender to support this commercial objective: New approved products should be promoted to adults.,"∀x.∀y.O(recommend(System,y,x)|adult(x)∧newProduct(y)∧approved(y))","For every user and product, if all of the following hold: the user is an adult; the product is approved; and the product is new, then the system is obligated to recommend the product to the user.",,,
INDUSTRY030,Food Industry,implication,permission,Food Industry policy permits the recommender to use this market placement rule: New products may be recommended when they are available.,"∀x.∀y.newProduct(y)∧available(y)->P(recommend(System,y,x))","For every user and product, if all of the following hold: the product is available; and the product is new, then the system is permitted to recommend the product to the user.",,,
INDUSTRY030,Food Industry,dyadic,permission,Food Industry policy permits the recommender to use this market placement rule: New products may be recommended when they are available.,"∀x.∀y.P(recommend(System,y,x)|newProduct(y)∧available(y))","For every user and product, if all of the following hold: the product is available; and the product is new, then the system is permitted to recommend the product to the user.",,,
INDUSTRY031,Food Industry,implication,obligation,Food Industry policy requires the recommender to support this commercial objective: Users interested in local food should receive local product recommendations.,"∀x.∀y.interestedIn(x,LocalFood)∧localProduct(y)->O(recommend(System,y,x))","For every user and product, if all of the following hold: the user is interested in local food; and the product is local, then the system is obligated to recommend the product to the user.",,,
INDUSTRY031,Food Industry,dyadic,obligation,Food Industry policy requires the recommender to support this commercial objective: Users interested in local food should receive local product recommendations.,"∀x.∀y.O(recommend(System,y,x)|interestedIn(x,LocalFood)∧localProduct(y))","For every user and product, if all of the following hold: the user is interested in local food; and the product is local, then the system is obligated to recommend the product to the user.",,,
INDUSTRY032,Food Industry,implication,permission,Food Industry policy permits the recommender to use this market placement rule: Local products may be recommended when available.,"∀x.∀y.localProduct(y)∧available(y)->P(recommend(System,y,x))","For every user and product, if all of the following hold: the product is available; and the product is local, then the system is permitted to recommend the product to the user.",,,
INDUSTRY032,Food Industry,dyadic,permission,Food Industry policy permits the recommender to use this market placement rule: Local products may be recommended when available.,"∀x.∀y.P(recommend(System,y,x)|localProduct(y)∧available(y))","For every user and product, if all of the following hold: the product is available; and the product is local, then the system is permitted to recommend the product to the user.",,,
INDUSTRY033,Food Industry,implication,prohibition,Food Industry compliance prohibits the recommender from violating this product-suitability rule: Unavailable local products should not be recommended.,"∀x.∀y.localProduct(y)∧¬available(y)->F(recommend(System,y,x))","For every user and product, if all of the following hold: the product is local; and it is not the case that the product is available, then the system is prohibited from recommending the product to the user.",,,
INDUSTRY033,Food Industry,dyadic,prohibition,Food Industry compliance prohibits the recommender from violating this product-suitability rule: Unavailable local products should not be recommended.,"∀x.∀y.F(recommend(System,y,x)|localProduct(y)∧¬available(y))","For every user and product, if all of the following hold: the product is local; and it is not the case that the product is available, then the system is prohibited from recommending the product to the user.",,,
INDUSTRY034,Food Industry,implication,obligation,Food Industry policy requires the recommender to support this commercial objective: Local sustainable products should be recommended to users interested in local food.,"∀x.∀y.interestedIn(x,LocalFood)∧localProduct(y)∧sustainable(y)->O(recommend(System,y,x))","For every user and product, if all of the following hold: the user is interested in local food; the product is local; and the product is sustainable, then the system is obligated to recommend the product to the user.",,,
INDUSTRY034,Food Industry,dyadic,obligation,Food Industry policy requires the recommender to support this commercial objective: Local sustainable products should be recommended to users interested in local food.,"∀x.∀y.O(recommend(System,y,x)|interestedIn(x,LocalFood)∧localProduct(y)∧sustainable(y))","For every user and product, if all of the following hold: the user is interested in local food; the product is local; and the product is sustainable, then the system is obligated to recommend the product to the user.",,,
INDUSTRY035,Food Industry,implication,permission,Food Industry policy permits the recommender to use this market placement rule: Local products may be recommended to loyal customers.,"∀x.∀y.loyalCustomer(x)∧localProduct(y)->P(recommend(System,y,x))","For every user and product, if all of the following hold: the product is local; and the user is a loyal customer, then the system is permitted to recommend the product to the user.",,,
INDUSTRY035,Food Industry,dyadic,permission,Food Industry policy permits the recommender to use this market placement rule: Local products may be recommended to loyal customers.,"∀x.∀y.P(recommend(System,y,x)|loyalCustomer(x)∧localProduct(y))","For every user and product, if all of the following hold: the product is local; and the user is a loyal customer, then the system is permitted to recommend the product to the user.",,,
INDUSTRY036,Food Industry,implication,obligation,Food Industry policy requires the recommender to support this commercial objective: Users interested in sustainable food should receive sustainable product recommendations.,"∀x.∀y.interestedIn(x,SustainableFood)∧sustainable(y)->O(recommend(System,y,x))","For every user and product, if all of the following hold: the user is interested in sustainable food; and the product is sustainable, then the system is obligated to recommend the product to the user.",,,
INDUSTRY036,Food Industry,dyadic,obligation,Food Industry policy requires the recommender to support this commercial objective: Users interested in sustainable food should receive sustainable product recommendations.,"∀x.∀y.O(recommend(System,y,x)|interestedIn(x,SustainableFood)∧sustainable(y))","For every user and product, if all of the following hold: the user is interested in sustainable food; and the product is sustainable, then the system is obligated to recommend the product to the user.",,,
INDUSTRY037,Food Industry,implication,permission,Food Industry policy permits the recommender to use this market placement rule: Sustainable products may be recommended when available.,"∀x.∀y.sustainable(y)∧available(y)->P(recommend(System,y,x))","For every user and product, if all of the following hold: the product is available; and the product is sustainable, then the system is permitted to recommend the product to the user.",,,
INDUSTRY037,Food Industry,dyadic,permission,Food Industry policy permits the recommender to use this market placement rule: Sustainable products may be recommended when available.,"∀x.∀y.P(recommend(System,y,x)|sustainable(y)∧available(y))","For every user and product, if all of the following hold: the product is available; and the product is sustainable, then the system is permitted to recommend the product to the user.",,,
INDUSTRY038,Food Industry,implication,prohibition,Food Industry compliance prohibits the recommender from violating this product-suitability rule: Sustainable products should not be recommended when sustainability claims are misleading.,"∀x.∀y.sustainable(y)∧misleadingClaim(y)->F(recommend(System,y,x))","For every user and product, if all of the following hold: the product has a misleading claim; and the product is sustainable, then the system is prohibited from recommending the product to the user.",,,
INDUSTRY038,Food Industry,dyadic,prohibition,Food Industry compliance prohibits the recommender from violating this product-suitability rule: Sustainable products should not be recommended when sustainability claims are misleading.,"∀x.∀y.F(recommend(System,y,x)|sustainable(y)∧misleadingClaim(y))","For every user and product, if all of the following hold: the product has a misleading claim; and the product is sustainable, then the system is prohibited from recommending the product to the user.",,,
INDUSTRY039,Food Industry,implication,obligation,Food Industry policy requires the recommender to support this commercial objective: Certified sustainable products should be recommended to eligible users.,"∀x.∀y.eligible(x)∧sustainable(y)∧certified(y)->O(recommend(System,y,x))","For every user and product, if all of the following hold: the product is certified; the user is eligible; and the product is sustainable, then the system is obligated to recommend the product to the user.",,,
INDUSTRY039,Food Industry,dyadic,obligation,Food Industry policy requires the recommender to support this commercial objective: Certified sustainable products should be recommended to eligible users.,"∀x.∀y.O(recommend(System,y,x)|eligible(x)∧sustainable(y)∧certified(y))","For every user and product, if all of the following hold: the product is certified; the user is eligible; and the product is sustainable, then the system is obligated to recommend the product to the user.",,,
INDUSTRY040,Food Industry,implication,permission,Food Industry policy permits the recommender to use this market placement rule: Sustainable products may be recommended to premium customers.,"∀x.∀y.premiumCustomer(x)∧sustainable(y)->P(recommend(System,y,x))","For every user and product, if all of the following hold: the user is a premium customer; and the product is sustainable, then the system is permitted to recommend the product to the user.",,,
INDUSTRY040,Food Industry,dyadic,permission,Food Industry policy permits the recommender to use this market placement rule: Sustainable products may be recommended to premium customers.,"∀x.∀y.P(recommend(System,y,x)|premiumCustomer(x)∧sustainable(y))","For every user and product, if all of the following hold: the user is a premium customer; and the product is sustainable, then the system is permitted to recommend the product to the user.",,,
INDUSTRY041,Food Industry,implication,obligation,Food Industry policy requires the recommender to support this commercial objective: Organic products should be recommended to users preferring organic products.,"∀x.∀y.prefers(x,y)∧organic(y)->O(recommend(System,y,x))","For every user and product, if all of the following hold: the product is organic; and the user prefers the product, then the system is obligated to recommend the product to the user.",,,
INDUSTRY041,Food Industry,dyadic,obligation,Food Industry policy requires the recommender to support this commercial objective: Organic products should be recommended to users preferring organic products.,"∀x.∀y.O(recommend(System,y,x)|prefers(x,y)∧organic(y))","For every user and product, if all of the following hold: the product is organic; and the user prefers the product, then the system is obligated to recommend the product to the user.",,,
INDUSTRY042,Food Industry,implication,permission,Food Industry policy permits the recommender to use this market placement rule: Organic products may be recommended when verified.,"∀x.∀y.organic(y)∧verifiedClaim(y)->P(recommend(System,y,x))","For every user and product, if all of the following hold: the product is organic; and the product has a verified claim, then the system is permitted to recommend the product to the user.",,,
INDUSTRY042,Food Industry,dyadic,permission,Food Industry policy permits the recommender to use this market placement rule: Organic products may be recommended when verified.,"∀x.∀y.P(recommend(System,y,x)|organic(y)∧verifiedClaim(y))","For every user and product, if all of the following hold: the product is organic; and the product has a verified claim, then the system is permitted to recommend the product to the user.",,,
INDUSTRY043,Food Industry,implication,prohibition,Food Industry compliance prohibits the recommender from violating this product-suitability rule: Organic products should not be recommended when organic claims are misleading.,"∀x.∀y.organic(y)∧misleadingClaim(y)->F(recommend(System,y,x))","For every user and product, if all of the following hold: the product has a misleading claim; and the product is organic, then the system is prohibited from recommending the product to the user.",,,
INDUSTRY043,Food Industry,dyadic,prohibition,Food Industry compliance prohibits the recommender from violating this product-suitability rule: Organic products should not be recommended when organic claims are misleading.,"∀x.∀y.F(recommend(System,y,x)|organic(y)∧misleadingClaim(y))","For every user and product, if all of the following hold: the product has a misleading claim; and the product is organic, then the system is prohibited from recommending the product to the user.",,,
INDUSTRY044,Food Industry,implication,obligation,Food Industry policy requires the recommender to support this commercial objective: Certified organic products should be promoted to eligible users.,"∀x.∀y.eligible(x)∧organic(y)∧certified(y)->O(recommend(System,y,x))","For every user and product, if all of the following hold: the product is certified; the user is eligible; and the product is organic, then the system is obligated to recommend the product to the user.",,,
INDUSTRY044,Food Industry,dyadic,obligation,Food Industry policy requires the recommender to support this commercial objective: Certified organic products should be promoted to eligible users.,"∀x.∀y.O(recommend(System,y,x)|eligible(x)∧organic(y)∧certified(y))","For every user and product, if all of the following hold: the product is certified; the user is eligible; and the product is organic, then the system is obligated to recommend the product to the user.",,,
INDUSTRY045,Food Industry,implication,permission,Food Industry policy permits the recommender to use this market placement rule: Organic products may be recommended to loyal customers.,"∀x.∀y.loyalCustomer(x)∧organic(y)->P(recommend(System,y,x))","For every user and product, if all of the following hold: the user is a loyal customer; and the product is organic, then the system is permitted to recommend the product to the user.",,,
INDUSTRY045,Food Industry,dyadic,permission,Food Industry policy permits the recommender to use this market placement rule: Organic products may be recommended to loyal customers.,"∀x.∀y.P(recommend(System,y,x)|loyalCustomer(x)∧organic(y))","For every user and product, if all of the following hold: the user is a loyal customer; and the product is organic, then the system is permitted to recommend the product to the user.",,,
INDUSTRY046,Food Industry,implication,obligation,Food Industry policy requires the recommender to support this commercial objective: Affordable products should be recommended to users preferring affordable meals.,"∀x.∀y.prefers(x,y)∧affordable(y)->O(recommend(System,y,x))","For every user and product, if all of the following hold: the product is affordable; and the user prefers the product, then the system is obligated to recommend the product to the user.",,,
INDUSTRY046,Food Industry,dyadic,obligation,Food Industry policy requires the recommender to support this commercial objective: Affordable products should be recommended to users preferring affordable meals.,"∀x.∀y.O(recommend(System,y,x)|prefers(x,y)∧affordable(y))","For every user and product, if all of the following hold: the product is affordable; and the user prefers the product, then the system is obligated to recommend the product to the user.",,,
INDUSTRY047,Food Industry,implication,permission,Food Industry policy permits the recommender to use this market placement rule: Affordable products may be recommended when available.,"∀x.∀y.affordable(y)∧available(y)->P(recommend(System,y,x))","For every user and product, if all of the following hold: the product is affordable; and the product is available, then the system is permitted to recommend the product to the user.",,,
INDUSTRY047,Food Industry,dyadic,permission,Food Industry policy permits the recommender to use this market placement rule: Affordable products may be recommended when available.,"∀x.∀y.P(recommend(System,y,x)|affordable(y)∧available(y))","For every user and product, if all of the following hold: the product is affordable; and the product is available, then the system is permitted to recommend the product to the user.",,,
INDUSTRY048,Food Industry,implication,prohibition,Food Industry compliance prohibits the recommender from violating this product-suitability rule: Unaffordable products should not be recommended to users preferring affordable meals.,"∀x.∀y.prefers(x,y)∧unaffordable(y)->F(recommend(System,y,x))","For every user and product, if all of the following hold: the user prefers the product; and the product is unaffordable, then the system is prohibited from recommending the product to the user.",,,
INDUSTRY048,Food Industry,dyadic,prohibition,Food Industry compliance prohibits the recommender from violating this product-suitability rule: Unaffordable products should not be recommended to users preferring affordable meals.,"∀x.∀y.F(recommend(System,y,x)|prefers(x,y)∧unaffordable(y))","For every user and product, if all of the following hold: the user prefers the product; and the product is unaffordable, then the system is prohibited from recommending the product to the user.",,,
INDUSTRY049,Food Industry,implication,obligation,Food Industry policy requires the recommender to support this commercial objective: Affordable sponsored products should be recommended to eligible users.,"∀x.∀y.eligible(x)∧affordable(y)∧sponsored(y)->O(recommend(System,y,x))","For every user and product, if all of the following hold: the product is affordable; the user is eligible; and the product is sponsored, then the system is obligated to recommend the product to the user.",,,
INDUSTRY049,Food Industry,dyadic,obligation,Food Industry policy requires the recommender to support this commercial objective: Affordable sponsored products should be recommended to eligible users.,"∀x.∀y.O(recommend(System,y,x)|eligible(x)∧affordable(y)∧sponsored(y))","For every user and product, if all of the following hold: the product is affordable; the user is eligible; and the product is sponsored, then the system is obligated to recommend the product to the user.",,,
INDUSTRY050,Food Industry,implication,permission,Food Industry policy permits the recommender to use this market placement rule: Affordable products may be recommended to adults.,"∀x.∀y.adult(x)∧affordable(y)->P(recommend(System,y,x))","For every user and product, if all of the following hold: the user is an adult; and the product is affordable, then the system is permitted to recommend the product to the user.",,,
INDUSTRY050,Food Industry,dyadic,permission,Food Industry policy permits the recommender to use this market placement rule: Affordable products may be recommended to adults.,"∀x.∀y.P(recommend(System,y,x)|adult(x)∧affordable(y))","For every user and product, if all of the following hold: the user is an adult; and the product is affordable, then the system is permitted to recommend the product to the user.",,,
INDUSTRY051,Food Industry,implication,obligation,Food Industry policy requires the recommender to support this commercial objective: Users requiring halal food should receive certified halal product recommendations.,"∀x.∀y.requiresHalal(x)∧certifiedHalal(y)->O(recommend(System,y,x))","For every user and product, if all of the following hold: the product is certified halal; and the user requires halal food, then the system is obligated to recommend the product to the user.",,,
INDUSTRY051,Food Industry,dyadic,obligation,Food Industry policy requires the recommender to support this commercial objective: Users requiring halal food should receive certified halal product recommendations.,"∀x.∀y.O(recommend(System,y,x)|requiresHalal(x)∧certifiedHalal(y))","For every user and product, if all of the following hold: the product is certified halal; and the user requires halal food, then the system is obligated to recommend the product to the user.",,,
INDUSTRY052,Food Industry,implication,permission,Food Industry policy permits the recommender to use this market placement rule: Halal certified products may be recommended to users requiring halal food.,"∀x.∀y.requiresHalal(x)∧certifiedHalal(y)∧available(y)->P(recommend(System,y,x))","For every user and product, if all of the following hold: the product is available; the product is certified halal; and the user requires halal food, then the system is permitted to recommend the product to the user.",,,
INDUSTRY052,Food Industry,dyadic,permission,Food Industry policy permits the recommender to use this market placement rule: Halal certified products may be recommended to users requiring halal food.,"∀x.∀y.P(recommend(System,y,x)|requiresHalal(x)∧certifiedHalal(y)∧available(y))","For every user and product, if all of the following hold: the product is available; the product is certified halal; and the user requires halal food, then the system is permitted to recommend the product to the user.",,,
INDUSTRY053,Food Industry,implication,prohibition,Food Industry compliance prohibits the recommender from violating this product-suitability rule: Products without halal certification should not be recommended to users requiring halal food.,"∀x.∀y.requiresHalal(x)∧¬certifiedHalal(y)->F(recommend(System,y,x))","For every user and product, if all of the following hold: the user requires halal food; and it is not the case that the product is certified halal, then the system is prohibited from recommending the product to the user.",,,
INDUSTRY053,Food Industry,dyadic,prohibition,Food Industry compliance prohibits the recommender from violating this product-suitability rule: Products without halal certification should not be recommended to users requiring halal food.,"∀x.∀y.F(recommend(System,y,x)|requiresHalal(x)∧¬certifiedHalal(y))","For every user and product, if all of the following hold: the user requires halal food; and it is not the case that the product is certified halal, then the system is prohibited from recommending the product to the user.",,,
INDUSTRY054,Food Industry,implication,obligation,Food Industry policy requires the recommender to support this commercial objective: Halal certified sponsored products should be promoted to eligible halal users.,"∀x.∀y.eligible(x)∧requiresHalal(x)∧certifiedHalal(y)∧sponsored(y)->O(recommend(System,y,x))","For every user and product, if all of the following hold: the product is certified halal; the user is eligible; the user requires halal food; and the product is sponsored, then the system is obligated to recommend the product to the user.",,,
INDUSTRY054,Food Industry,dyadic,obligation,Food Industry policy requires the recommender to support this commercial objective: Halal certified sponsored products should be promoted to eligible halal users.,"∀x.∀y.O(recommend(System,y,x)|eligible(x)∧requiresHalal(x)∧certifiedHalal(y)∧sponsored(y))","For every user and product, if all of the following hold: the product is certified halal; the user is eligible; the user requires halal food; and the product is sponsored, then the system is obligated to recommend the product to the user.",,,
INDUSTRY055,Food Industry,implication,permission,Food Industry policy permits the recommender to use this market placement rule: Halal certified products may be recommended when approved.,"∀x.∀y.certifiedHalal(y)∧approved(y)->P(recommend(System,y,x))","For every user and product, if all of the following hold: the product is approved; and the product is certified halal, then the system is permitted to recommend the product to the user.",,,
INDUSTRY055,Food Industry,dyadic,permission,Food Industry policy permits the recommender to use this market placement rule: Halal certified products may be recommended when approved.,"∀x.∀y.P(recommend(System,y,x)|certifiedHalal(y)∧approved(y))","For every user and product, if all of the following hold: the product is approved; and the product is certified halal, then the system is permitted to recommend the product to the user.",,,
INDUSTRY056,Food Industry,implication,obligation,Food Industry policy requires the recommender to support this commercial objective: Users requiring kosher food should receive certified kosher product recommendations.,"∀x.∀y.requiresKosher(x)∧certifiedKosher(y)->O(recommend(System,y,x))","For every user and product, if all of the following hold: the product is certified kosher; and the user requires kosher food, then the system is obligated to recommend the product to the user.",,,
INDUSTRY056,Food Industry,dyadic,obligation,Food Industry policy requires the recommender to support this commercial objective: Users requiring kosher food should receive certified kosher product recommendations.,"∀x.∀y.O(recommend(System,y,x)|requiresKosher(x)∧certifiedKosher(y))","For every user and product, if all of the following hold: the product is certified kosher; and the user requires kosher food, then the system is obligated to recommend the product to the user.",,,
INDUSTRY057,Food Industry,implication,permission,Food Industry policy permits the recommender to use this market placement rule: Kosher certified products may be recommended to users requiring kosher food.,"∀x.∀y.requiresKosher(x)∧certifiedKosher(y)∧available(y)->P(recommend(System,y,x))","For every user and product, if all of the following hold: the product is available; the product is certified kosher; and the user requires kosher food, then the system is permitted to recommend the product to the user.",,,
INDUSTRY057,Food Industry,dyadic,permission,Food Industry policy permits the recommender to use this market placement rule: Kosher certified products may be recommended to users requiring kosher food.,"∀x.∀y.P(recommend(System,y,x)|requiresKosher(x)∧certifiedKosher(y)∧available(y))","For every user and product, if all of the following hold: the product is available; the product is certified kosher; and the user requires kosher food, then the system is permitted to recommend the product to the user.",,,
INDUSTRY058,Food Industry,implication,prohibition,Food Industry compliance prohibits the recommender from violating this product-suitability rule: Products without kosher certification should not be recommended to users requiring kosher food.,"∀x.∀y.requiresKosher(x)∧¬certifiedKosher(y)->F(recommend(System,y,x))","For every user and product, if all of the following hold: the user requires kosher food; and it is not the case that the product is certified kosher, then the system is prohibited from recommending the product to the user.",,,
INDUSTRY058,Food Industry,dyadic,prohibition,Food Industry compliance prohibits the recommender from violating this product-suitability rule: Products without kosher certification should not be recommended to users requiring kosher food.,"∀x.∀y.F(recommend(System,y,x)|requiresKosher(x)∧¬certifiedKosher(y))","For every user and product, if all of the following hold: the user requires kosher food; and it is not the case that the product is certified kosher, then the system is prohibited from recommending the product to the user.",,,
INDUSTRY059,Food Industry,implication,obligation,Food Industry policy requires the recommender to support this commercial objective: Kosher certified sponsored products should be promoted to eligible kosher users.,"∀x.∀y.eligible(x)∧requiresKosher(x)∧certifiedKosher(y)∧sponsored(y)->O(recommend(System,y,x))","For every user and product, if all of the following hold: the product is certified kosher; the user is eligible; the user requires kosher food; and the product is sponsored, then the system is obligated to recommend the product to the user.",,,
INDUSTRY059,Food Industry,dyadic,obligation,Food Industry policy requires the recommender to support this commercial objective: Kosher certified sponsored products should be promoted to eligible kosher users.,"∀x.∀y.O(recommend(System,y,x)|eligible(x)∧requiresKosher(x)∧certifiedKosher(y)∧sponsored(y))","For every user and product, if all of the following hold: the product is certified kosher; the user is eligible; the user requires kosher food; and the product is sponsored, then the system is obligated to recommend the product to the user.",,,
INDUSTRY060,Food Industry,implication,permission,Food Industry policy permits the recommender to use this market placement rule: Kosher certified products may be recommended when approved.,"∀x.∀y.certifiedKosher(y)∧approved(y)->P(recommend(System,y,x))","For every user and product, if all of the following hold: the product is approved; and the product is certified kosher, then the system is permitted to recommend the product to the user.",,,
INDUSTRY060,Food Industry,dyadic,permission,Food Industry policy permits the recommender to use this market placement rule: Kosher certified products may be recommended when approved.,"∀x.∀y.P(recommend(System,y,x)|certifiedKosher(y)∧approved(y))","For every user and product, if all of the following hold: the product is approved; and the product is certified kosher, then the system is permitted to recommend the product to the user.",,,
INDUSTRY061,Food Industry,implication,obligation,Food Industry policy requires the recommender to support this commercial objective: Users requiring gluten free food should receive certified gluten free product recommendations.,"∀x.∀y.requiresGlutenFree(x)∧certifiedGlutenFree(y)->O(recommend(System,y,x))","For every user and product, if all of the following hold: the product is certified gluten-free; and the user requires gluten-free food, then the system is obligated to recommend the product to the user.",,,
INDUSTRY061,Food Industry,dyadic,obligation,Food Industry policy requires the recommender to support this commercial objective: Users requiring gluten free food should receive certified gluten free product recommendations.,"∀x.∀y.O(recommend(System,y,x)|requiresGlutenFree(x)∧certifiedGlutenFree(y))","For every user and product, if all of the following hold: the product is certified gluten-free; and the user requires gluten-free food, then the system is obligated to recommend the product to the user.",,,
INDUSTRY062,Food Industry,implication,permission,Food Industry policy permits the recommender to use this market placement rule: Certified gluten free products may be recommended to gluten sensitive users.,"∀x.∀y.glutenSensitive(x)∧certifiedGlutenFree(y)->P(recommend(System,y,x))","For every user and product, if all of the following hold: the product is certified gluten-free; and the user is gluten-sensitive, then the system is permitted to recommend the product to the user.",,,
INDUSTRY062,Food Industry,dyadic,permission,Food Industry policy permits the recommender to use this market placement rule: Certified gluten free products may be recommended to gluten sensitive users.,"∀x.∀y.P(recommend(System,y,x)|glutenSensitive(x)∧certifiedGlutenFree(y))","For every user and product, if all of the following hold: the product is certified gluten-free; and the user is gluten-sensitive, then the system is permitted to recommend the product to the user.",,,
INDUSTRY063,Food Industry,implication,prohibition,Food Industry compliance prohibits the recommender from violating this product-suitability rule: Products without gluten free certification should not be recommended to gluten sensitive users.,"∀x.∀y.glutenSensitive(x)∧¬certifiedGlutenFree(y)->F(recommend(System,y,x))","For every user and product, if all of the following hold: the user is gluten-sensitive; and it is not the case that the product is certified gluten-free, then the system is prohibited from recommending the product to the user.",,,
INDUSTRY063,Food Industry,dyadic,prohibition,Food Industry compliance prohibits the recommender from violating this product-suitability rule: Products without gluten free certification should not be recommended to gluten sensitive users.,"∀x.∀y.F(recommend(System,y,x)|glutenSensitive(x)∧¬certifiedGlutenFree(y))","For every user and product, if all of the following hold: the user is gluten-sensitive; and it is not the case that the product is certified gluten-free, then the system is prohibited from recommending the product to the user.",,,
INDUSTRY064,Food Industry,implication,obligation,Food Industry policy requires the recommender to support this commercial objective: Certified gluten free sponsored products should be promoted to eligible gluten free users.,"∀x.∀y.eligible(x)∧requiresGlutenFree(x)∧certifiedGlutenFree(y)∧sponsored(y)->O(recommend(System,y,x))","For every user and product, if all of the following hold: the product is certified gluten-free; the user is eligible; the user requires gluten-free food; and the product is sponsored, then the system is obligated to recommend the product to the user.",,,
INDUSTRY064,Food Industry,dyadic,obligation,Food Industry policy requires the recommender to support this commercial objective: Certified gluten free sponsored products should be promoted to eligible gluten free users.,"∀x.∀y.O(recommend(System,y,x)|eligible(x)∧requiresGlutenFree(x)∧certifiedGlutenFree(y)∧sponsored(y))","For every user and product, if all of the following hold: the product is certified gluten-free; the user is eligible; the user requires gluten-free food; and the product is sponsored, then the system is obligated to recommend the product to the user.",,,
INDUSTRY065,Food Industry,implication,permission,Food Industry policy permits the recommender to use this market placement rule: Certified gluten free products may be recommended when available.,"∀x.∀y.certifiedGlutenFree(y)∧available(y)->P(recommend(System,y,x))","For every user and product, if all of the following hold: the product is available; and the product is certified gluten-free, then the system is permitted to recommend the product to the user.",,,
INDUSTRY065,Food Industry,dyadic,permission,Food Industry policy permits the recommender to use this market placement rule: Certified gluten free products may be recommended when available.,"∀x.∀y.P(recommend(System,y,x)|certifiedGlutenFree(y)∧available(y))","For every user and product, if all of the following hold: the product is available; and the product is certified gluten-free, then the system is permitted to recommend the product to the user.",,,
INDUSTRY066,Food Industry,implication,obligation,Food Industry policy requires the recommender to support this commercial objective: Users requiring lactose free food should receive certified lactose free product recommendations.,"∀x.∀y.requiresLactoseFree(x)∧certifiedLactoseFree(y)->O(recommend(System,y,x))","For every user and product, if all of the following hold: the product is certified lactose-free; and the user requires lactose-free food, then the system is obligated to recommend the product to the user.",,,
INDUSTRY066,Food Industry,dyadic,obligation,Food Industry policy requires the recommender to support this commercial objective: Users requiring lactose free food should receive certified lactose free product recommendations.,"∀x.∀y.O(recommend(System,y,x)|requiresLactoseFree(x)∧certifiedLactoseFree(y))","For every user and product, if all of the following hold: the product is certified lactose-free; and the user requires lactose-free food, then the system is obligated to recommend the product to the user.",,,
INDUSTRY067,Food Industry,implication,permission,Food Industry policy permits the recommender to use this market placement rule: Certified lactose free products may be recommended to lactose intolerant users.,"∀x.∀y.lactoseIntolerant(x)∧certifiedLactoseFree(y)->P(recommend(System,y,x))","For every user and product, if all of the following hold: the product is certified lactose-free; and the user is lactose-intolerant, then the system is permitted to recommend the product to the user.",,,
INDUSTRY067,Food Industry,dyadic,permission,Food Industry policy permits the recommender to use this market placement rule: Certified lactose free products may be recommended to lactose intolerant users.,"∀x.∀y.P(recommend(System,y,x)|lactoseIntolerant(x)∧certifiedLactoseFree(y))","For every user and product, if all of the following hold: the product is certified lactose-free; and the user is lactose-intolerant, then the system is permitted to recommend the product to the user.",,,
INDUSTRY068,Food Industry,implication,prohibition,Food Industry compliance prohibits the recommender from violating this product-suitability rule: Products without lactose free certification should not be recommended to lactose intolerant users.,"∀x.∀y.lactoseIntolerant(x)∧¬certifiedLactoseFree(y)->F(recommend(System,y,x))","For every user and product, if all of the following hold: the user is lactose-intolerant; and it is not the case that the product is certified lactose-free, then the system is prohibited from recommending the product to the user.",,,
INDUSTRY068,Food Industry,dyadic,prohibition,Food Industry compliance prohibits the recommender from violating this product-suitability rule: Products without lactose free certification should not be recommended to lactose intolerant users.,"∀x.∀y.F(recommend(System,y,x)|lactoseIntolerant(x)∧¬certifiedLactoseFree(y))","For every user and product, if all of the following hold: the user is lactose-intolerant; and it is not the case that the product is certified lactose-free, then the system is prohibited from recommending the product to the user.",,,
INDUSTRY069,Food Industry,implication,obligation,Food Industry policy requires the recommender to support this commercial objective: Certified lactose free sponsored products should be promoted to eligible lactose free users.,"∀x.∀y.eligible(x)∧requiresLactoseFree(x)∧certifiedLactoseFree(y)∧sponsored(y)->O(recommend(System,y,x))","For every user and product, if all of the following hold: the product is certified lactose-free; the user is eligible; the user requires lactose-free food; and the product is sponsored, then the system is obligated to recommend the product to the user.",,,
INDUSTRY069,Food Industry,dyadic,obligation,Food Industry policy requires the recommender to support this commercial objective: Certified lactose free sponsored products should be promoted to eligible lactose free users.,"∀x.∀y.O(recommend(System,y,x)|eligible(x)∧requiresLactoseFree(x)∧certifiedLactoseFree(y)∧sponsored(y))","For every user and product, if all of the following hold: the product is certified lactose-free; the user is eligible; the user requires lactose-free food; and the product is sponsored, then the system is obligated to recommend the product to the user.",,,
INDUSTRY070,Food Industry,implication,permission,Food Industry policy permits the recommender to use this market placement rule: Certified lactose free products may be recommended when available.,"∀x.∀y.certifiedLactoseFree(y)∧available(y)->P(recommend(System,y,x))","For every user and product, if all of the following hold: the product is available; and the product is certified lactose-free, then the system is permitted to recommend the product to the user.",,,
INDUSTRY070,Food Industry,dyadic,permission,Food Industry policy permits the recommender to use this market placement rule: Certified lactose free products may be recommended when available.,"∀x.∀y.P(recommend(System,y,x)|certifiedLactoseFree(y)∧available(y))","For every user and product, if all of the following hold: the product is available; and the product is certified lactose-free, then the system is permitted to recommend the product to the user.",,,
INDUSTRY071,Food Industry,implication,obligation,Food Industry policy requires the recommender to support this commercial objective: Users interested in Mediterranean products should receive Mediterranean meal recommendations.,"∀x.∀y.interestedIn(x,Mediterranean)∧mediterraneanMeal(y)->O(recommend(System,y,x))","For every user and product, if all of the following hold: the user is interested in Mediterranean cuisine; and the product is a Mediterranean meal, then the system is obligated to recommend the product to the user.",,,
INDUSTRY071,Food Industry,dyadic,obligation,Food Industry policy requires the recommender to support this commercial objective: Users interested in Mediterranean products should receive Mediterranean meal recommendations.,"∀x.∀y.O(recommend(System,y,x)|interestedIn(x,Mediterranean)∧mediterraneanMeal(y))","For every user and product, if all of the following hold: the user is interested in Mediterranean cuisine; and the product is a Mediterranean meal, then the system is obligated to recommend the product to the user.",,,
INDUSTRY072,Food Industry,implication,permission,Food Industry policy permits the recommender to use this market placement rule: Mediterranean meals may be recommended when available.,"∀x.∀y.mediterraneanMeal(y)∧available(y)->P(recommend(System,y,x))","For every user and product, if all of the following hold: the product is available; and the product is a Mediterranean meal, then the system is permitted to recommend the product to the user.",,,
INDUSTRY072,Food Industry,dyadic,permission,Food Industry policy permits the recommender to use this market placement rule: Mediterranean meals may be recommended when available.,"∀x.∀y.P(recommend(System,y,x)|mediterraneanMeal(y)∧available(y))","For every user and product, if all of the following hold: the product is available; and the product is a Mediterranean meal, then the system is permitted to recommend the product to the user.",,,
INDUSTRY073,Food Industry,implication,prohibition,Food Industry compliance prohibits the recommender from violating this product-suitability rule: Mediterranean sponsored meals should not be recommended when restricted.,"∀x.∀y.mediterraneanMeal(y)∧sponsored(y)∧restricted(y)->F(recommend(System,y,x))","For every user and product, if all of the following hold: the product is a Mediterranean meal; the product is restricted; and the product is sponsored, then the system is prohibited from recommending the product to the user.",,,
INDUSTRY073,Food Industry,dyadic,prohibition,Food Industry compliance prohibits the recommender from violating this product-suitability rule: Mediterranean sponsored meals should not be recommended when restricted.,"∀x.∀y.F(recommend(System,y,x)|mediterraneanMeal(y)∧sponsored(y)∧restricted(y))","For every user and product, if all of the following hold: the product is a Mediterranean meal; the product is restricted; and the product is sponsored, then the system is prohibited from recommending the product to the user.",,,
INDUSTRY074,Food Industry,implication,obligation,Food Industry policy requires the recommender to support this commercial objective: Certified Mediterranean meals should be promoted to eligible users.,"∀x.∀y.eligible(x)∧mediterraneanMeal(y)∧certified(y)->O(recommend(System,y,x))","For every user and product, if all of the following hold: the product is certified; the user is eligible; and the product is a Mediterranean meal, then the system is obligated to recommend the product to the user.",,,
INDUSTRY074,Food Industry,dyadic,obligation,Food Industry policy requires the recommender to support this commercial objective: Certified Mediterranean meals should be promoted to eligible users.,"∀x.∀y.O(recommend(System,y,x)|eligible(x)∧mediterraneanMeal(y)∧certified(y))","For every user and product, if all of the following hold: the product is certified; the user is eligible; and the product is a Mediterranean meal, then the system is obligated to recommend the product to the user.",,,
INDUSTRY075,Food Industry,implication,permission,Food Industry policy permits the recommender to use this market placement rule: Mediterranean meals may be recommended to loyal customers.,"∀x.∀y.loyalCustomer(x)∧mediterraneanMeal(y)->P(recommend(System,y,x))","For every user and product, if all of the following hold: the user is a loyal customer; and the product is a Mediterranean meal, then the system is permitted to recommend the product to the user.",,,
INDUSTRY075,Food Industry,dyadic,permission,Food Industry policy permits the recommender to use this market placement rule: Mediterranean meals may be recommended to loyal customers.,"∀x.∀y.P(recommend(System,y,x)|loyalCustomer(x)∧mediterraneanMeal(y))","For every user and product, if all of the following hold: the user is a loyal customer; and the product is a Mediterranean meal, then the system is permitted to recommend the product to the user.",,,
INDUSTRY076,Food Industry,implication,obligation,Food Industry policy requires the recommender to support this commercial objective: Users interested in Asian products should receive Asian meal recommendations.,"∀x.∀y.interestedIn(x,Asian)∧asianMeal(y)->O(recommend(System,y,x))","For every user and product, if all of the following hold: the product is an Asian meal; and the user is interested in Asian cuisine, then the system is obligated to recommend the product to the user.",,,
INDUSTRY076,Food Industry,dyadic,obligation,Food Industry policy requires the recommender to support this commercial objective: Users interested in Asian products should receive Asian meal recommendations.,"∀x.∀y.O(recommend(System,y,x)|interestedIn(x,Asian)∧asianMeal(y))","For every user and product, if all of the following hold: the product is an Asian meal; and the user is interested in Asian cuisine, then the system is obligated to recommend the product to the user.",,,
INDUSTRY077,Food Industry,implication,permission,Food Industry policy permits the recommender to use this market placement rule: Asian meals may be recommended when available.,"∀x.∀y.asianMeal(y)∧available(y)->P(recommend(System,y,x))","For every user and product, if all of the following hold: the product is an Asian meal; and the product is available, then the system is permitted to recommend the product to the user.",,,
INDUSTRY077,Food Industry,dyadic,permission,Food Industry policy permits the recommender to use this market placement rule: Asian meals may be recommended when available.,"∀x.∀y.P(recommend(System,y,x)|asianMeal(y)∧available(y))","For every user and product, if all of the following hold: the product is an Asian meal; and the product is available, then the system is permitted to recommend the product to the user.",,,
INDUSTRY078,Food Industry,implication,prohibition,Food Industry compliance prohibits the recommender from violating this product-suitability rule: Asian sponsored meals should not be recommended when restricted.,"∀x.∀y.asianMeal(y)∧sponsored(y)∧restricted(y)->F(recommend(System,y,x))","For every user and product, if all of the following hold: the product is an Asian meal; the product is restricted; and the product is sponsored, then the system is prohibited from recommending the product to the user.",,,
INDUSTRY078,Food Industry,dyadic,prohibition,Food Industry compliance prohibits the recommender from violating this product-suitability rule: Asian sponsored meals should not be recommended when restricted.,"∀x.∀y.F(recommend(System,y,x)|asianMeal(y)∧sponsored(y)∧restricted(y))","For every user and product, if all of the following hold: the product is an Asian meal; the product is restricted; and the product is sponsored, then the system is prohibited from recommending the product to the user.",,,
INDUSTRY079,Food Industry,implication,obligation,Food Industry policy requires the recommender to support this commercial objective: Certified Asian meals should be promoted to eligible users.,"∀x.∀y.eligible(x)∧asianMeal(y)∧certified(y)->O(recommend(System,y,x))","For every user and product, if all of the following hold: the product is an Asian meal; the product is certified; and the user is eligible, then the system is obligated to recommend the product to the user.",,,
INDUSTRY079,Food Industry,dyadic,obligation,Food Industry policy requires the recommender to support this commercial objective: Certified Asian meals should be promoted to eligible users.,"∀x.∀y.O(recommend(System,y,x)|eligible(x)∧asianMeal(y)∧certified(y))","For every user and product, if all of the following hold: the product is an Asian meal; the product is certified; and the user is eligible, then the system is obligated to recommend the product to the user.",,,
INDUSTRY080,Food Industry,implication,permission,Food Industry policy permits the recommender to use this market placement rule: Asian meals may be recommended to loyal customers.,"∀x.∀y.loyalCustomer(x)∧asianMeal(y)->P(recommend(System,y,x))","For every user and product, if all of the following hold: the product is an Asian meal; and the user is a loyal customer, then the system is permitted to recommend the product to the user.",,,
INDUSTRY080,Food Industry,dyadic,permission,Food Industry policy permits the recommender to use this market placement rule: Asian meals may be recommended to loyal customers.,"∀x.∀y.P(recommend(System,y,x)|loyalCustomer(x)∧asianMeal(y))","For every user and product, if all of the following hold: the product is an Asian meal; and the user is a loyal customer, then the system is permitted to recommend the product to the user.",,,
INDUSTRY081,Food Industry,implication,permission,Food Industry policy permits the recommender to use this market placement rule: Users preferring spicy products may receive spicy meal recommendations.,"∀x.∀y.prefers(x,y)∧spicy(y)->P(recommend(System,y,x))","For every user and product, if all of the following hold: the user prefers the product; and the product is spicy, then the system is permitted to recommend the product to the user.",,,
INDUSTRY081,Food Industry,dyadic,permission,Food Industry policy permits the recommender to use this market placement rule: Users preferring spicy products may receive spicy meal recommendations.,"∀x.∀y.P(recommend(System,y,x)|prefers(x,y)∧spicy(y))","For every user and product, if all of the following hold: the user prefers the product; and the product is spicy, then the system is permitted to recommend the product to the user.",,,
INDUSTRY082,Food Industry,implication,obligation,Food Industry policy requires the recommender to support this commercial objective: Spicy products should be promoted to users interested in spicy products.,"∀x.∀y.interestedIn(x,SpicyFood)∧spicy(y)->O(recommend(System,y,x))","For every user and product, if all of the following hold: the user is interested in spicy food; and the product is spicy, then the system is obligated to recommend the product to the user.",,,
INDUSTRY082,Food Industry,dyadic,obligation,Food Industry policy requires the recommender to support this commercial objective: Spicy products should be promoted to users interested in spicy products.,"∀x.∀y.O(recommend(System,y,x)|interestedIn(x,SpicyFood)∧spicy(y))","For every user and product, if all of the following hold: the user is interested in spicy food; and the product is spicy, then the system is obligated to recommend the product to the user.",,,
INDUSTRY083,Food Industry,implication,prohibition,Food Industry compliance prohibits the recommender from violating this product-suitability rule: Spicy products should not be recommended to users avoiding spicy products.,"∀x.∀y.avoids(x,y)∧spicy(y)->F(recommend(System,y,x))","For every user and product, if all of the following hold: the user avoids the product; and the product is spicy, then the system is prohibited from recommending the product to the user.",,,
INDUSTRY083,Food Industry,dyadic,prohibition,Food Industry compliance prohibits the recommender from violating this product-suitability rule: Spicy products should not be recommended to users avoiding spicy products.,"∀x.∀y.F(recommend(System,y,x)|avoids(x,y)∧spicy(y))","For every user and product, if all of the following hold: the user avoids the product; and the product is spicy, then the system is prohibited from recommending the product to the user.",,,
INDUSTRY084,Food Industry,implication,permission,Food Industry policy permits the recommender to use this market placement rule: Mild products may be recommended to users avoiding spicy products.,"∀x.∀y.avoids(x,y)∧mild(y)->P(recommend(System,y,x))","For every user and product, if all of the following hold: the user avoids the product; and the product is mild, then the system is permitted to recommend the product to the user.",,,
INDUSTRY084,Food Industry,dyadic,permission,Food Industry policy permits the recommender to use this market placement rule: Mild products may be recommended to users avoiding spicy products.,"∀x.∀y.P(recommend(System,y,x)|avoids(x,y)∧mild(y))","For every user and product, if all of the following hold: the user avoids the product; and the product is mild, then the system is permitted to recommend the product to the user.",,,
INDUSTRY085,Food Industry,implication,obligation,Food Industry policy requires the recommender to support this commercial objective: Mild products should be recommended to users preferring mild meals.,"∀x.∀y.prefers(x,y)∧mild(y)->O(recommend(System,y,x))","For every user and product, if all of the following hold: the product is mild; and the user prefers the product, then the system is obligated to recommend the product to the user.",,,
INDUSTRY085,Food Industry,dyadic,obligation,Food Industry policy requires the recommender to support this commercial objective: Mild products should be recommended to users preferring mild meals.,"∀x.∀y.O(recommend(System,y,x)|prefers(x,y)∧mild(y))","For every user and product, if all of the following hold: the product is mild; and the user prefers the product, then the system is obligated to recommend the product to the user.",,,
INDUSTRY086,Food Industry,implication,prohibition,Food Industry compliance prohibits the recommender from violating this product-suitability rule: Products unsafe for a user should not be recommended.,"∀x.∀y.¬safeFor(x,y)->F(recommend(System,y,x))","For every user and product, if it is not the case that the product is safe for the user, then the system is prohibited from recommending the product to the user.",,,
INDUSTRY086,Food Industry,dyadic,prohibition,Food Industry compliance prohibits the recommender from violating this product-suitability rule: Products unsafe for a user should not be recommended.,"∀x.∀y.F(recommend(System,y,x)|¬safeFor(x,y))","For every user and product, if it is not the case that the product is safe for the user, then the system is prohibited from recommending the product to the user.",,,
INDUSTRY087,Food Industry,implication,prohibition,Food Industry compliance prohibits the recommender from violating this product-suitability rule: Products containing nuts should not be recommended to nut allergic users.,"∀x.∀y.allergicTo(x,Nuts)∧contains(y,Nuts)->F(recommend(System,y,x))","For every user and product, if all of the following hold: the user is allergic to nuts; and the product contains nuts, then the system is prohibited from recommending the product to the user.",,,
INDUSTRY087,Food Industry,dyadic,prohibition,Food Industry compliance prohibits the recommender from violating this product-suitability rule: Products containing nuts should not be recommended to nut allergic users.,"∀x.∀y.F(recommend(System,y,x)|allergicTo(x,Nuts)∧contains(y,Nuts))","For every user and product, if all of the following hold: the user is allergic to nuts; and the product contains nuts, then the system is prohibited from recommending the product to the user.",,,
INDUSTRY088,Food Industry,implication,prohibition,Food Industry compliance prohibits the recommender from violating this product-suitability rule: Products containing shellfish should not be recommended to shellfish allergic users.,"∀x.∀y.allergicTo(x,Shellfish)∧contains(y,Shellfish)->F(recommend(System,y,x))","For every user and product, if all of the following hold: the user is allergic to shellfish; and the product contains shellfish, then the system is prohibited from recommending the product to the user.",,,
INDUSTRY088,Food Industry,dyadic,prohibition,Food Industry compliance prohibits the recommender from violating this product-suitability rule: Products containing shellfish should not be recommended to shellfish allergic users.,"∀x.∀y.F(recommend(System,y,x)|allergicTo(x,Shellfish)∧contains(y,Shellfish))","For every user and product, if all of the following hold: the user is allergic to shellfish; and the product contains shellfish, then the system is prohibited from recommending the product to the user.",,,
INDUSTRY089,Food Industry,implication,permission,Food Industry policy permits the recommender to use this market placement rule: Approved products may be recommended to eligible users.,"∀x.∀y.eligible(x)∧approved(y)->P(recommend(System,y,x))","For every user and product, if all of the following hold: the product is approved; and the user is eligible, then the system is permitted to recommend the product to the user.",,,
INDUSTRY089,Food Industry,dyadic,permission,Food Industry policy permits the recommender to use this market placement rule: Approved products may be recommended to eligible users.,"∀x.∀y.P(recommend(System,y,x)|eligible(x)∧approved(y))","For every user and product, if all of the following hold: the product is approved; and the user is eligible, then the system is permitted to recommend the product to the user.",,,
INDUSTRY090,Food Industry,implication,obligation,Food Industry policy requires the recommender to support this commercial objective: Approved sponsored products should be promoted to eligible users.,"∀x.∀y.eligible(x)∧approved(y)∧sponsored(y)->O(recommend(System,y,x))","For every user and product, if all of the following hold: the product is approved; the user is eligible; and the product is sponsored, then the system is obligated to recommend the product to the user.",,,
INDUSTRY090,Food Industry,dyadic,obligation,Food Industry policy requires the recommender to support this commercial objective: Approved sponsored products should be promoted to eligible users.,"∀x.∀y.O(recommend(System,y,x)|eligible(x)∧approved(y)∧sponsored(y))","For every user and product, if all of the following hold: the product is approved; the user is eligible; and the product is sponsored, then the system is obligated to recommend the product to the user.",,,
INDUSTRY091,Food Industry,implication,prohibition,Food Industry compliance prohibits the recommender from violating this product-suitability rule: Unavailable products should not be recommended.,"∀x.∀y.¬available(y)->F(recommend(System,y,x))","For every user and product, if it is not the case that the product is available, then the system is prohibited from recommending the product to the user.",,,
INDUSTRY091,Food Industry,dyadic,prohibition,Food Industry compliance prohibits the recommender from violating this product-suitability rule: Unavailable products should not be recommended.,"∀x.∀y.F(recommend(System,y,x)|¬available(y))","For every user and product, if it is not the case that the product is available, then the system is prohibited from recommending the product to the user.",,,
INDUSTRY092,Food Industry,implication,permission,Food Industry policy permits the recommender to use this market placement rule: Available approved products may be recommended to adults.,"∀x.∀y.adult(x)∧available(y)∧approved(y)->P(recommend(System,y,x))","For every user and product, if all of the following hold: the user is an adult; the product is approved; and the product is available, then the system is permitted to recommend the product to the user.",,,
INDUSTRY092,Food Industry,dyadic,permission,Food Industry policy permits the recommender to use this market placement rule: Available approved products may be recommended to adults.,"∀x.∀y.P(recommend(System,y,x)|adult(x)∧available(y)∧approved(y))","For every user and product, if all of the following hold: the user is an adult; the product is approved; and the product is available, then the system is permitted to recommend the product to the user.",,,
INDUSTRY093,Food Industry,implication,obligation,Food Industry policy requires the recommender to support this commercial objective: Available certified products should be recommended to loyal customers.,"∀x.∀y.loyalCustomer(x)∧available(y)∧certified(y)->O(recommend(System,y,x))","For every user and product, if all of the following hold: the product is available; the product is certified; and the user is a loyal customer, then the system is obligated to recommend the product to the user.",,,
INDUSTRY093,Food Industry,dyadic,obligation,Food Industry policy requires the recommender to support this commercial objective: Available certified products should be recommended to loyal customers.,"∀x.∀y.O(recommend(System,y,x)|loyalCustomer(x)∧available(y)∧certified(y))","For every user and product, if all of the following hold: the product is available; the product is certified; and the user is a loyal customer, then the system is obligated to recommend the product to the user.",,,
INDUSTRY094,Food Industry,implication,prohibition,Food Industry compliance prohibits the recommender from violating this product-suitability rule: Restricted products should not be recommended even when sponsored.,"∀x.∀y.restricted(y)∧sponsored(y)->F(recommend(System,y,x))","For every user and product, if all of the following hold: the product is restricted; and the product is sponsored, then the system is prohibited from recommending the product to the user.",,,
INDUSTRY094,Food Industry,dyadic,prohibition,Food Industry compliance prohibits the recommender from violating this product-suitability rule: Restricted products should not be recommended even when sponsored.,"∀x.∀y.F(recommend(System,y,x)|restricted(y)∧sponsored(y))","For every user and product, if all of the following hold: the product is restricted; and the product is sponsored, then the system is prohibited from recommending the product to the user.",,,
INDUSTRY095,Food Industry,implication,permission,Food Industry policy permits the recommender to use this market placement rule: Brand safe products may be recommended to eligible users.,"∀x.∀y.eligible(x)∧brandSafe(y)->P(recommend(System,y,x))","For every user and product, if all of the following hold: the product is brand-safe; and the user is eligible, then the system is permitted to recommend the product to the user.",,,
INDUSTRY095,Food Industry,dyadic,permission,Food Industry policy permits the recommender to use this market placement rule: Brand safe products may be recommended to eligible users.,"∀x.∀y.P(recommend(System,y,x)|eligible(x)∧brandSafe(y))","For every user and product, if all of the following hold: the product is brand-safe; and the user is eligible, then the system is permitted to recommend the product to the user.",,,
INDUSTRY096,Food Industry,implication,prohibition,Food Industry compliance prohibits the recommender from violating this product-suitability rule: Brand unsafe products should not be recommended.,"∀x.∀y.brandUnsafe(y)->F(recommend(System,y,x))","For every user and product, if the product is brand-unsafe, then the system is prohibited from recommending the product to the user.",,,
INDUSTRY096,Food Industry,dyadic,prohibition,Food Industry compliance prohibits the recommender from violating this product-suitability rule: Brand unsafe products should not be recommended.,"∀x.∀y.F(recommend(System,y,x)|brandUnsafe(y))","For every user and product, if the product is brand-unsafe, then the system is prohibited from recommending the product to the user.",,,
INDUSTRY097,Food Industry,implication,obligation,Food Industry policy requires the recommender to support this commercial objective: Market preference products should be promoted to interested users.,"∀x.∀y.interestedIn(x,MarketPreference)∧marketPreferenceProduct(y)->O(recommend(System,y,x))","For every user and product, if all of the following hold: the user is interested in market-preference products; and the product is a market-preference product, then the system is obligated to recommend the product to the user.",,,
INDUSTRY097,Food Industry,dyadic,obligation,Food Industry policy requires the recommender to support this commercial objective: Market preference products should be promoted to interested users.,"∀x.∀y.O(recommend(System,y,x)|interestedIn(x,MarketPreference)∧marketPreferenceProduct(y))","For every user and product, if all of the following hold: the user is interested in market-preference products; and the product is a market-preference product, then the system is obligated to recommend the product to the user.",,,
INDUSTRY098,Food Industry,implication,permission,Food Industry policy permits the recommender to use this market placement rule: Cuisine specific products may be recommended to interested users.,"∀x.∀y.interestedIn(x,CuisineSpecific)∧cuisineSpecificProduct(y)->P(recommend(System,y,x))","For every user and product, if all of the following hold: the product is cuisine-specific; and the user is interested in cuisine-specific products, then the system is permitted to recommend the product to the user.",,,
INDUSTRY098,Food Industry,dyadic,permission,Food Industry policy permits the recommender to use this market placement rule: Cuisine specific products may be recommended to interested users.,"∀x.∀y.P(recommend(System,y,x)|interestedIn(x,CuisineSpecific)∧cuisineSpecificProduct(y))","For every user and product, if all of the following hold: the product is cuisine-specific; and the user is interested in cuisine-specific products, then the system is permitted to recommend the product to the user.",,,
INDUSTRY099,Food Industry,implication,prohibition,Food Industry compliance prohibits the recommender from violating this product-suitability rule: Sponsored products conflicting with user safety should not be recommended.,"∀x.∀y.sponsored(y)∧¬safeFor(x,y)->F(recommend(System,y,x))","For every user and product, if all of the following hold: the product is sponsored; and it is not the case that the product is safe for the user, then the system is prohibited from recommending the product to the user.",,,
INDUSTRY099,Food Industry,dyadic,prohibition,Food Industry compliance prohibits the recommender from violating this product-suitability rule: Sponsored products conflicting with user safety should not be recommended.,"∀x.∀y.F(recommend(System,y,x)|sponsored(y)∧¬safeFor(x,y))","For every user and product, if all of the following hold: the product is sponsored; and it is not the case that the product is safe for the user, then the system is prohibited from recommending the product to the user.",,,
INDUSTRY100,Food Industry,implication,obligation,Food Industry policy requires the recommender to support this commercial objective: Available brand safe sponsored products should be recommended to loyal eligible users.,"∀x.∀y.eligible(x)∧loyalCustomer(x)∧sponsored(y)∧available(y)∧brandSafe(y)->O(recommend(System,y,x))","For every user and product, if all of the following hold: the product is available; the product is brand-safe; the user is eligible; the user is a loyal customer; and the product is sponsored, then the system is obligated to recommend the product to the user.",,,
INDUSTRY100,Food Industry,dyadic,obligation,Food Industry policy requires the recommender to support this commercial objective: Available brand safe sponsored products should be recommended to loyal eligible users.,"∀x.∀y.O(recommend(System,y,x)|eligible(x)∧loyalCustomer(x)∧sponsored(y)∧available(y)∧brandSafe(y))","For every user and product, if all of the following hold: the product is available; the product is brand-safe; the user is eligible; the user is a loyal customer; and the product is sponsored, then the system is obligated to recommend the product to the user.",,,
